aco_id,par_lbn,aco_name,aco_service_area,agreement_period_num,initial_start_date,current_start_date,reentering_aco,basic_track,basic_track_level,enhanced_track,high_revenue_aco,low_revenue_aco,adv_pay,aim,aip,snf_3day_rule_waiver,prospective_assignment,retrospective_assignment,aco_address,aco_public_reporting_website,aco_exec_name,aco_exec_email,aco_exec_phone,aco_public_name,aco_public_email,aco_public_phone,aco_compliance_contact_name,aco_medical_director_name
A4749,A PRESTIGE WELLNESS CENTER PA,"ACMG Health Systems, Inc.","FL, GA, TX",4,1/1/2020,1/1/2025,1,0,,1,0,1,0,0,0,0,0,1,"806 South Douglas Road, Suite 700, Coral Gables, FL, 33134",https://www.genuinehealthgroup.com/acmg-aco,Roger Rodriguez,rr@genuinehealthgroup.com,(786) 878-5500,Stephany Nino,snino@genuinehealthgroup.com,(786) 878-5505,Manuel Lopez,Pedro Carballo
A4749,BEHNAM BIRGANI DO PA,"ACMG Health Systems, Inc.","FL, GA, TX",4,1/1/2020,1/1/2025,1,0,,1,0,1,0,0,0,0,0,1,"806 South Douglas Road, Suite 700, Coral Gables, FL, 33134",https://www.genuinehealthgroup.com/acmg-aco,Roger Rodriguez,rr@genuinehealthgroup.com,(786) 878-5500,Stephany Nino,snino@genuinehealthgroup.com,(786) 878-5505,Manuel Lopez,Pedro Carballo
A4749,"EFFINGHAM MEDICAL PARTNERS, LLC","ACMG Health Systems, Inc.","FL, GA, TX",4,1/1/2020,1/1/2025,1,0,,1,0,1,0,0,0,0,0,1,"806 South Douglas Road, Suite 700, Coral Gables, FL, 33134",https://www.genuinehealthgroup.com/acmg-aco,Roger Rodriguez,rr@genuinehealthgroup.com,(786) 878-5500,Stephany Nino,snino@genuinehealthgroup.com,(786) 878-5505,Manuel Lopez,Pedro Carballo
A4749,"FAMILY HEALTH CENTERS, INC.","ACMG Health Systems, Inc.","FL, GA, TX",4,1/1/2020,1/1/2025,1,0,,1,0,1,0,0,0,0,0,1,"806 South Douglas Road, Suite 700, Coral Gables, FL, 33134",https://www.genuinehealthgroup.com/acmg-aco,Roger Rodriguez,rr@genuinehealthgroup.com,(786) 878-5500,Stephany Nino,snino@genuinehealthgroup.com,(786) 878-5505,Manuel Lopez,Pedro Carballo
A4749,FLORIDA PHYSICIANS GROUP INC,"ACMG Health Systems, Inc.","FL, GA, TX",4,1/1/2020,1/1/2025,1,0,,1,0,1,0,0,0,0,0,1,"806 South Douglas Road, Suite 700, Coral Gables, FL, 33134",https://www.genuinehealthgroup.com/acmg-aco,Roger Rodriguez,rr@genuinehealthgroup.com,(786) 878-5500,Stephany Nino,snino@genuinehealthgroup.com,(786) 878-5505,Manuel Lopez,Pedro Carballo
A4749,GRISEL MAC WILLIAMS MD PA,"ACMG Health Systems, Inc.","FL, GA, TX",4,1/1/2020,1/1/2025,1,0,,1,0,1,0,0,0,0,0,1,"806 South Douglas Road, Suite 700, Coral Gables, FL, 33134",https://www.genuinehealthgroup.com/acmg-aco,Roger Rodriguez,rr@genuinehealthgroup.com,(786) 878-5500,Stephany Nino,snino@genuinehealthgroup.com,(786) 878-5505,Manuel Lopez,Pedro Carballo
A4749,INTEGRAL MEDICINE GROUP INC,"ACMG Health Systems, Inc.","FL, GA, TX",4,1/1/2020,1/1/2025,1,0,,1,0,1,0,0,0,0,0,1,"806 South Douglas Road, Suite 700, Coral Gables, FL, 33134",https://www.genuinehealthgroup.com/acmg-aco,Roger Rodriguez,rr@genuinehealthgroup.com,(786) 878-5500,Stephany Nino,snino@genuinehealthgroup.com,(786) 878-5505,Manuel Lopez,Pedro Carballo
A4749,IVAN ESPAILLAT MD PA,"ACMG Health Systems, Inc.","FL, GA, TX",4,1/1/2020,1/1/2025,1,0,,1,0,1,0,0,0,0,0,1,"806 South Douglas Road, Suite 700, Coral Gables, FL, 33134",https://www.genuinehealthgroup.com/acmg-aco,Roger Rodriguez,rr@genuinehealthgroup.com,(786) 878-5500,Stephany Nino,snino@genuinehealthgroup.com,(786) 878-5505,Manuel Lopez,Pedro Carballo
A4749,JEFFREY PAUL GALLY MD PA,"ACMG Health Systems, Inc.","FL, GA, TX",4,1/1/2020,1/1/2025,1,0,,1,0,1,0,0,0,0,0,1,"806 South Douglas Road, Suite 700, Coral Gables, FL, 33134",https://www.genuinehealthgroup.com/acmg-aco,Roger Rodriguez,rr@genuinehealthgroup.com,(786) 878-5500,Stephany Nino,snino@genuinehealthgroup.com,(786) 878-5505,Manuel Lopez,Pedro Carballo
A4749,"JOSEFINA LOZANO, MD, PLLC","ACMG Health Systems, Inc.","FL, GA, TX",4,1/1/2020,1/1/2025,1,0,,1,0,1,0,0,0,0,0,1,"806 South Douglas Road, Suite 700, Coral Gables, FL, 33134",https://www.genuinehealthgroup.com/acmg-aco,Roger Rodriguez,rr@genuinehealthgroup.com,(786) 878-5500,Stephany Nino,snino@genuinehealthgroup.com,(786) 878-5505,Manuel Lopez,Pedro Carballo
A4749,"MEDICAL CLINIC OF HOUSTON, LLP","ACMG Health Systems, Inc.","FL, GA, TX",4,1/1/2020,1/1/2025,1,0,,1,0,1,0,0,0,0,0,1,"806 South Douglas Road, Suite 700, Coral Gables, FL, 33134",https://www.genuinehealthgroup.com/acmg-aco,Roger Rodriguez,rr@genuinehealthgroup.com,(786) 878-5500,Stephany Nino,snino@genuinehealthgroup.com,(786) 878-5505,Manuel Lopez,Pedro Carballo
A4749,PASTOR M. TORRES M.D. P.A.,"ACMG Health Systems, Inc.","FL, GA, TX",4,1/1/2020,1/1/2025,1,0,,1,0,1,0,0,0,0,0,1,"806 South Douglas Road, Suite 700, Coral Gables, FL, 33134",https://www.genuinehealthgroup.com/acmg-aco,Roger Rodriguez,rr@genuinehealthgroup.com,(786) 878-5500,Stephany Nino,snino@genuinehealthgroup.com,(786) 878-5505,Manuel Lopez,Pedro Carballo
A4749,PEDRO P CARBALLO MD PA,"ACMG Health Systems, Inc.","FL, GA, TX",4,1/1/2020,1/1/2025,1,0,,1,0,1,0,0,0,0,0,1,"806 South Douglas Road, Suite 700, Coral Gables, FL, 33134",https://www.genuinehealthgroup.com/acmg-aco,Roger Rodriguez,rr@genuinehealthgroup.com,(786) 878-5500,Stephany Nino,snino@genuinehealthgroup.com,(786) 878-5505,Manuel Lopez,Pedro Carballo
A4749,"RAMON M GARCIA-SEPTIEN, MD ,PA","ACMG Health Systems, Inc.","FL, GA, TX",4,1/1/2020,1/1/2025,1,0,,1,0,1,0,0,0,0,0,1,"806 South Douglas Road, Suite 700, Coral Gables, FL, 33134",https://www.genuinehealthgroup.com/acmg-aco,Roger Rodriguez,rr@genuinehealthgroup.com,(786) 878-5500,Stephany Nino,snino@genuinehealthgroup.com,(786) 878-5505,Manuel Lopez,Pedro Carballo
A4749,ROMEO E ROJAS MD PA,"ACMG Health Systems, Inc.","FL, GA, TX",4,1/1/2020,1/1/2025,1,0,,1,0,1,0,0,0,0,0,1,"806 South Douglas Road, Suite 700, Coral Gables, FL, 33134",https://www.genuinehealthgroup.com/acmg-aco,Roger Rodriguez,rr@genuinehealthgroup.com,(786) 878-5500,Stephany Nino,snino@genuinehealthgroup.com,(786) 878-5505,Manuel Lopez,Pedro Carballo
A4749,VICTOR PAZOS MD PA,"ACMG Health Systems, Inc.","FL, GA, TX",4,1/1/2020,1/1/2025,1,0,,1,0,1,0,0,0,0,0,1,"806 South Douglas Road, Suite 700, Coral Gables, FL, 33134",https://www.genuinehealthgroup.com/acmg-aco,Roger Rodriguez,rr@genuinehealthgroup.com,(786) 878-5500,Stephany Nino,snino@genuinehealthgroup.com,(786) 878-5505,Manuel Lopez,Pedro Carballo
A5002,AMITY MEDICAL GROUP INC,Aledade 102 NC TN CHC MSSP Enhanced,"NC, TN",4,1/1/2022,1/1/2025,1,0,,1,0,1,0,0,0,0,0,1,"4550 Montgomery Ave, Suite 950N, Bethesda, MD, 20814",https://aledade.com/nc-tn-mssp-community-health-center/,Alexander Mullineaux,amullineaux@aledade.com,(202) 803-7979,Travis Broome,travis@aledade.com,(202) 803-7979,Jillyan Bacallao,Israel Mendez
A5002,APPALACHIAN MOUNTAIN COMMUNITY HEALTH CENTERS,Aledade 102 NC TN CHC MSSP Enhanced,"NC, TN",4,1/1/2022,1/1/2025,1,0,,1,0,1,0,0,0,0,0,1,"4550 Montgomery Ave, Suite 950N, Bethesda, MD, 20814",https://aledade.com/nc-tn-mssp-community-health-center/,Alexander Mullineaux,amullineaux@aledade.com,(202) 803-7979,Travis Broome,travis@aledade.com,(202) 803-7979,Jillyan Bacallao,Israel Mendez
A5002,BERTIE COUNTY RURAL HEALTH ASSOCIATION,Aledade 102 NC TN CHC MSSP Enhanced,"NC, TN",4,1/1/2022,1/1/2025,1,0,,1,0,1,0,0,0,0,0,1,"4550 Montgomery Ave, Suite 950N, Bethesda, MD, 20814",https://aledade.com/nc-tn-mssp-community-health-center/,Alexander Mullineaux,amullineaux@aledade.com,(202) 803-7979,Travis Broome,travis@aledade.com,(202) 803-7979,Jillyan Bacallao,Israel Mendez
A5002,"CABARRUS ROWAN COMMUNITY HEALTH CENTERS, INC.",Aledade 102 NC TN CHC MSSP Enhanced,"NC, TN",4,1/1/2022,1/1/2025,1,0,,1,0,1,0,0,0,0,0,1,"4550 Montgomery Ave, Suite 950N, Bethesda, MD, 20814",https://aledade.com/nc-tn-mssp-community-health-center/,Alexander Mullineaux,amullineaux@aledade.com,(202) 803-7979,Travis Broome,travis@aledade.com,(202) 803-7979,Jillyan Bacallao,Israel Mendez
A5002,"CHARLOTTE COMMUNITY HEALTH CLINIC, INC.",Aledade 102 NC TN CHC MSSP Enhanced,"NC, TN",4,1/1/2022,1/1/2025,1,0,,1,0,1,0,0,0,0,0,1,"4550 Montgomery Ave, Suite 950N, Bethesda, MD, 20814",https://aledade.com/nc-tn-mssp-community-health-center/,Alexander Mullineaux,amullineaux@aledade.com,(202) 803-7979,Travis Broome,travis@aledade.com,(202) 803-7979,Jillyan Bacallao,Israel Mendez
A5002,CHOTA COMMUNITY HEALTH SERVICES,Aledade 102 NC TN CHC MSSP Enhanced,"NC, TN",4,1/1/2022,1/1/2025,1,0,,1,0,1,0,0,0,0,0,1,"4550 Montgomery Ave, Suite 950N, Bethesda, MD, 20814",https://aledade.com/nc-tn-mssp-community-health-center/,Alexander Mullineaux,amullineaux@aledade.com,(202) 803-7979,Travis Broome,travis@aledade.com,(202) 803-7979,Jillyan Bacallao,Israel Mendez
A5002,CHRIST COMMUNITY HEALTH SERVICES INC.,Aledade 102 NC TN CHC MSSP Enhanced,"NC, TN",4,1/1/2022,1/1/2025,1,0,,1,0,1,0,0,0,0,0,1,"4550 Montgomery Ave, Suite 950N, Bethesda, MD, 20814",https://aledade.com/nc-tn-mssp-community-health-center/,Alexander Mullineaux,amullineaux@aledade.com,(202) 803-7979,Travis Broome,travis@aledade.com,(202) 803-7979,Jillyan Bacallao,Israel Mendez
A5002,COMMUNITY HEALTH OF EAST TENNESSEE INC,Aledade 102 NC TN CHC MSSP Enhanced,"NC, TN",4,1/1/2022,1/1/2025,1,0,,1,0,1,0,0,0,0,0,1,"4550 Montgomery Ave, Suite 950N, Bethesda, MD, 20814",https://aledade.com/nc-tn-mssp-community-health-center/,Alexander Mullineaux,amullineaux@aledade.com,(202) 803-7979,Travis Broome,travis@aledade.com,(202) 803-7979,Jillyan Bacallao,Israel Mendez
A5002,COMPASSION HEALTH CARE INC,Aledade 102 NC TN CHC MSSP Enhanced,"NC, TN",4,1/1/2022,1/1/2025,1,0,,1,0,1,0,0,0,0,0,1,"4550 Montgomery Ave, Suite 950N, Bethesda, MD, 20814",https://aledade.com/nc-tn-mssp-community-health-center/,Alexander Mullineaux,amullineaux@aledade.com,(202) 803-7979,Travis Broome,travis@aledade.com,(202) 803-7979,Jillyan Bacallao,Israel Mendez
A5002,GOSHEN MEDICAL CENTER INCORPORATED,Aledade 102 NC TN CHC MSSP Enhanced,"NC, TN",4,1/1/2022,1/1/2025,1,0,,1,0,1,0,0,0,0,0,1,"4550 Montgomery Ave, Suite 950N, Bethesda, MD, 20814",https://aledade.com/nc-tn-mssp-community-health-center/,Alexander Mullineaux,amullineaux@aledade.com,(202) 803-7979,Travis Broome,travis@aledade.com,(202) 803-7979,Jillyan Bacallao,Israel Mendez
A5002,HARDIN COUNTY REGIONAL HEALTH CENTER,Aledade 102 NC TN CHC MSSP Enhanced,"NC, TN",4,1/1/2022,1/1/2025,1,0,,1,0,1,0,0,0,0,0,1,"4550 Montgomery Ave, Suite 950N, Bethesda, MD, 20814",https://aledade.com/nc-tn-mssp-community-health-center/,Alexander Mullineaux,amullineaux@aledade.com,(202) 803-7979,Travis Broome,travis@aledade.com,(202) 803-7979,Jillyan Bacallao,Israel Mendez
A5002,HOPE FAMILY HEALTH SERVICES,Aledade 102 NC TN CHC MSSP Enhanced,"NC, TN",4,1/1/2022,1/1/2025,1,0,,1,0,1,0,0,0,0,0,1,"4550 Montgomery Ave, Suite 950N, Bethesda, MD, 20814",https://aledade.com/nc-tn-mssp-community-health-center/,Alexander Mullineaux,amullineaux@aledade.com,(202) 803-7979,Travis Broome,travis@aledade.com,(202) 803-7979,Jillyan Bacallao,Israel Mendez
A5002,KINSTON COMMUNITY HEALTH CENTER INC,Aledade 102 NC TN CHC MSSP Enhanced,"NC, TN",4,1/1/2022,1/1/2025,1,0,,1,0,1,0,0,0,0,0,1,"4550 Montgomery Ave, Suite 950N, Bethesda, MD, 20814",https://aledade.com/nc-tn-mssp-community-health-center/,Alexander Mullineaux,amullineaux@aledade.com,(202) 803-7979,Travis Broome,travis@aledade.com,(202) 803-7979,Jillyan Bacallao,Israel Mendez
A5002,METROLINA INTERNAL MEDICINE PA,Aledade 102 NC TN CHC MSSP Enhanced,"NC, TN",4,1/1/2022,1/1/2025,1,0,,1,0,1,0,0,0,0,0,1,"4550 Montgomery Ave, Suite 950N, Bethesda, MD, 20814",https://aledade.com/nc-tn-mssp-community-health-center/,Alexander Mullineaux,amullineaux@aledade.com,(202) 803-7979,Travis Broome,travis@aledade.com,(202) 803-7979,Jillyan Bacallao,Israel Mendez
A5002,METROPOLITAN COMMUNITY HEALTH SERVICES INC,Aledade 102 NC TN CHC MSSP Enhanced,"NC, TN",4,1/1/2022,1/1/2025,1,0,,1,0,1,0,0,0,0,0,1,"4550 Montgomery Ave, Suite 950N, Bethesda, MD, 20814",https://aledade.com/nc-tn-mssp-community-health-center/,Alexander Mullineaux,amullineaux@aledade.com,(202) 803-7979,Travis Broome,travis@aledade.com,(202) 803-7979,Jillyan Bacallao,Israel Mendez
A5002,"OCRACOKE HEALTH CENTER, INC.",Aledade 102 NC TN CHC MSSP Enhanced,"NC, TN",4,1/1/2022,1/1/2025,1,0,,1,0,1,0,0,0,0,0,1,"4550 Montgomery Ave, Suite 950N, Bethesda, MD, 20814",https://aledade.com/nc-tn-mssp-community-health-center/,Alexander Mullineaux,amullineaux@aledade.com,(202) 803-7979,Travis Broome,travis@aledade.com,(202) 803-7979,Jillyan Bacallao,Israel Mendez
A5002,RURAL HEALTH GROUP INC,Aledade 102 NC TN CHC MSSP Enhanced,"NC, TN",4,1/1/2022,1/1/2025,1,0,,1,0,1,0,0,0,0,0,1,"4550 Montgomery Ave, Suite 950N, Bethesda, MD, 20814",https://aledade.com/nc-tn-mssp-community-health-center/,Alexander Mullineaux,amullineaux@aledade.com,(202) 803-7979,Travis Broome,travis@aledade.com,(202) 803-7979,Jillyan Bacallao,Israel Mendez
A5002,"RURAL MEDICAL SERVICES, INC.",Aledade 102 NC TN CHC MSSP Enhanced,"NC, TN",4,1/1/2022,1/1/2025,1,0,,1,0,1,0,0,0,0,0,1,"4550 Montgomery Ave, Suite 950N, Bethesda, MD, 20814",https://aledade.com/nc-tn-mssp-community-health-center/,Alexander Mullineaux,amullineaux@aledade.com,(202) 803-7979,Travis Broome,travis@aledade.com,(202) 803-7979,Jillyan Bacallao,Israel Mendez
A5002,RUTHERFORD COUNTY PRIMARY CARE,Aledade 102 NC TN CHC MSSP Enhanced,"NC, TN",4,1/1/2022,1/1/2025,1,0,,1,0,1,0,0,0,0,0,1,"4550 Montgomery Ave, Suite 950N, Bethesda, MD, 20814",https://aledade.com/nc-tn-mssp-community-health-center/,Alexander Mullineaux,amullineaux@aledade.com,(202) 803-7979,Travis Broome,travis@aledade.com,(202) 803-7979,Jillyan Bacallao,Israel Mendez
A5002,"STEDMAN - WADE HEALTH SERVICES, INC",Aledade 102 NC TN CHC MSSP Enhanced,"NC, TN",4,1/1/2022,1/1/2025,1,0,,1,0,1,0,0,0,0,0,1,"4550 Montgomery Ave, Suite 950N, Bethesda, MD, 20814",https://aledade.com/nc-tn-mssp-community-health-center/,Alexander Mullineaux,amullineaux@aledade.com,(202) 803-7979,Travis Broome,travis@aledade.com,(202) 803-7979,Jillyan Bacallao,Israel Mendez
A5002,TRIAD ADULT AND PEDIATRIC MEDICINE INC,Aledade 102 NC TN CHC MSSP Enhanced,"NC, TN",4,1/1/2022,1/1/2025,1,0,,1,0,1,0,0,0,0,0,1,"4550 Montgomery Ave, Suite 950N, Bethesda, MD, 20814",https://aledade.com/nc-tn-mssp-community-health-center/,Alexander Mullineaux,amullineaux@aledade.com,(202) 803-7979,Travis Broome,travis@aledade.com,(202) 803-7979,Jillyan Bacallao,Israel Mendez
A5002,UNITED HEALTH CENTER,Aledade 102 NC TN CHC MSSP Enhanced,"NC, TN",4,1/1/2022,1/1/2025,1,0,,1,0,1,0,0,0,0,0,1,"4550 Montgomery Ave, Suite 950N, Bethesda, MD, 20814",https://aledade.com/nc-tn-mssp-community-health-center/,Alexander Mullineaux,amullineaux@aledade.com,(202) 803-7979,Travis Broome,travis@aledade.com,(202) 803-7979,Jillyan Bacallao,Israel Mendez
A5002,"UNITED NEIGHBORHOOD HEALTH SERVICES, INC",Aledade 102 NC TN CHC MSSP Enhanced,"NC, TN",4,1/1/2022,1/1/2025,1,0,,1,0,1,0,0,0,0,0,1,"4550 Montgomery Ave, Suite 950N, Bethesda, MD, 20814",https://aledade.com/nc-tn-mssp-community-health-center/,Alexander Mullineaux,amullineaux@aledade.com,(202) 803-7979,Travis Broome,travis@aledade.com,(202) 803-7979,Jillyan Bacallao,Israel Mendez
A5002,"WEST CALDWELL HEALTH COUNCIL, INC.",Aledade 102 NC TN CHC MSSP Enhanced,"NC, TN",4,1/1/2022,1/1/2025,1,0,,1,0,1,0,0,0,0,0,1,"4550 Montgomery Ave, Suite 950N, Bethesda, MD, 20814",https://aledade.com/nc-tn-mssp-community-health-center/,Alexander Mullineaux,amullineaux@aledade.com,(202) 803-7979,Travis Broome,travis@aledade.com,(202) 803-7979,Jillyan Bacallao,Israel Mendez
A5348,"B-K HEALTH CENTER, INC",Aledade 150 PACHC MSSP Enhanced,PA,2,1/1/2024,1/1/2025,0,0,,1,0,1,0,0,0,0,0,1,"4550 Montgomery Ave, Suite 950N, Bethesda, MD, 20814",https://aledade.com/pa-chc-mssp-enhanced/,Jeffrey Mandel,jmandel@aledade.com,(202) 803-7979,Travis Broome,travis@aledade.com,(202) 742-5897,Jillyan Bacallao,Anne-Marie Derrico
A5348,BERKS COMMUNITY HEALTH CENTER,Aledade 150 PACHC MSSP Enhanced,PA,2,1/1/2024,1/1/2025,0,0,,1,0,1,0,0,0,0,0,1,"4550 Montgomery Ave, Suite 950N, Bethesda, MD, 20814",https://aledade.com/pa-chc-mssp-enhanced/,Jeffrey Mandel,jmandel@aledade.com,(202) 803-7979,Travis Broome,travis@aledade.com,(202) 742-5897,Jillyan Bacallao,Anne-Marie Derrico
A5348,BROAD TOP AREA MEDICAL CENTER INC,Aledade 150 PACHC MSSP Enhanced,PA,2,1/1/2024,1/1/2025,0,0,,1,0,1,0,0,0,0,0,1,"4550 Montgomery Ave, Suite 950N, Bethesda, MD, 20814",https://aledade.com/pa-chc-mssp-enhanced/,Jeffrey Mandel,jmandel@aledade.com,(202) 803-7979,Travis Broome,travis@aledade.com,(202) 742-5897,Jillyan Bacallao,Anne-Marie Derrico
A5348,CENTERVILLE CLINICS INC,Aledade 150 PACHC MSSP Enhanced,PA,2,1/1/2024,1/1/2025,0,0,,1,0,1,0,0,0,0,0,1,"4550 Montgomery Ave, Suite 950N, Bethesda, MD, 20814",https://aledade.com/pa-chc-mssp-enhanced/,Jeffrey Mandel,jmandel@aledade.com,(202) 803-7979,Travis Broome,travis@aledade.com,(202) 742-5897,Jillyan Bacallao,Anne-Marie Derrico
A5348,CHESPENN HEALTH SERVICES,Aledade 150 PACHC MSSP Enhanced,PA,2,1/1/2024,1/1/2025,0,0,,1,0,1,0,0,0,0,0,1,"4550 Montgomery Ave, Suite 950N, Bethesda, MD, 20814",https://aledade.com/pa-chc-mssp-enhanced/,Jeffrey Mandel,jmandel@aledade.com,(202) 803-7979,Travis Broome,travis@aledade.com,(202) 742-5897,Jillyan Bacallao,Anne-Marie Derrico
A5348,COMMUNITY HEALTH AND DENTAL CARE INC,Aledade 150 PACHC MSSP Enhanced,PA,2,1/1/2024,1/1/2025,0,0,,1,0,1,0,0,0,0,0,1,"4550 Montgomery Ave, Suite 950N, Bethesda, MD, 20814",https://aledade.com/pa-chc-mssp-enhanced/,Jeffrey Mandel,jmandel@aledade.com,(202) 803-7979,Travis Broome,travis@aledade.com,(202) 742-5897,Jillyan Bacallao,Anne-Marie Derrico
A5348,"COMMUNITY HEALTH CLINIC, INC.",Aledade 150 PACHC MSSP Enhanced,PA,2,1/1/2024,1/1/2025,0,0,,1,0,1,0,0,0,0,0,1,"4550 Montgomery Ave, Suite 950N, Bethesda, MD, 20814",https://aledade.com/pa-chc-mssp-enhanced/,Jeffrey Mandel,jmandel@aledade.com,(202) 803-7979,Travis Broome,travis@aledade.com,(202) 742-5897,Jillyan Bacallao,Anne-Marie Derrico
A5348,COMMUNITY HEALTH NET,Aledade 150 PACHC MSSP Enhanced,PA,2,1/1/2024,1/1/2025,0,0,,1,0,1,0,0,0,0,0,1,"4550 Montgomery Ave, Suite 950N, Bethesda, MD, 20814",https://aledade.com/pa-chc-mssp-enhanced/,Jeffrey Mandel,jmandel@aledade.com,(202) 803-7979,Travis Broome,travis@aledade.com,(202) 742-5897,Jillyan Bacallao,Anne-Marie Derrico
A5348,"DELAWARE VALLEY COMMUNITY HEALTH, INC.",Aledade 150 PACHC MSSP Enhanced,PA,2,1/1/2024,1/1/2025,0,0,,1,0,1,0,0,0,0,0,1,"4550 Montgomery Ave, Suite 950N, Bethesda, MD, 20814",https://aledade.com/pa-chc-mssp-enhanced/,Jeffrey Mandel,jmandel@aledade.com,(202) 803-7979,Travis Broome,travis@aledade.com,(202) 742-5897,Jillyan Bacallao,Anne-Marie Derrico
A5348,"ESPERANZA HEALTH CENTER, INC.",Aledade 150 PACHC MSSP Enhanced,PA,2,1/1/2024,1/1/2025,0,0,,1,0,1,0,0,0,0,0,1,"4550 Montgomery Ave, Suite 950N, Bethesda, MD, 20814",https://aledade.com/pa-chc-mssp-enhanced/,Jeffrey Mandel,jmandel@aledade.com,(202) 803-7979,Travis Broome,travis@aledade.com,(202) 742-5897,Jillyan Bacallao,Anne-Marie Derrico
A5348,GLENDALE AREA MEDICAL ASSOCIATION INC,Aledade 150 PACHC MSSP Enhanced,PA,2,1/1/2024,1/1/2025,0,0,,1,0,1,0,0,0,0,0,1,"4550 Montgomery Ave, Suite 950N, Bethesda, MD, 20814",https://aledade.com/pa-chc-mssp-enhanced/,Jeffrey Mandel,jmandel@aledade.com,(202) 803-7979,Travis Broome,travis@aledade.com,(202) 742-5897,Jillyan Bacallao,Anne-Marie Derrico
A5348,GREATER PHILADELPHIA HEALTH ACTION INC,Aledade 150 PACHC MSSP Enhanced,PA,2,1/1/2024,1/1/2025,0,0,,1,0,1,0,0,0,0,0,1,"4550 Montgomery Ave, Suite 950N, Bethesda, MD, 20814",https://aledade.com/pa-chc-mssp-enhanced/,Jeffrey Mandel,jmandel@aledade.com,(202) 803-7979,Travis Broome,travis@aledade.com,(202) 742-5897,Jillyan Bacallao,Anne-Marie Derrico
A5348,"HAMILTON HEALTH CENTER, INC.",Aledade 150 PACHC MSSP Enhanced,PA,2,1/1/2024,1/1/2025,0,0,,1,0,1,0,0,0,0,0,1,"4550 Montgomery Ave, Suite 950N, Bethesda, MD, 20814",https://aledade.com/pa-chc-mssp-enhanced/,Jeffrey Mandel,jmandel@aledade.com,(202) 803-7979,Travis Broome,travis@aledade.com,(202) 742-5897,Jillyan Bacallao,Anne-Marie Derrico
A5348,HYNDMAN AREA HEALTH CENTER INC,Aledade 150 PACHC MSSP Enhanced,PA,2,1/1/2024,1/1/2025,0,0,,1,0,1,0,0,0,0,0,1,"4550 Montgomery Ave, Suite 950N, Bethesda, MD, 20814",https://aledade.com/pa-chc-mssp-enhanced/,Jeffrey Mandel,jmandel@aledade.com,(202) 803-7979,Travis Broome,travis@aledade.com,(202) 742-5897,Jillyan Bacallao,Anne-Marie Derrico
A5348,LCH HEALTH AND COMMUNITY SERVICES,Aledade 150 PACHC MSSP Enhanced,PA,2,1/1/2024,1/1/2025,0,0,,1,0,1,0,0,0,0,0,1,"4550 Montgomery Ave, Suite 950N, Bethesda, MD, 20814",https://aledade.com/pa-chc-mssp-enhanced/,Jeffrey Mandel,jmandel@aledade.com,(202) 803-7979,Travis Broome,travis@aledade.com,(202) 742-5897,Jillyan Bacallao,Anne-Marie Derrico
A5348,MULTI-CULTURAL HEALTH EVALUATION DELIVERY SYSTEMS INC,Aledade 150 PACHC MSSP Enhanced,PA,2,1/1/2024,1/1/2025,0,0,,1,0,1,0,0,0,0,0,1,"4550 Montgomery Ave, Suite 950N, Bethesda, MD, 20814",https://aledade.com/pa-chc-mssp-enhanced/,Jeffrey Mandel,jmandel@aledade.com,(202) 803-7979,Travis Broome,travis@aledade.com,(202) 742-5897,Jillyan Bacallao,Anne-Marie Derrico
A5348,NEIGHBORHOOD HEALTH CENTERS OF THE LEHIGH VALLEY,Aledade 150 PACHC MSSP Enhanced,PA,2,1/1/2024,1/1/2025,0,0,,1,0,1,0,0,0,0,0,1,"4550 Montgomery Ave, Suite 950N, Bethesda, MD, 20814",https://aledade.com/pa-chc-mssp-enhanced/,Jeffrey Mandel,jmandel@aledade.com,(202) 803-7979,Travis Broome,travis@aledade.com,(202) 742-5897,Jillyan Bacallao,Anne-Marie Derrico
A5348,NORTH PENN COMPREHENSIVE HEALTH SERVICES,Aledade 150 PACHC MSSP Enhanced,PA,2,1/1/2024,1/1/2025,0,0,,1,0,1,0,0,0,0,0,1,"4550 Montgomery Ave, Suite 950N, Bethesda, MD, 20814",https://aledade.com/pa-chc-mssp-enhanced/,Jeffrey Mandel,jmandel@aledade.com,(202) 803-7979,Travis Broome,travis@aledade.com,(202) 742-5897,Jillyan Bacallao,Anne-Marie Derrico
A5348,NORTH SIDE CHRISTIAN HEALTH CENTER,Aledade 150 PACHC MSSP Enhanced,PA,2,1/1/2024,1/1/2025,0,0,,1,0,1,0,0,0,0,0,1,"4550 Montgomery Ave, Suite 950N, Bethesda, MD, 20814",https://aledade.com/pa-chc-mssp-enhanced/,Jeffrey Mandel,jmandel@aledade.com,(202) 803-7979,Travis Broome,travis@aledade.com,(202) 742-5897,Jillyan Bacallao,Anne-Marie Derrico
A5348,"PRIMARY CARE HEALTH SERVICES, INC.",Aledade 150 PACHC MSSP Enhanced,PA,2,1/1/2024,1/1/2025,0,0,,1,0,1,0,0,0,0,0,1,"4550 Montgomery Ave, Suite 950N, Bethesda, MD, 20814",https://aledade.com/pa-chc-mssp-enhanced/,Jeffrey Mandel,jmandel@aledade.com,(202) 803-7979,Travis Broome,travis@aledade.com,(202) 742-5897,Jillyan Bacallao,Anne-Marie Derrico
A5348,PUBLIC HEALTH MANAGEMENT CORPORATION,Aledade 150 PACHC MSSP Enhanced,PA,2,1/1/2024,1/1/2025,0,0,,1,0,1,0,0,0,0,0,1,"4550 Montgomery Ave, Suite 950N, Bethesda, MD, 20814",https://aledade.com/pa-chc-mssp-enhanced/,Jeffrey Mandel,jmandel@aledade.com,(202) 803-7979,Travis Broome,travis@aledade.com,(202) 742-5897,Jillyan Bacallao,Anne-Marie Derrico
A5348,"RESOURCES FOR HUMAN DEVELOPMENT, INC.",Aledade 150 PACHC MSSP Enhanced,PA,2,1/1/2024,1/1/2025,0,0,,1,0,1,0,0,0,0,0,1,"4550 Montgomery Ave, Suite 950N, Bethesda, MD, 20814",https://aledade.com/pa-chc-mssp-enhanced/,Jeffrey Mandel,jmandel@aledade.com,(202) 803-7979,Travis Broome,travis@aledade.com,(202) 742-5897,Jillyan Bacallao,Anne-Marie Derrico
A5348,RURAL HEALTH CORPORATION OF NORTHEASTERN PENNSYLVANIA,Aledade 150 PACHC MSSP Enhanced,PA,2,1/1/2024,1/1/2025,0,0,,1,0,1,0,0,0,0,0,1,"4550 Montgomery Ave, Suite 950N, Bethesda, MD, 20814",https://aledade.com/pa-chc-mssp-enhanced/,Jeffrey Mandel,jmandel@aledade.com,(202) 803-7979,Travis Broome,travis@aledade.com,(202) 742-5897,Jillyan Bacallao,Anne-Marie Derrico
A5348,SADLER HEALTH CENTER CORPORATION,Aledade 150 PACHC MSSP Enhanced,PA,2,1/1/2024,1/1/2025,0,0,,1,0,1,0,0,0,0,0,1,"4550 Montgomery Ave, Suite 950N, Bethesda, MD, 20814",https://aledade.com/pa-chc-mssp-enhanced/,Jeffrey Mandel,jmandel@aledade.com,(202) 803-7979,Travis Broome,travis@aledade.com,(202) 742-5897,Jillyan Bacallao,Anne-Marie Derrico
A5348,SCRANTON PRIMARY HEALTH CARE CENTER INC,Aledade 150 PACHC MSSP Enhanced,PA,2,1/1/2024,1/1/2025,0,0,,1,0,1,0,0,0,0,0,1,"4550 Montgomery Ave, Suite 950N, Bethesda, MD, 20814",https://aledade.com/pa-chc-mssp-enhanced/,Jeffrey Mandel,jmandel@aledade.com,(202) 803-7979,Travis Broome,travis@aledade.com,(202) 742-5897,Jillyan Bacallao,Anne-Marie Derrico
A5348,SPECTRUM HEALTH SERVICES INC,Aledade 150 PACHC MSSP Enhanced,PA,2,1/1/2024,1/1/2025,0,0,,1,0,1,0,0,0,0,0,1,"4550 Montgomery Ave, Suite 950N, Bethesda, MD, 20814",https://aledade.com/pa-chc-mssp-enhanced/,Jeffrey Mandel,jmandel@aledade.com,(202) 803-7979,Travis Broome,travis@aledade.com,(202) 742-5897,Jillyan Bacallao,Anne-Marie Derrico
A5348,SQUIRREL HILL HEALTH CENTER,Aledade 150 PACHC MSSP Enhanced,PA,2,1/1/2024,1/1/2025,0,0,,1,0,1,0,0,0,0,0,1,"4550 Montgomery Ave, Suite 950N, Bethesda, MD, 20814",https://aledade.com/pa-chc-mssp-enhanced/,Jeffrey Mandel,jmandel@aledade.com,(202) 803-7979,Travis Broome,travis@aledade.com,(202) 742-5897,Jillyan Bacallao,Anne-Marie Derrico
A5348,"SUSQUEHANNA COMMUNITY HEALTH AND DENTAL CLINIC, INC.",Aledade 150 PACHC MSSP Enhanced,PA,2,1/1/2024,1/1/2025,0,0,,1,0,1,0,0,0,0,0,1,"4550 Montgomery Ave, Suite 950N, Bethesda, MD, 20814",https://aledade.com/pa-chc-mssp-enhanced/,Jeffrey Mandel,jmandel@aledade.com,(202) 803-7979,Travis Broome,travis@aledade.com,(202) 742-5897,Jillyan Bacallao,Anne-Marie Derrico
A5348,WAYNE MEMORIAL COMMUNITY HEALTH CENTERS,Aledade 150 PACHC MSSP Enhanced,PA,2,1/1/2024,1/1/2025,0,0,,1,0,1,0,0,0,0,0,1,"4550 Montgomery Ave, Suite 950N, Bethesda, MD, 20814",https://aledade.com/pa-chc-mssp-enhanced/,Jeffrey Mandel,jmandel@aledade.com,(202) 803-7979,Travis Broome,travis@aledade.com,(202) 742-5897,Jillyan Bacallao,Anne-Marie Derrico
A5348,WELSH MOUNTAIN HEALTH CENTERS,Aledade 150 PACHC MSSP Enhanced,PA,2,1/1/2024,1/1/2025,0,0,,1,0,1,0,0,0,0,0,1,"4550 Montgomery Ave, Suite 950N, Bethesda, MD, 20814",https://aledade.com/pa-chc-mssp-enhanced/,Jeffrey Mandel,jmandel@aledade.com,(202) 803-7979,Travis Broome,travis@aledade.com,(202) 742-5897,Jillyan Bacallao,Anne-Marie Derrico
A5349,AUBURN FAMILY HEALTH CENTER PC,Aledade 151 Northern Territories MSSP Enhanced,"ID, MT, NE, OR, SD, WY",2,1/1/2024,1/1/2025,0,0,,1,0,1,0,0,0,0,0,1,"4550 Montgomery Ave, Suite 950N, Bethesda, MD, 20814",https://aledade.com/northern-territories-mssp-enhanced/,Cathi Lewis,cllewis@aledade.com,(307) 631-7316,Travis Broome,travis@aledade.com,(202) 742-5897,Jillyan Bacallao,Michael Zaruba
A5349,BMH INC,Aledade 151 Northern Territories MSSP Enhanced,"ID, MT, NE, OR, SD, WY",2,1/1/2024,1/1/2025,0,0,,1,0,1,0,0,0,0,0,1,"4550 Montgomery Ave, Suite 950N, Bethesda, MD, 20814",https://aledade.com/northern-territories-mssp-enhanced/,Cathi Lewis,cllewis@aledade.com,(307) 631-7316,Travis Broome,travis@aledade.com,(202) 742-5897,Jillyan Bacallao,Michael Zaruba
A5349,CODY CLINIC,Aledade 151 Northern Territories MSSP Enhanced,"ID, MT, NE, OR, SD, WY",2,1/1/2024,1/1/2025,0,0,,1,0,1,0,0,0,0,0,1,"4550 Montgomery Ave, Suite 950N, Bethesda, MD, 20814",https://aledade.com/northern-territories-mssp-enhanced/,Cathi Lewis,cllewis@aledade.com,(307) 631-7316,Travis Broome,travis@aledade.com,(202) 742-5897,Jillyan Bacallao,Michael Zaruba
A5349,"COLUMBUS FAMILY PRACTICE ASSOCIATES, P.C.",Aledade 151 Northern Territories MSSP Enhanced,"ID, MT, NE, OR, SD, WY",2,1/1/2024,1/1/2025,0,0,,1,0,1,0,0,0,0,0,1,"4550 Montgomery Ave, Suite 950N, Bethesda, MD, 20814",https://aledade.com/northern-territories-mssp-enhanced/,Cathi Lewis,cllewis@aledade.com,(307) 631-7316,Travis Broome,travis@aledade.com,(202) 742-5897,Jillyan Bacallao,Michael Zaruba
A5349,COMMUNITY HEALTH CENTER OF CENTRAL WYOMING INC,Aledade 151 Northern Territories MSSP Enhanced,"ID, MT, NE, OR, SD, WY",2,1/1/2024,1/1/2025,0,0,,1,0,1,0,0,0,0,0,1,"4550 Montgomery Ave, Suite 950N, Bethesda, MD, 20814",https://aledade.com/northern-territories-mssp-enhanced/,Cathi Lewis,cllewis@aledade.com,(307) 631-7316,Travis Broome,travis@aledade.com,(202) 742-5897,Jillyan Bacallao,Michael Zaruba
A5349,DAVID WISE,Aledade 151 Northern Territories MSSP Enhanced,"ID, MT, NE, OR, SD, WY",2,1/1/2024,1/1/2025,0,0,,1,0,1,0,0,0,0,0,1,"4550 Montgomery Ave, Suite 950N, Bethesda, MD, 20814",https://aledade.com/northern-territories-mssp-enhanced/,Cathi Lewis,cllewis@aledade.com,(307) 631-7316,Travis Broome,travis@aledade.com,(202) 742-5897,Jillyan Bacallao,Michael Zaruba
A5349,KAYLOR FAMILY MEDICINE PLLC,Aledade 151 Northern Territories MSSP Enhanced,"ID, MT, NE, OR, SD, WY",2,1/1/2024,1/1/2025,0,0,,1,0,1,0,0,0,0,0,1,"4550 Montgomery Ave, Suite 950N, Bethesda, MD, 20814",https://aledade.com/northern-territories-mssp-enhanced/,Cathi Lewis,cllewis@aledade.com,(307) 631-7316,Travis Broome,travis@aledade.com,(202) 742-5897,Jillyan Bacallao,Michael Zaruba
A5349,MALHEUR MEMORIAL HEALTH CENTER,Aledade 151 Northern Territories MSSP Enhanced,"ID, MT, NE, OR, SD, WY",2,1/1/2024,1/1/2025,0,0,,1,0,1,0,0,0,0,0,1,"4550 Montgomery Ave, Suite 950N, Bethesda, MD, 20814",https://aledade.com/northern-territories-mssp-enhanced/,Cathi Lewis,cllewis@aledade.com,(307) 631-7316,Travis Broome,travis@aledade.com,(202) 742-5897,Jillyan Bacallao,Michael Zaruba
A5349,MERCURY STREET MEDICAL GROUP PLLC,Aledade 151 Northern Territories MSSP Enhanced,"ID, MT, NE, OR, SD, WY",2,1/1/2024,1/1/2025,0,0,,1,0,1,0,0,0,0,0,1,"4550 Montgomery Ave, Suite 950N, Bethesda, MD, 20814",https://aledade.com/northern-territories-mssp-enhanced/,Cathi Lewis,cllewis@aledade.com,(307) 631-7316,Travis Broome,travis@aledade.com,(202) 742-5897,Jillyan Bacallao,Michael Zaruba
A5349,RIDGEVIEW FAMILY HEALTH INC,Aledade 151 Northern Territories MSSP Enhanced,"ID, MT, NE, OR, SD, WY",2,1/1/2024,1/1/2025,0,0,,1,0,1,0,0,0,0,0,1,"4550 Montgomery Ave, Suite 950N, Bethesda, MD, 20814",https://aledade.com/northern-territories-mssp-enhanced/,Cathi Lewis,cllewis@aledade.com,(307) 631-7316,Travis Broome,travis@aledade.com,(202) 742-5897,Jillyan Bacallao,Michael Zaruba
A5349,"ROCKY MOUNTAIN FAMILY MEDICINE, LLC",Aledade 151 Northern Territories MSSP Enhanced,"ID, MT, NE, OR, SD, WY",2,1/1/2024,1/1/2025,0,0,,1,0,1,0,0,0,0,0,1,"4550 Montgomery Ave, Suite 950N, Bethesda, MD, 20814",https://aledade.com/northern-territories-mssp-enhanced/,Cathi Lewis,cllewis@aledade.com,(307) 631-7316,Travis Broome,travis@aledade.com,(202) 742-5897,Jillyan Bacallao,Michael Zaruba
A5349,SANDPOINT FAMILY MEDICINE PA,Aledade 151 Northern Territories MSSP Enhanced,"ID, MT, NE, OR, SD, WY",2,1/1/2024,1/1/2025,0,0,,1,0,1,0,0,0,0,0,1,"4550 Montgomery Ave, Suite 950N, Bethesda, MD, 20814",https://aledade.com/northern-territories-mssp-enhanced/,Cathi Lewis,cllewis@aledade.com,(307) 631-7316,Travis Broome,travis@aledade.com,(202) 742-5897,Jillyan Bacallao,Michael Zaruba
A5349,SOUTHERN HILLS FAMILY MEDICINE PROF LLC,Aledade 151 Northern Territories MSSP Enhanced,"ID, MT, NE, OR, SD, WY",2,1/1/2024,1/1/2025,0,0,,1,0,1,0,0,0,0,0,1,"4550 Montgomery Ave, Suite 950N, Bethesda, MD, 20814",https://aledade.com/northern-territories-mssp-enhanced/,Cathi Lewis,cllewis@aledade.com,(307) 631-7316,Travis Broome,travis@aledade.com,(202) 742-5897,Jillyan Bacallao,Michael Zaruba
A5349,THE CENTER FOR HEALTH LLC,Aledade 151 Northern Territories MSSP Enhanced,"ID, MT, NE, OR, SD, WY",2,1/1/2024,1/1/2025,0,0,,1,0,1,0,0,0,0,0,1,"4550 Montgomery Ave, Suite 950N, Bethesda, MD, 20814",https://aledade.com/northern-territories-mssp-enhanced/,Cathi Lewis,cllewis@aledade.com,(307) 631-7316,Travis Broome,travis@aledade.com,(202) 742-5897,Jillyan Bacallao,Michael Zaruba
A5349,TONY C ROISUM MD PA,Aledade 151 Northern Territories MSSP Enhanced,"ID, MT, NE, OR, SD, WY",2,1/1/2024,1/1/2025,0,0,,1,0,1,0,0,0,0,0,1,"4550 Montgomery Ave, Suite 950N, Bethesda, MD, 20814",https://aledade.com/northern-territories-mssp-enhanced/,Cathi Lewis,cllewis@aledade.com,(307) 631-7316,Travis Broome,travis@aledade.com,(202) 742-5897,Jillyan Bacallao,Michael Zaruba
A5349,YANKTON MEDICAL CLINIC PC,Aledade 151 Northern Territories MSSP Enhanced,"ID, MT, NE, OR, SD, WY",2,1/1/2024,1/1/2025,0,0,,1,0,1,0,0,0,0,0,1,"4550 Montgomery Ave, Suite 950N, Bethesda, MD, 20814",https://aledade.com/northern-territories-mssp-enhanced/,Cathi Lewis,cllewis@aledade.com,(307) 631-7316,Travis Broome,travis@aledade.com,(202) 742-5897,Jillyan Bacallao,Michael Zaruba
A5361,ABKSW CENTRAL TEXAS PREFERRED HEALTH PARTNERS PLLC,Aledade 158 TX MSSP Enhanced,TX,2,1/1/2024,1/1/2025,0,0,,1,0,1,0,0,0,0,0,1,"4550 Montgomery Ave, Suite 950N, Bethseda, MD, 20814",https://aledade.com/texas-mssp-enhanced/,Crystal Ecton,cecton@aledade.com,(512) 663-8972,Travis Broome,travis@aledade.com,(202) 742-5897,Jillyan Bacallao,Brenda Vozza
A5361,"ADOLFO BENITEZ, MD, PA",Aledade 158 TX MSSP Enhanced,TX,2,1/1/2024,1/1/2025,0,0,,1,0,1,0,0,0,0,0,1,"4550 Montgomery Ave, Suite 950N, Bethseda, MD, 20814",https://aledade.com/texas-mssp-enhanced/,Crystal Ecton,cecton@aledade.com,(512) 663-8972,Travis Broome,travis@aledade.com,(202) 742-5897,Jillyan Bacallao,Brenda Vozza
A5361,ADULT CARE OF AUSTIN PA,Aledade 158 TX MSSP Enhanced,TX,2,1/1/2024,1/1/2025,0,0,,1,0,1,0,0,0,0,0,1,"4550 Montgomery Ave, Suite 950N, Bethseda, MD, 20814",https://aledade.com/texas-mssp-enhanced/,Crystal Ecton,cecton@aledade.com,(512) 663-8972,Travis Broome,travis@aledade.com,(202) 742-5897,Jillyan Bacallao,Brenda Vozza
A5361,ALEXANDER S ROKA MD PA,Aledade 158 TX MSSP Enhanced,TX,2,1/1/2024,1/1/2025,0,0,,1,0,1,0,0,0,0,0,1,"4550 Montgomery Ave, Suite 950N, Bethseda, MD, 20814",https://aledade.com/texas-mssp-enhanced/,Crystal Ecton,cecton@aledade.com,(512) 663-8972,Travis Broome,travis@aledade.com,(202) 742-5897,Jillyan Bacallao,Brenda Vozza
A5361,APRIL GATSON,Aledade 158 TX MSSP Enhanced,TX,2,1/1/2024,1/1/2025,0,0,,1,0,1,0,0,0,0,0,1,"4550 Montgomery Ave, Suite 950N, Bethseda, MD, 20814",https://aledade.com/texas-mssp-enhanced/,Crystal Ecton,cecton@aledade.com,(512) 663-8972,Travis Broome,travis@aledade.com,(202) 742-5897,Jillyan Bacallao,Brenda Vozza
A5361,"BARRIO COMPREHENSIVE FAMILY HEALTH CARE CENTER, INC.",Aledade 158 TX MSSP Enhanced,TX,2,1/1/2024,1/1/2025,0,0,,1,0,1,0,0,0,0,0,1,"4550 Montgomery Ave, Suite 950N, Bethseda, MD, 20814",https://aledade.com/texas-mssp-enhanced/,Crystal Ecton,cecton@aledade.com,(512) 663-8972,Travis Broome,travis@aledade.com,(202) 742-5897,Jillyan Bacallao,Brenda Vozza
A5361,"BASTROP COUNTY MEDICAL & ASSOCIATES, PA",Aledade 158 TX MSSP Enhanced,TX,2,1/1/2024,1/1/2025,0,0,,1,0,1,0,0,0,0,0,1,"4550 Montgomery Ave, Suite 950N, Bethseda, MD, 20814",https://aledade.com/texas-mssp-enhanced/,Crystal Ecton,cecton@aledade.com,(512) 663-8972,Travis Broome,travis@aledade.com,(202) 742-5897,Jillyan Bacallao,Brenda Vozza
A5361,"BROOKRIDGE INTERNAL MEDICINE ASSOCIATES, PA",Aledade 158 TX MSSP Enhanced,TX,2,1/1/2024,1/1/2025,0,0,,1,0,1,0,0,0,0,0,1,"4550 Montgomery Ave, Suite 950N, Bethseda, MD, 20814",https://aledade.com/texas-mssp-enhanced/,Crystal Ecton,cecton@aledade.com,(512) 663-8972,Travis Broome,travis@aledade.com,(202) 742-5897,Jillyan Bacallao,Brenda Vozza
A5361,BROWNSVILLE COMMUNITY HEALTH CLINIC CORPORATION,Aledade 158 TX MSSP Enhanced,TX,2,1/1/2024,1/1/2025,0,0,,1,0,1,0,0,0,0,0,1,"4550 Montgomery Ave, Suite 950N, Bethseda, MD, 20814",https://aledade.com/texas-mssp-enhanced/,Crystal Ecton,cecton@aledade.com,(512) 663-8972,Travis Broome,travis@aledade.com,(202) 742-5897,Jillyan Bacallao,Brenda Vozza
A5361,C G PATEL MD PA,Aledade 158 TX MSSP Enhanced,TX,2,1/1/2024,1/1/2025,0,0,,1,0,1,0,0,0,0,0,1,"4550 Montgomery Ave, Suite 950N, Bethseda, MD, 20814",https://aledade.com/texas-mssp-enhanced/,Crystal Ecton,cecton@aledade.com,(512) 663-8972,Travis Broome,travis@aledade.com,(202) 742-5897,Jillyan Bacallao,Brenda Vozza
A5361,"CAPITAL MEDICAL CLINIC, LLP",Aledade 158 TX MSSP Enhanced,TX,2,1/1/2024,1/1/2025,0,0,,1,0,1,0,0,0,0,0,1,"4550 Montgomery Ave, Suite 950N, Bethseda, MD, 20814",https://aledade.com/texas-mssp-enhanced/,Crystal Ecton,cecton@aledade.com,(512) 663-8972,Travis Broome,travis@aledade.com,(202) 742-5897,Jillyan Bacallao,Brenda Vozza
A5361,CARLOS CAMPOS MD PA,Aledade 158 TX MSSP Enhanced,TX,2,1/1/2024,1/1/2025,0,0,,1,0,1,0,0,0,0,0,1,"4550 Montgomery Ave, Suite 950N, Bethseda, MD, 20814",https://aledade.com/texas-mssp-enhanced/,Crystal Ecton,cecton@aledade.com,(512) 663-8972,Travis Broome,travis@aledade.com,(202) 742-5897,Jillyan Bacallao,Brenda Vozza
A5361,CARMEN PURL MD PLLC,Aledade 158 TX MSSP Enhanced,TX,2,1/1/2024,1/1/2025,0,0,,1,0,1,0,0,0,0,0,1,"4550 Montgomery Ave, Suite 950N, Bethseda, MD, 20814",https://aledade.com/texas-mssp-enhanced/,Crystal Ecton,cecton@aledade.com,(512) 663-8972,Travis Broome,travis@aledade.com,(202) 742-5897,Jillyan Bacallao,Brenda Vozza
A5361,"CAROL N. ABALIHI, MD, PA",Aledade 158 TX MSSP Enhanced,TX,2,1/1/2024,1/1/2025,0,0,,1,0,1,0,0,0,0,0,1,"4550 Montgomery Ave, Suite 950N, Bethseda, MD, 20814",https://aledade.com/texas-mssp-enhanced/,Crystal Ecton,cecton@aledade.com,(512) 663-8972,Travis Broome,travis@aledade.com,(202) 742-5897,Jillyan Bacallao,Brenda Vozza
A5361,CONROE WILLIS FAMILY MEDICINE PLLC,Aledade 158 TX MSSP Enhanced,TX,2,1/1/2024,1/1/2025,0,0,,1,0,1,0,0,0,0,0,1,"4550 Montgomery Ave, Suite 950N, Bethseda, MD, 20814",https://aledade.com/texas-mssp-enhanced/,Crystal Ecton,cecton@aledade.com,(512) 663-8972,Travis Broome,travis@aledade.com,(202) 742-5897,Jillyan Bacallao,Brenda Vozza
A5361,"CORPUS CHRISTI MEDICAL ASSOCIATES, P.A.",Aledade 158 TX MSSP Enhanced,TX,2,1/1/2024,1/1/2025,0,0,,1,0,1,0,0,0,0,0,1,"4550 Montgomery Ave, Suite 950N, Bethseda, MD, 20814",https://aledade.com/texas-mssp-enhanced/,Crystal Ecton,cecton@aledade.com,(512) 663-8972,Travis Broome,travis@aledade.com,(202) 742-5897,Jillyan Bacallao,Brenda Vozza
A5361,DANIEL M BRUDNAK MD FAAFP PA,Aledade 158 TX MSSP Enhanced,TX,2,1/1/2024,1/1/2025,0,0,,1,0,1,0,0,0,0,0,1,"4550 Montgomery Ave, Suite 950N, Bethseda, MD, 20814",https://aledade.com/texas-mssp-enhanced/,Crystal Ecton,cecton@aledade.com,(512) 663-8972,Travis Broome,travis@aledade.com,(202) 742-5897,Jillyan Bacallao,Brenda Vozza
A5361,DARYL C CURRIER MD PA,Aledade 158 TX MSSP Enhanced,TX,2,1/1/2024,1/1/2025,0,0,,1,0,1,0,0,0,0,0,1,"4550 Montgomery Ave, Suite 950N, Bethseda, MD, 20814",https://aledade.com/texas-mssp-enhanced/,Crystal Ecton,cecton@aledade.com,(512) 663-8972,Travis Broome,travis@aledade.com,(202) 742-5897,Jillyan Bacallao,Brenda Vozza
A5361,"DAVID E. AUER, M.D., P.A.",Aledade 158 TX MSSP Enhanced,TX,2,1/1/2024,1/1/2025,0,0,,1,0,1,0,0,0,0,0,1,"4550 Montgomery Ave, Suite 950N, Bethseda, MD, 20814",https://aledade.com/texas-mssp-enhanced/,Crystal Ecton,cecton@aledade.com,(512) 663-8972,Travis Broome,travis@aledade.com,(202) 742-5897,Jillyan Bacallao,Brenda Vozza
A5361,"DECISION HEIGHT, INC",Aledade 158 TX MSSP Enhanced,TX,2,1/1/2024,1/1/2025,0,0,,1,0,1,0,0,0,0,0,1,"4550 Montgomery Ave, Suite 950N, Bethseda, MD, 20814",https://aledade.com/texas-mssp-enhanced/,Crystal Ecton,cecton@aledade.com,(512) 663-8972,Travis Broome,travis@aledade.com,(202) 742-5897,Jillyan Bacallao,Brenda Vozza
A5361,DICKINSON FAMILY MEDICINE CLINIC,Aledade 158 TX MSSP Enhanced,TX,2,1/1/2024,1/1/2025,0,0,,1,0,1,0,0,0,0,0,1,"4550 Montgomery Ave, Suite 950N, Bethseda, MD, 20814",https://aledade.com/texas-mssp-enhanced/,Crystal Ecton,cecton@aledade.com,(512) 663-8972,Travis Broome,travis@aledade.com,(202) 742-5897,Jillyan Bacallao,Brenda Vozza
A5361,DRS WAGNER &WAGNER PA,Aledade 158 TX MSSP Enhanced,TX,2,1/1/2024,1/1/2025,0,0,,1,0,1,0,0,0,0,0,1,"4550 Montgomery Ave, Suite 950N, Bethseda, MD, 20814",https://aledade.com/texas-mssp-enhanced/,Crystal Ecton,cecton@aledade.com,(512) 663-8972,Travis Broome,travis@aledade.com,(202) 742-5897,Jillyan Bacallao,Brenda Vozza
A5361,EAST TEXAS FAMILY MEDICINE PA,Aledade 158 TX MSSP Enhanced,TX,2,1/1/2024,1/1/2025,0,0,,1,0,1,0,0,0,0,0,1,"4550 Montgomery Ave, Suite 950N, Bethseda, MD, 20814",https://aledade.com/texas-mssp-enhanced/,Crystal Ecton,cecton@aledade.com,(512) 663-8972,Travis Broome,travis@aledade.com,(202) 742-5897,Jillyan Bacallao,Brenda Vozza
A5361,EPIPHANY MEDICAL SERVICES PA,Aledade 158 TX MSSP Enhanced,TX,2,1/1/2024,1/1/2025,0,0,,1,0,1,0,0,0,0,0,1,"4550 Montgomery Ave, Suite 950N, Bethseda, MD, 20814",https://aledade.com/texas-mssp-enhanced/,Crystal Ecton,cecton@aledade.com,(512) 663-8972,Travis Broome,travis@aledade.com,(202) 742-5897,Jillyan Bacallao,Brenda Vozza
A5361,FABIAN E ESPINOSA MD PA,Aledade 158 TX MSSP Enhanced,TX,2,1/1/2024,1/1/2025,0,0,,1,0,1,0,0,0,0,0,1,"4550 Montgomery Ave, Suite 950N, Bethseda, MD, 20814",https://aledade.com/texas-mssp-enhanced/,Crystal Ecton,cecton@aledade.com,(512) 663-8972,Travis Broome,travis@aledade.com,(202) 742-5897,Jillyan Bacallao,Brenda Vozza
A5361,FAMILY PRACTICE ASSOCIATES LLP,Aledade 158 TX MSSP Enhanced,TX,2,1/1/2024,1/1/2025,0,0,,1,0,1,0,0,0,0,0,1,"4550 Montgomery Ave, Suite 950N, Bethseda, MD, 20814",https://aledade.com/texas-mssp-enhanced/,Crystal Ecton,cecton@aledade.com,(512) 663-8972,Travis Broome,travis@aledade.com,(202) 742-5897,Jillyan Bacallao,Brenda Vozza
A5361,GALO A RODARTE MD PA,Aledade 158 TX MSSP Enhanced,TX,2,1/1/2024,1/1/2025,0,0,,1,0,1,0,0,0,0,0,1,"4550 Montgomery Ave, Suite 950N, Bethseda, MD, 20814",https://aledade.com/texas-mssp-enhanced/,Crystal Ecton,cecton@aledade.com,(512) 663-8972,Travis Broome,travis@aledade.com,(202) 742-5897,Jillyan Bacallao,Brenda Vozza
A5361,GILBERT FAMILY PRACTICE PLLC,Aledade 158 TX MSSP Enhanced,TX,2,1/1/2024,1/1/2025,0,0,,1,0,1,0,0,0,0,0,1,"4550 Montgomery Ave, Suite 950N, Bethseda, MD, 20814",https://aledade.com/texas-mssp-enhanced/,Crystal Ecton,cecton@aledade.com,(512) 663-8972,Travis Broome,travis@aledade.com,(202) 742-5897,Jillyan Bacallao,Brenda Vozza
A5361,"HONG-I SHEN, M.D., P.A.",Aledade 158 TX MSSP Enhanced,TX,2,1/1/2024,1/1/2025,0,0,,1,0,1,0,0,0,0,0,1,"4550 Montgomery Ave, Suite 950N, Bethseda, MD, 20814",https://aledade.com/texas-mssp-enhanced/,Crystal Ecton,cecton@aledade.com,(512) 663-8972,Travis Broome,travis@aledade.com,(202) 742-5897,Jillyan Bacallao,Brenda Vozza
A5361,JAY L GRUHLKEY MD PA,Aledade 158 TX MSSP Enhanced,TX,2,1/1/2024,1/1/2025,0,0,,1,0,1,0,0,0,0,0,1,"4550 Montgomery Ave, Suite 950N, Bethseda, MD, 20814",https://aledade.com/texas-mssp-enhanced/,Crystal Ecton,cecton@aledade.com,(512) 663-8972,Travis Broome,travis@aledade.com,(202) 742-5897,Jillyan Bacallao,Brenda Vozza
A5361,"JUAREZ & JUAREZ FAMILY MEDICAL CLINIC, INC.",Aledade 158 TX MSSP Enhanced,TX,2,1/1/2024,1/1/2025,0,0,,1,0,1,0,0,0,0,0,1,"4550 Montgomery Ave, Suite 950N, Bethseda, MD, 20814",https://aledade.com/texas-mssp-enhanced/,Crystal Ecton,cecton@aledade.com,(512) 663-8972,Travis Broome,travis@aledade.com,(202) 742-5897,Jillyan Bacallao,Brenda Vozza
A5361,K&S HEALTHCARE LLC,Aledade 158 TX MSSP Enhanced,TX,2,1/1/2024,1/1/2025,0,0,,1,0,1,0,0,0,0,0,1,"4550 Montgomery Ave, Suite 950N, Bethseda, MD, 20814",https://aledade.com/texas-mssp-enhanced/,Crystal Ecton,cecton@aledade.com,(512) 663-8972,Travis Broome,travis@aledade.com,(202) 742-5897,Jillyan Bacallao,Brenda Vozza
A5361,"LAURA BIRNBAUM, M.D., P.A.",Aledade 158 TX MSSP Enhanced,TX,2,1/1/2024,1/1/2025,0,0,,1,0,1,0,0,0,0,0,1,"4550 Montgomery Ave, Suite 950N, Bethseda, MD, 20814",https://aledade.com/texas-mssp-enhanced/,Crystal Ecton,cecton@aledade.com,(512) 663-8972,Travis Broome,travis@aledade.com,(202) 742-5897,Jillyan Bacallao,Brenda Vozza
A5361,"LEON SPRINGS FAMILY PRACTICE, PA",Aledade 158 TX MSSP Enhanced,TX,2,1/1/2024,1/1/2025,0,0,,1,0,1,0,0,0,0,0,1,"4550 Montgomery Ave, Suite 950N, Bethseda, MD, 20814",https://aledade.com/texas-mssp-enhanced/,Crystal Ecton,cecton@aledade.com,(512) 663-8972,Travis Broome,travis@aledade.com,(202) 742-5897,Jillyan Bacallao,Brenda Vozza
A5361,LINDA I ESQUIVEL MD PA,Aledade 158 TX MSSP Enhanced,TX,2,1/1/2024,1/1/2025,0,0,,1,0,1,0,0,0,0,0,1,"4550 Montgomery Ave, Suite 950N, Bethseda, MD, 20814",https://aledade.com/texas-mssp-enhanced/,Crystal Ecton,cecton@aledade.com,(512) 663-8972,Travis Broome,travis@aledade.com,(202) 742-5897,Jillyan Bacallao,Brenda Vozza
A5361,"LLOYD P VAN WINKLE, MD, PA",Aledade 158 TX MSSP Enhanced,TX,2,1/1/2024,1/1/2025,0,0,,1,0,1,0,0,0,0,0,1,"4550 Montgomery Ave, Suite 950N, Bethseda, MD, 20814",https://aledade.com/texas-mssp-enhanced/,Crystal Ecton,cecton@aledade.com,(512) 663-8972,Travis Broome,travis@aledade.com,(202) 742-5897,Jillyan Bacallao,Brenda Vozza
A5361,LUKNER MEDICAL CLINIC PLLC,Aledade 158 TX MSSP Enhanced,TX,2,1/1/2024,1/1/2025,0,0,,1,0,1,0,0,0,0,0,1,"4550 Montgomery Ave, Suite 950N, Bethseda, MD, 20814",https://aledade.com/texas-mssp-enhanced/,Crystal Ecton,cecton@aledade.com,(512) 663-8972,Travis Broome,travis@aledade.com,(202) 742-5897,Jillyan Bacallao,Brenda Vozza
A5361,"MARK E. QUIRING, MD, PA",Aledade 158 TX MSSP Enhanced,TX,2,1/1/2024,1/1/2025,0,0,,1,0,1,0,0,0,0,0,1,"4550 Montgomery Ave, Suite 950N, Bethseda, MD, 20814",https://aledade.com/texas-mssp-enhanced/,Crystal Ecton,cecton@aledade.com,(512) 663-8972,Travis Broome,travis@aledade.com,(202) 742-5897,Jillyan Bacallao,Brenda Vozza
A5361,MERCY WELLNESS PLLC,Aledade 158 TX MSSP Enhanced,TX,2,1/1/2024,1/1/2025,0,0,,1,0,1,0,0,0,0,0,1,"4550 Montgomery Ave, Suite 950N, Bethseda, MD, 20814",https://aledade.com/texas-mssp-enhanced/,Crystal Ecton,cecton@aledade.com,(512) 663-8972,Travis Broome,travis@aledade.com,(202) 742-5897,Jillyan Bacallao,Brenda Vozza
A5361,"NEW BOSTON MEDICAL GROUP, LLP",Aledade 158 TX MSSP Enhanced,TX,2,1/1/2024,1/1/2025,0,0,,1,0,1,0,0,0,0,0,1,"4550 Montgomery Ave, Suite 950N, Bethseda, MD, 20814",https://aledade.com/texas-mssp-enhanced/,Crystal Ecton,cecton@aledade.com,(512) 663-8972,Travis Broome,travis@aledade.com,(202) 742-5897,Jillyan Bacallao,Brenda Vozza
A5361,NORTH SAN ANTONIO FAMILY MEDICINE,Aledade 158 TX MSSP Enhanced,TX,2,1/1/2024,1/1/2025,0,0,,1,0,1,0,0,0,0,0,1,"4550 Montgomery Ave, Suite 950N, Bethseda, MD, 20814",https://aledade.com/texas-mssp-enhanced/,Crystal Ecton,cecton@aledade.com,(512) 663-8972,Travis Broome,travis@aledade.com,(202) 742-5897,Jillyan Bacallao,Brenda Vozza
A5361,PRANAV BHATT MD PLLC,Aledade 158 TX MSSP Enhanced,TX,2,1/1/2024,1/1/2025,0,0,,1,0,1,0,0,0,0,0,1,"4550 Montgomery Ave, Suite 950N, Bethseda, MD, 20814",https://aledade.com/texas-mssp-enhanced/,Crystal Ecton,cecton@aledade.com,(512) 663-8972,Travis Broome,travis@aledade.com,(202) 742-5897,Jillyan Bacallao,Brenda Vozza
A5361,REGINA K LEE MD PA,Aledade 158 TX MSSP Enhanced,TX,2,1/1/2024,1/1/2025,0,0,,1,0,1,0,0,0,0,0,1,"4550 Montgomery Ave, Suite 950N, Bethseda, MD, 20814",https://aledade.com/texas-mssp-enhanced/,Crystal Ecton,cecton@aledade.com,(512) 663-8972,Travis Broome,travis@aledade.com,(202) 742-5897,Jillyan Bacallao,Brenda Vozza
A5361,SERIES A - A SERIES OF PRAXIS HEALTHCARE HOLDINGS SERIES LLC,Aledade 158 TX MSSP Enhanced,TX,2,1/1/2024,1/1/2025,0,0,,1,0,1,0,0,0,0,0,1,"4550 Montgomery Ave, Suite 950N, Bethseda, MD, 20814",https://aledade.com/texas-mssp-enhanced/,Crystal Ecton,cecton@aledade.com,(512) 663-8972,Travis Broome,travis@aledade.com,(202) 742-5897,Jillyan Bacallao,Brenda Vozza
A5361,SREEMAN JAMPANA MD PLLC,Aledade 158 TX MSSP Enhanced,TX,2,1/1/2024,1/1/2025,0,0,,1,0,1,0,0,0,0,0,1,"4550 Montgomery Ave, Suite 950N, Bethseda, MD, 20814",https://aledade.com/texas-mssp-enhanced/,Crystal Ecton,cecton@aledade.com,(512) 663-8972,Travis Broome,travis@aledade.com,(202) 742-5897,Jillyan Bacallao,Brenda Vozza
A5361,SUN CITY FAMILY PHYSICIANS P.A.,Aledade 158 TX MSSP Enhanced,TX,2,1/1/2024,1/1/2025,0,0,,1,0,1,0,0,0,0,0,1,"4550 Montgomery Ave, Suite 950N, Bethseda, MD, 20814",https://aledade.com/texas-mssp-enhanced/,Crystal Ecton,cecton@aledade.com,(512) 663-8972,Travis Broome,travis@aledade.com,(202) 742-5897,Jillyan Bacallao,Brenda Vozza
A5361,SURYA LANKA,Aledade 158 TX MSSP Enhanced,TX,2,1/1/2024,1/1/2025,0,0,,1,0,1,0,0,0,0,0,1,"4550 Montgomery Ave, Suite 950N, Bethseda, MD, 20814",https://aledade.com/texas-mssp-enhanced/,Crystal Ecton,cecton@aledade.com,(512) 663-8972,Travis Broome,travis@aledade.com,(202) 742-5897,Jillyan Bacallao,Brenda Vozza
A5361,THE BRADLEY CLINIC OF TEXAS PLLC,Aledade 158 TX MSSP Enhanced,TX,2,1/1/2024,1/1/2025,0,0,,1,0,1,0,0,0,0,0,1,"4550 Montgomery Ave, Suite 950N, Bethseda, MD, 20814",https://aledade.com/texas-mssp-enhanced/,Crystal Ecton,cecton@aledade.com,(512) 663-8972,Travis Broome,travis@aledade.com,(202) 742-5897,Jillyan Bacallao,Brenda Vozza
A5361,THE CAMERON CLINIC PLLC,Aledade 158 TX MSSP Enhanced,TX,2,1/1/2024,1/1/2025,0,0,,1,0,1,0,0,0,0,0,1,"4550 Montgomery Ave, Suite 950N, Bethseda, MD, 20814",https://aledade.com/texas-mssp-enhanced/,Crystal Ecton,cecton@aledade.com,(512) 663-8972,Travis Broome,travis@aledade.com,(202) 742-5897,Jillyan Bacallao,Brenda Vozza
A5361,THE VAZ CLINIC,Aledade 158 TX MSSP Enhanced,TX,2,1/1/2024,1/1/2025,0,0,,1,0,1,0,0,0,0,0,1,"4550 Montgomery Ave, Suite 950N, Bethseda, MD, 20814",https://aledade.com/texas-mssp-enhanced/,Crystal Ecton,cecton@aledade.com,(512) 663-8972,Travis Broome,travis@aledade.com,(202) 742-5897,Jillyan Bacallao,Brenda Vozza
A5361,TINA J PHILIP DO PLLC,Aledade 158 TX MSSP Enhanced,TX,2,1/1/2024,1/1/2025,0,0,,1,0,1,0,0,0,0,0,1,"4550 Montgomery Ave, Suite 950N, Bethseda, MD, 20814",https://aledade.com/texas-mssp-enhanced/,Crystal Ecton,cecton@aledade.com,(512) 663-8972,Travis Broome,travis@aledade.com,(202) 742-5897,Jillyan Bacallao,Brenda Vozza
A5361,TOMBALL REGIONAL INTERNAL MEDICINE ASSOCIATES,Aledade 158 TX MSSP Enhanced,TX,2,1/1/2024,1/1/2025,0,0,,1,0,1,0,0,0,0,0,1,"4550 Montgomery Ave, Suite 950N, Bethseda, MD, 20814",https://aledade.com/texas-mssp-enhanced/,Crystal Ecton,cecton@aledade.com,(512) 663-8972,Travis Broome,travis@aledade.com,(202) 742-5897,Jillyan Bacallao,Brenda Vozza
A5361,TRUESCARE MEDICAL ASSOCIATES PLLC,Aledade 158 TX MSSP Enhanced,TX,2,1/1/2024,1/1/2025,0,0,,1,0,1,0,0,0,0,0,1,"4550 Montgomery Ave, Suite 950N, Bethseda, MD, 20814",https://aledade.com/texas-mssp-enhanced/,Crystal Ecton,cecton@aledade.com,(512) 663-8972,Travis Broome,travis@aledade.com,(202) 742-5897,Jillyan Bacallao,Brenda Vozza
A5361,VERNON CLINIC PLLC,Aledade 158 TX MSSP Enhanced,TX,2,1/1/2024,1/1/2025,0,0,,1,0,1,0,0,0,0,0,1,"4550 Montgomery Ave, Suite 950N, Bethseda, MD, 20814",https://aledade.com/texas-mssp-enhanced/,Crystal Ecton,cecton@aledade.com,(512) 663-8972,Travis Broome,travis@aledade.com,(202) 742-5897,Jillyan Bacallao,Brenda Vozza
A5361,WAGNER MEDICAL CLINIC L.L.P.,Aledade 158 TX MSSP Enhanced,TX,2,1/1/2024,1/1/2025,0,0,,1,0,1,0,0,0,0,0,1,"4550 Montgomery Ave, Suite 950N, Bethseda, MD, 20814",https://aledade.com/texas-mssp-enhanced/,Crystal Ecton,cecton@aledade.com,(512) 663-8972,Travis Broome,travis@aledade.com,(202) 742-5897,Jillyan Bacallao,Brenda Vozza
A5361,"WELL LIFE FAMILY MEDICINE, P.A.",Aledade 158 TX MSSP Enhanced,TX,2,1/1/2024,1/1/2025,0,0,,1,0,1,0,0,0,0,0,1,"4550 Montgomery Ave, Suite 950N, Bethseda, MD, 20814",https://aledade.com/texas-mssp-enhanced/,Crystal Ecton,cecton@aledade.com,(512) 663-8972,Travis Broome,travis@aledade.com,(202) 742-5897,Jillyan Bacallao,Brenda Vozza
A5361,"WILLIAM B. SHAY, M.D., P.A.",Aledade 158 TX MSSP Enhanced,TX,2,1/1/2024,1/1/2025,0,0,,1,0,1,0,0,0,0,0,1,"4550 Montgomery Ave, Suite 950N, Bethseda, MD, 20814",https://aledade.com/texas-mssp-enhanced/,Crystal Ecton,cecton@aledade.com,(512) 663-8972,Travis Broome,travis@aledade.com,(202) 742-5897,Jillyan Bacallao,Brenda Vozza
A5361,YOLANDA MARCOS MD PA,Aledade 158 TX MSSP Enhanced,TX,2,1/1/2024,1/1/2025,0,0,,1,0,1,0,0,0,0,0,1,"4550 Montgomery Ave, Suite 950N, Bethseda, MD, 20814",https://aledade.com/texas-mssp-enhanced/,Crystal Ecton,cecton@aledade.com,(512) 663-8972,Travis Broome,travis@aledade.com,(202) 742-5897,Jillyan Bacallao,Brenda Vozza
A5361,"YOUENS, DUCHICELA & ASSOCIATES, P.A.",Aledade 158 TX MSSP Enhanced,TX,2,1/1/2024,1/1/2025,0,0,,1,0,1,0,0,0,0,0,1,"4550 Montgomery Ave, Suite 950N, Bethseda, MD, 20814",https://aledade.com/texas-mssp-enhanced/,Crystal Ecton,cecton@aledade.com,(512) 663-8972,Travis Broome,travis@aledade.com,(202) 742-5897,Jillyan Bacallao,Brenda Vozza
A5363,BLAND COUNTY MEDICAL CLINIC INC,Aledade 160 VA CHC MSSP Enhanced,"VA, WV",2,1/1/2024,1/1/2025,0,0,,1,0,1,0,0,0,0,0,1,"4550 Montgomery Ave, Suite 950N, Bethseda, MD, 20814",https://aledade.com/va-fqhc-2024-mssp-enhanced/,Kevin Van Dyke,kvandyke@aledade.com,(513) 532-9457,Travis Broome,travis@aledade.com,(202) 742-5897,Jillyan Bacallao,JEFFREY PEELE
A5363,CENTRAL VIRGINIA HEALTH SERVICES INC.,Aledade 160 VA CHC MSSP Enhanced,"VA, WV",2,1/1/2024,1/1/2025,0,0,,1,0,1,0,0,0,0,0,1,"4550 Montgomery Ave, Suite 950N, Bethseda, MD, 20814",https://aledade.com/va-fqhc-2024-mssp-enhanced/,Kevin Van Dyke,kvandyke@aledade.com,(513) 532-9457,Travis Broome,travis@aledade.com,(202) 742-5897,Jillyan Bacallao,JEFFREY PEELE
A5363,EASTERN SHORE RURAL HEALTH SYSTEM INCORPORATED,Aledade 160 VA CHC MSSP Enhanced,"VA, WV",2,1/1/2024,1/1/2025,0,0,,1,0,1,0,0,0,0,0,1,"4550 Montgomery Ave, Suite 950N, Bethseda, MD, 20814",https://aledade.com/va-fqhc-2024-mssp-enhanced/,Kevin Van Dyke,kvandyke@aledade.com,(513) 532-9457,Travis Broome,travis@aledade.com,(202) 742-5897,Jillyan Bacallao,JEFFREY PEELE
A5363,FREE CLINIC OF THE NEW RIVER VALLEY INC,Aledade 160 VA CHC MSSP Enhanced,"VA, WV",2,1/1/2024,1/1/2025,0,0,,1,0,1,0,0,0,0,0,1,"4550 Montgomery Ave, Suite 950N, Bethseda, MD, 20814",https://aledade.com/va-fqhc-2024-mssp-enhanced/,Kevin Van Dyke,kvandyke@aledade.com,(513) 532-9457,Travis Broome,travis@aledade.com,(202) 742-5897,Jillyan Bacallao,JEFFREY PEELE
A5363,PATRICK COUNTY FAMILY PRACTICE PC,Aledade 160 VA CHC MSSP Enhanced,"VA, WV",2,1/1/2024,1/1/2025,0,0,,1,0,1,0,0,0,0,0,1,"4550 Montgomery Ave, Suite 950N, Bethseda, MD, 20814",https://aledade.com/va-fqhc-2024-mssp-enhanced/,Kevin Van Dyke,kvandyke@aledade.com,(513) 532-9457,Travis Broome,travis@aledade.com,(202) 742-5897,Jillyan Bacallao,JEFFREY PEELE
A5363,PENINSULA INSTITUTE FOR COMMUNITY HEALTH INC,Aledade 160 VA CHC MSSP Enhanced,"VA, WV",2,1/1/2024,1/1/2025,0,0,,1,0,1,0,0,0,0,0,1,"4550 Montgomery Ave, Suite 950N, Bethseda, MD, 20814",https://aledade.com/va-fqhc-2024-mssp-enhanced/,Kevin Van Dyke,kvandyke@aledade.com,(513) 532-9457,Travis Broome,travis@aledade.com,(202) 742-5897,Jillyan Bacallao,JEFFREY PEELE
A5363,PORTSMOUTH COMMUNITY HEALTH CENTER INC,Aledade 160 VA CHC MSSP Enhanced,"VA, WV",2,1/1/2024,1/1/2025,0,0,,1,0,1,0,0,0,0,0,1,"4550 Montgomery Ave, Suite 950N, Bethseda, MD, 20814",https://aledade.com/va-fqhc-2024-mssp-enhanced/,Kevin Van Dyke,kvandyke@aledade.com,(513) 532-9457,Travis Broome,travis@aledade.com,(202) 742-5897,Jillyan Bacallao,JEFFREY PEELE
A5363,ROCKBRIDGE AREA FREE CLINIC,Aledade 160 VA CHC MSSP Enhanced,"VA, WV",2,1/1/2024,1/1/2025,0,0,,1,0,1,0,0,0,0,0,1,"4550 Montgomery Ave, Suite 950N, Bethseda, MD, 20814",https://aledade.com/va-fqhc-2024-mssp-enhanced/,Kevin Van Dyke,kvandyke@aledade.com,(513) 532-9457,Travis Broome,travis@aledade.com,(202) 742-5897,Jillyan Bacallao,JEFFREY PEELE
A5363,SOUTHWEST VIRGINIA COMMUNITY HEALTH SYSTEMS INCORPORATED,Aledade 160 VA CHC MSSP Enhanced,"VA, WV",2,1/1/2024,1/1/2025,0,0,,1,0,1,0,0,0,0,0,1,"4550 Montgomery Ave, Suite 950N, Bethseda, MD, 20814",https://aledade.com/va-fqhc-2024-mssp-enhanced/,Kevin Van Dyke,kvandyke@aledade.com,(513) 532-9457,Travis Broome,travis@aledade.com,(202) 742-5897,Jillyan Bacallao,JEFFREY PEELE
A5363,ST. CHARLES HEALTH COUNCIL INC,Aledade 160 VA CHC MSSP Enhanced,"VA, WV",2,1/1/2024,1/1/2025,0,0,,1,0,1,0,0,0,0,0,1,"4550 Montgomery Ave, Suite 950N, Bethseda, MD, 20814",https://aledade.com/va-fqhc-2024-mssp-enhanced/,Kevin Van Dyke,kvandyke@aledade.com,(513) 532-9457,Travis Broome,travis@aledade.com,(202) 742-5897,Jillyan Bacallao,JEFFREY PEELE
A5363,TRI AREA COMMUNITY HEALTH,Aledade 160 VA CHC MSSP Enhanced,"VA, WV",2,1/1/2024,1/1/2025,0,0,,1,0,1,0,0,0,0,0,1,"4550 Montgomery Ave, Suite 950N, Bethseda, MD, 20814",https://aledade.com/va-fqhc-2024-mssp-enhanced/,Kevin Van Dyke,kvandyke@aledade.com,(513) 532-9457,Travis Broome,travis@aledade.com,(202) 742-5897,Jillyan Bacallao,JEFFREY PEELE
A5363,VERNON J HARRIS EAST END COMMUNITY HEALTH CENTER,Aledade 160 VA CHC MSSP Enhanced,"VA, WV",2,1/1/2024,1/1/2025,0,0,,1,0,1,0,0,0,0,0,1,"4550 Montgomery Ave, Suite 950N, Bethseda, MD, 20814",https://aledade.com/va-fqhc-2024-mssp-enhanced/,Kevin Van Dyke,kvandyke@aledade.com,(513) 532-9457,Travis Broome,travis@aledade.com,(202) 742-5897,Jillyan Bacallao,JEFFREY PEELE
A5364,ADVOCARE LLC,Aledade 196 Advocare Collaborative Health MSSP,"NJ, PA",2,1/1/2024,1/1/2025,0,0,,1,0,1,0,0,0,0,0,1,"4550 Montgomery Ave, Suite 950N, Bethesda, MD, 20814",https://aledade.com/pa-nj-advocare-mssp-2024-enhanced/,Jeffrey Mandel,jmandel@aledade.com,(202) 803-7979,Travis Broome,travis@aledade.com,(202) 742-5897,Jillyan Bacallao,Mohammad Abdeljawad
A5522,ALC CONSULTING LLC,Aledade 201 National MSSP,"AL, CA, FL, MO, NE, NV, NH, NJ, NC, PA, SC, TX, UT, VA",1,1/1/2025,1/1/2025,0,1,E,0,0,1,0,0,0,0,0,1,"4550 Montgomery Ave, Suite 950N, Bethesda, MD, 20814",https://aledade.com/aledade-201-National-MSSP,Jennifer Campioli,jcampioli@aledade.com,(202) 803-7979,Travis Broome,travis@aledade.com,(202) 742-5897,Jillyan Bacallao,Margaret Coughlan
A5522,ALDO CICCOTELLI M.D.P.C.,Aledade 201 National MSSP,"AL, CA, FL, MO, NE, NV, NH, NJ, NC, PA, SC, TX, UT, VA",1,1/1/2025,1/1/2025,0,1,E,0,0,1,0,0,0,0,0,1,"4550 Montgomery Ave, Suite 950N, Bethesda, MD, 20814",https://aledade.com/aledade-201-National-MSSP,Jennifer Campioli,jcampioli@aledade.com,(202) 803-7979,Travis Broome,travis@aledade.com,(202) 742-5897,Jillyan Bacallao,Margaret Coughlan
A5522,ALFONSO I GONZALEZ MD PA,Aledade 201 National MSSP,"AL, CA, FL, MO, NE, NV, NH, NJ, NC, PA, SC, TX, UT, VA",1,1/1/2025,1/1/2025,0,1,E,0,0,1,0,0,0,0,0,1,"4550 Montgomery Ave, Suite 950N, Bethesda, MD, 20814",https://aledade.com/aledade-201-National-MSSP,Jennifer Campioli,jcampioli@aledade.com,(202) 803-7979,Travis Broome,travis@aledade.com,(202) 742-5897,Jillyan Bacallao,Margaret Coughlan
A5522,ALI SHEYBANI MEDICAL INC,Aledade 201 National MSSP,"AL, CA, FL, MO, NE, NV, NH, NJ, NC, PA, SC, TX, UT, VA",1,1/1/2025,1/1/2025,0,1,E,0,0,1,0,0,0,0,0,1,"4550 Montgomery Ave, Suite 950N, Bethesda, MD, 20814",https://aledade.com/aledade-201-National-MSSP,Jennifer Campioli,jcampioli@aledade.com,(202) 803-7979,Travis Broome,travis@aledade.com,(202) 742-5897,Jillyan Bacallao,Margaret Coughlan
A5522,"Allison H. Steinmetz MD, INC",Aledade 201 National MSSP,"AL, CA, FL, MO, NE, NV, NH, NJ, NC, PA, SC, TX, UT, VA",1,1/1/2025,1/1/2025,0,1,E,0,0,1,0,0,0,0,0,1,"4550 Montgomery Ave, Suite 950N, Bethesda, MD, 20814",https://aledade.com/aledade-201-National-MSSP,Jennifer Campioli,jcampioli@aledade.com,(202) 803-7979,Travis Broome,travis@aledade.com,(202) 742-5897,Jillyan Bacallao,Margaret Coughlan
A5522,"ALTITUDE FAMILY & INTERNAL MEDICINE, LLC",Aledade 201 National MSSP,"AL, CA, FL, MO, NE, NV, NH, NJ, NC, PA, SC, TX, UT, VA",1,1/1/2025,1/1/2025,0,1,E,0,0,1,0,0,0,0,0,1,"4550 Montgomery Ave, Suite 950N, Bethesda, MD, 20814",https://aledade.com/aledade-201-National-MSSP,Jennifer Campioli,jcampioli@aledade.com,(202) 803-7979,Travis Broome,travis@aledade.com,(202) 742-5897,Jillyan Bacallao,Margaret Coughlan
A5522,AMA MEDICAL GROUP LLC,Aledade 201 National MSSP,"AL, CA, FL, MO, NE, NV, NH, NJ, NC, PA, SC, TX, UT, VA",1,1/1/2025,1/1/2025,0,1,E,0,0,1,0,0,0,0,0,1,"4550 Montgomery Ave, Suite 950N, Bethesda, MD, 20814",https://aledade.com/aledade-201-National-MSSP,Jennifer Campioli,jcampioli@aledade.com,(202) 803-7979,Travis Broome,travis@aledade.com,(202) 742-5897,Jillyan Bacallao,Margaret Coughlan
A5522,"AMBAREEN, PA",Aledade 201 National MSSP,"AL, CA, FL, MO, NE, NV, NH, NJ, NC, PA, SC, TX, UT, VA",1,1/1/2025,1/1/2025,0,1,E,0,0,1,0,0,0,0,0,1,"4550 Montgomery Ave, Suite 950N, Bethesda, MD, 20814",https://aledade.com/aledade-201-National-MSSP,Jennifer Campioli,jcampioli@aledade.com,(202) 803-7979,Travis Broome,travis@aledade.com,(202) 742-5897,Jillyan Bacallao,Margaret Coughlan
A5522,"ANAND & ANAND M.D., LLP",Aledade 201 National MSSP,"AL, CA, FL, MO, NE, NV, NH, NJ, NC, PA, SC, TX, UT, VA",1,1/1/2025,1/1/2025,0,1,E,0,0,1,0,0,0,0,0,1,"4550 Montgomery Ave, Suite 950N, Bethesda, MD, 20814",https://aledade.com/aledade-201-National-MSSP,Jennifer Campioli,jcampioli@aledade.com,(202) 803-7979,Travis Broome,travis@aledade.com,(202) 742-5897,Jillyan Bacallao,Margaret Coughlan
A5522,ANDROSCOGGIN VALLEY HOSPITAL INC,Aledade 201 National MSSP,"AL, CA, FL, MO, NE, NV, NH, NJ, NC, PA, SC, TX, UT, VA",1,1/1/2025,1/1/2025,0,1,E,0,0,1,0,0,0,0,0,1,"4550 Montgomery Ave, Suite 950N, Bethesda, MD, 20814",https://aledade.com/aledade-201-National-MSSP,Jennifer Campioli,jcampioli@aledade.com,(202) 803-7979,Travis Broome,travis@aledade.com,(202) 742-5897,Jillyan Bacallao,Margaret Coughlan
A5522,ANIBAL AVILA MD PROFESSIONAL CORPORATION PC,Aledade 201 National MSSP,"AL, CA, FL, MO, NE, NV, NH, NJ, NC, PA, SC, TX, UT, VA",1,1/1/2025,1/1/2025,0,1,E,0,0,1,0,0,0,0,0,1,"4550 Montgomery Ave, Suite 950N, Bethesda, MD, 20814",https://aledade.com/aledade-201-National-MSSP,Jennifer Campioli,jcampioli@aledade.com,(202) 803-7979,Travis Broome,travis@aledade.com,(202) 742-5897,Jillyan Bacallao,Margaret Coughlan
A5522,ANTONIO SERRU PAEZ MD PROFESSIONAL CORPORATION,Aledade 201 National MSSP,"AL, CA, FL, MO, NE, NV, NH, NJ, NC, PA, SC, TX, UT, VA",1,1/1/2025,1/1/2025,0,1,E,0,0,1,0,0,0,0,0,1,"4550 Montgomery Ave, Suite 950N, Bethesda, MD, 20814",https://aledade.com/aledade-201-National-MSSP,Jennifer Campioli,jcampioli@aledade.com,(202) 803-7979,Travis Broome,travis@aledade.com,(202) 742-5897,Jillyan Bacallao,Margaret Coughlan
A5522,ARTHUR INOSHITA,Aledade 201 National MSSP,"AL, CA, FL, MO, NE, NV, NH, NJ, NC, PA, SC, TX, UT, VA",1,1/1/2025,1/1/2025,0,1,E,0,0,1,0,0,0,0,0,1,"4550 Montgomery Ave, Suite 950N, Bethesda, MD, 20814",https://aledade.com/aledade-201-National-MSSP,Jennifer Campioli,jcampioli@aledade.com,(202) 803-7979,Travis Broome,travis@aledade.com,(202) 742-5897,Jillyan Bacallao,Margaret Coughlan
A5522,ASHLAND FAMILY CARE,Aledade 201 National MSSP,"AL, CA, FL, MO, NE, NV, NH, NJ, NC, PA, SC, TX, UT, VA",1,1/1/2025,1/1/2025,0,1,E,0,0,1,0,0,0,0,0,1,"4550 Montgomery Ave, Suite 950N, Bethesda, MD, 20814",https://aledade.com/aledade-201-National-MSSP,Jennifer Campioli,jcampioli@aledade.com,(202) 803-7979,Travis Broome,travis@aledade.com,(202) 742-5897,Jillyan Bacallao,Margaret Coughlan
A5522,ATREUS LLC,Aledade 201 National MSSP,"AL, CA, FL, MO, NE, NV, NH, NJ, NC, PA, SC, TX, UT, VA",1,1/1/2025,1/1/2025,0,1,E,0,0,1,0,0,0,0,0,1,"4550 Montgomery Ave, Suite 950N, Bethesda, MD, 20814",https://aledade.com/aledade-201-National-MSSP,Jennifer Campioli,jcampioli@aledade.com,(202) 803-7979,Travis Broome,travis@aledade.com,(202) 742-5897,Jillyan Bacallao,Margaret Coughlan
A5522,BCS ABUNDANT LIFE FAMILY PRACTICE,Aledade 201 National MSSP,"AL, CA, FL, MO, NE, NV, NH, NJ, NC, PA, SC, TX, UT, VA",1,1/1/2025,1/1/2025,0,1,E,0,0,1,0,0,0,0,0,1,"4550 Montgomery Ave, Suite 950N, Bethesda, MD, 20814",https://aledade.com/aledade-201-National-MSSP,Jennifer Campioli,jcampioli@aledade.com,(202) 803-7979,Travis Broome,travis@aledade.com,(202) 742-5897,Jillyan Bacallao,Margaret Coughlan
A5522,"BEMIS MEDICAL CLINIC, INC.",Aledade 201 National MSSP,"AL, CA, FL, MO, NE, NV, NH, NJ, NC, PA, SC, TX, UT, VA",1,1/1/2025,1/1/2025,0,1,E,0,0,1,0,0,0,0,0,1,"4550 Montgomery Ave, Suite 950N, Bethesda, MD, 20814",https://aledade.com/aledade-201-National-MSSP,Jennifer Campioli,jcampioli@aledade.com,(202) 803-7979,Travis Broome,travis@aledade.com,(202) 742-5897,Jillyan Bacallao,Margaret Coughlan
A5522,BEVID MEDICAL,Aledade 201 National MSSP,"AL, CA, FL, MO, NE, NV, NH, NJ, NC, PA, SC, TX, UT, VA",1,1/1/2025,1/1/2025,0,1,E,0,0,1,0,0,0,0,0,1,"4550 Montgomery Ave, Suite 950N, Bethesda, MD, 20814",https://aledade.com/aledade-201-National-MSSP,Jennifer Campioli,jcampioli@aledade.com,(202) 803-7979,Travis Broome,travis@aledade.com,(202) 742-5897,Jillyan Bacallao,Margaret Coughlan
A5522,BRIGHT CARE FAMILY MEDICINE CORP,Aledade 201 National MSSP,"AL, CA, FL, MO, NE, NV, NH, NJ, NC, PA, SC, TX, UT, VA",1,1/1/2025,1/1/2025,0,1,E,0,0,1,0,0,0,0,0,1,"4550 Montgomery Ave, Suite 950N, Bethesda, MD, 20814",https://aledade.com/aledade-201-National-MSSP,Jennifer Campioli,jcampioli@aledade.com,(202) 803-7979,Travis Broome,travis@aledade.com,(202) 742-5897,Jillyan Bacallao,Margaret Coughlan
A5522,CALZADA PRIMARY CARE PA,Aledade 201 National MSSP,"AL, CA, FL, MO, NE, NV, NH, NJ, NC, PA, SC, TX, UT, VA",1,1/1/2025,1/1/2025,0,1,E,0,0,1,0,0,0,0,0,1,"4550 Montgomery Ave, Suite 950N, Bethesda, MD, 20814",https://aledade.com/aledade-201-National-MSSP,Jennifer Campioli,jcampioli@aledade.com,(202) 803-7979,Travis Broome,travis@aledade.com,(202) 742-5897,Jillyan Bacallao,Margaret Coughlan
A5522,CARE TEAM HOSPITALISTS LLC,Aledade 201 National MSSP,"AL, CA, FL, MO, NE, NV, NH, NJ, NC, PA, SC, TX, UT, VA",1,1/1/2025,1/1/2025,0,1,E,0,0,1,0,0,0,0,0,1,"4550 Montgomery Ave, Suite 950N, Bethesda, MD, 20814",https://aledade.com/aledade-201-National-MSSP,Jennifer Campioli,jcampioli@aledade.com,(202) 803-7979,Travis Broome,travis@aledade.com,(202) 742-5897,Jillyan Bacallao,Margaret Coughlan
A5522,"CAROLINA GERIATRIC SPECIALISTS, LLC",Aledade 201 National MSSP,"AL, CA, FL, MO, NE, NV, NH, NJ, NC, PA, SC, TX, UT, VA",1,1/1/2025,1/1/2025,0,1,E,0,0,1,0,0,0,0,0,1,"4550 Montgomery Ave, Suite 950N, Bethesda, MD, 20814",https://aledade.com/aledade-201-National-MSSP,Jennifer Campioli,jcampioli@aledade.com,(202) 803-7979,Travis Broome,travis@aledade.com,(202) 742-5897,Jillyan Bacallao,Margaret Coughlan
A5522,CAVERY HEALTH CLINIC,Aledade 201 National MSSP,"AL, CA, FL, MO, NE, NV, NH, NJ, NC, PA, SC, TX, UT, VA",1,1/1/2025,1/1/2025,0,1,E,0,0,1,0,0,0,0,0,1,"4550 Montgomery Ave, Suite 950N, Bethesda, MD, 20814",https://aledade.com/aledade-201-National-MSSP,Jennifer Campioli,jcampioli@aledade.com,(202) 803-7979,Travis Broome,travis@aledade.com,(202) 742-5897,Jillyan Bacallao,Margaret Coughlan
A5522,CHARLES MOORE,Aledade 201 National MSSP,"AL, CA, FL, MO, NE, NV, NH, NJ, NC, PA, SC, TX, UT, VA",1,1/1/2025,1/1/2025,0,1,E,0,0,1,0,0,0,0,0,1,"4550 Montgomery Ave, Suite 950N, Bethesda, MD, 20814",https://aledade.com/aledade-201-National-MSSP,Jennifer Campioli,jcampioli@aledade.com,(202) 803-7979,Travis Broome,travis@aledade.com,(202) 742-5897,Jillyan Bacallao,Margaret Coughlan
A5522,"CHILTON FAMILY MEDICINE, P.C.",Aledade 201 National MSSP,"AL, CA, FL, MO, NE, NV, NH, NJ, NC, PA, SC, TX, UT, VA",1,1/1/2025,1/1/2025,0,1,E,0,0,1,0,0,0,0,0,1,"4550 Montgomery Ave, Suite 950N, Bethesda, MD, 20814",https://aledade.com/aledade-201-National-MSSP,Jennifer Campioli,jcampioli@aledade.com,(202) 803-7979,Travis Broome,travis@aledade.com,(202) 742-5897,Jillyan Bacallao,Margaret Coughlan
A5522,"CLINIC OF GADSDEN, PC",Aledade 201 National MSSP,"AL, CA, FL, MO, NE, NV, NH, NJ, NC, PA, SC, TX, UT, VA",1,1/1/2025,1/1/2025,0,1,E,0,0,1,0,0,0,0,0,1,"4550 Montgomery Ave, Suite 950N, Bethesda, MD, 20814",https://aledade.com/aledade-201-National-MSSP,Jennifer Campioli,jcampioli@aledade.com,(202) 803-7979,Travis Broome,travis@aledade.com,(202) 742-5897,Jillyan Bacallao,Margaret Coughlan
A5522,"COLLIER MEDICAL SPECIALISTS, INC",Aledade 201 National MSSP,"AL, CA, FL, MO, NE, NV, NH, NJ, NC, PA, SC, TX, UT, VA",1,1/1/2025,1/1/2025,0,1,E,0,0,1,0,0,0,0,0,1,"4550 Montgomery Ave, Suite 950N, Bethesda, MD, 20814",https://aledade.com/aledade-201-National-MSSP,Jennifer Campioli,jcampioli@aledade.com,(202) 803-7979,Travis Broome,travis@aledade.com,(202) 742-5897,Jillyan Bacallao,Margaret Coughlan
A5522,COOS COUNTY FAMILY HEALTH SERVICES INC,Aledade 201 National MSSP,"AL, CA, FL, MO, NE, NV, NH, NJ, NC, PA, SC, TX, UT, VA",1,1/1/2025,1/1/2025,0,1,E,0,0,1,0,0,0,0,0,1,"4550 Montgomery Ave, Suite 950N, Bethesda, MD, 20814",https://aledade.com/aledade-201-National-MSSP,Jennifer Campioli,jcampioli@aledade.com,(202) 803-7979,Travis Broome,travis@aledade.com,(202) 742-5897,Jillyan Bacallao,Margaret Coughlan
A5522,"CREEKSIDE FAMILY MEDICINE, LLC",Aledade 201 National MSSP,"AL, CA, FL, MO, NE, NV, NH, NJ, NC, PA, SC, TX, UT, VA",1,1/1/2025,1/1/2025,0,1,E,0,0,1,0,0,0,0,0,1,"4550 Montgomery Ave, Suite 950N, Bethesda, MD, 20814",https://aledade.com/aledade-201-National-MSSP,Jennifer Campioli,jcampioli@aledade.com,(202) 803-7979,Travis Broome,travis@aledade.com,(202) 742-5897,Jillyan Bacallao,Margaret Coughlan
A5522,"CYNTHIA GULICK, PC",Aledade 201 National MSSP,"AL, CA, FL, MO, NE, NV, NH, NJ, NC, PA, SC, TX, UT, VA",1,1/1/2025,1/1/2025,0,1,E,0,0,1,0,0,0,0,0,1,"4550 Montgomery Ave, Suite 950N, Bethesda, MD, 20814",https://aledade.com/aledade-201-National-MSSP,Jennifer Campioli,jcampioli@aledade.com,(202) 803-7979,Travis Broome,travis@aledade.com,(202) 742-5897,Jillyan Bacallao,Margaret Coughlan
A5522,DAVID JAMESON,Aledade 201 National MSSP,"AL, CA, FL, MO, NE, NV, NH, NJ, NC, PA, SC, TX, UT, VA",1,1/1/2025,1/1/2025,0,1,E,0,0,1,0,0,0,0,0,1,"4550 Montgomery Ave, Suite 950N, Bethesda, MD, 20814",https://aledade.com/aledade-201-National-MSSP,Jennifer Campioli,jcampioli@aledade.com,(202) 803-7979,Travis Broome,travis@aledade.com,(202) 742-5897,Jillyan Bacallao,Margaret Coughlan
A5522,DEDICATED DOCTORS PC,Aledade 201 National MSSP,"AL, CA, FL, MO, NE, NV, NH, NJ, NC, PA, SC, TX, UT, VA",1,1/1/2025,1/1/2025,0,1,E,0,0,1,0,0,0,0,0,1,"4550 Montgomery Ave, Suite 950N, Bethesda, MD, 20814",https://aledade.com/aledade-201-National-MSSP,Jennifer Campioli,jcampioli@aledade.com,(202) 803-7979,Travis Broome,travis@aledade.com,(202) 742-5897,Jillyan Bacallao,Margaret Coughlan
A5522,DESERT PRIMARY CARE PLLC,Aledade 201 National MSSP,"AL, CA, FL, MO, NE, NV, NH, NJ, NC, PA, SC, TX, UT, VA",1,1/1/2025,1/1/2025,0,1,E,0,0,1,0,0,0,0,0,1,"4550 Montgomery Ave, Suite 950N, Bethesda, MD, 20814",https://aledade.com/aledade-201-National-MSSP,Jennifer Campioli,jcampioli@aledade.com,(202) 803-7979,Travis Broome,travis@aledade.com,(202) 742-5897,Jillyan Bacallao,Margaret Coughlan
A5522,"DOWNTOWN PRIMARY CARE, LLC",Aledade 201 National MSSP,"AL, CA, FL, MO, NE, NV, NH, NJ, NC, PA, SC, TX, UT, VA",1,1/1/2025,1/1/2025,0,1,E,0,0,1,0,0,0,0,0,1,"4550 Montgomery Ave, Suite 950N, Bethesda, MD, 20814",https://aledade.com/aledade-201-National-MSSP,Jennifer Campioli,jcampioli@aledade.com,(202) 803-7979,Travis Broome,travis@aledade.com,(202) 742-5897,Jillyan Bacallao,Margaret Coughlan
A5522,"DR WATSON CONCIERGE MEDICINE, PLLC",Aledade 201 National MSSP,"AL, CA, FL, MO, NE, NV, NH, NJ, NC, PA, SC, TX, UT, VA",1,1/1/2025,1/1/2025,0,1,E,0,0,1,0,0,0,0,0,1,"4550 Montgomery Ave, Suite 950N, Bethesda, MD, 20814",https://aledade.com/aledade-201-National-MSSP,Jennifer Campioli,jcampioli@aledade.com,(202) 803-7979,Travis Broome,travis@aledade.com,(202) 742-5897,Jillyan Bacallao,Margaret Coughlan
A5522,EASY CARE URGENT CARE,Aledade 201 National MSSP,"AL, CA, FL, MO, NE, NV, NH, NJ, NC, PA, SC, TX, UT, VA",1,1/1/2025,1/1/2025,0,1,E,0,0,1,0,0,0,0,0,1,"4550 Montgomery Ave, Suite 950N, Bethesda, MD, 20814",https://aledade.com/aledade-201-National-MSSP,Jennifer Campioli,jcampioli@aledade.com,(202) 803-7979,Travis Broome,travis@aledade.com,(202) 742-5897,Jillyan Bacallao,Margaret Coughlan
A5522,EDWARD BUSH,Aledade 201 National MSSP,"AL, CA, FL, MO, NE, NV, NH, NJ, NC, PA, SC, TX, UT, VA",1,1/1/2025,1/1/2025,0,1,E,0,0,1,0,0,0,0,0,1,"4550 Montgomery Ave, Suite 950N, Bethesda, MD, 20814",https://aledade.com/aledade-201-National-MSSP,Jennifer Campioli,jcampioli@aledade.com,(202) 803-7979,Travis Broome,travis@aledade.com,(202) 742-5897,Jillyan Bacallao,Margaret Coughlan
A5522,ELON HEALTH PRIMARY CARE LLC,Aledade 201 National MSSP,"AL, CA, FL, MO, NE, NV, NH, NJ, NC, PA, SC, TX, UT, VA",1,1/1/2025,1/1/2025,0,1,E,0,0,1,0,0,0,0,0,1,"4550 Montgomery Ave, Suite 950N, Bethesda, MD, 20814",https://aledade.com/aledade-201-National-MSSP,Jennifer Campioli,jcampioli@aledade.com,(202) 803-7979,Travis Broome,travis@aledade.com,(202) 742-5897,Jillyan Bacallao,Margaret Coughlan
A5522,"ERACARE PHYSICIANS, LLC",Aledade 201 National MSSP,"AL, CA, FL, MO, NE, NV, NH, NJ, NC, PA, SC, TX, UT, VA",1,1/1/2025,1/1/2025,0,1,E,0,0,1,0,0,0,0,0,1,"4550 Montgomery Ave, Suite 950N, Bethesda, MD, 20814",https://aledade.com/aledade-201-National-MSSP,Jennifer Campioli,jcampioli@aledade.com,(202) 803-7979,Travis Broome,travis@aledade.com,(202) 742-5897,Jillyan Bacallao,Margaret Coughlan
A5522,ERIC FARRON,Aledade 201 National MSSP,"AL, CA, FL, MO, NE, NV, NH, NJ, NC, PA, SC, TX, UT, VA",1,1/1/2025,1/1/2025,0,1,E,0,0,1,0,0,0,0,0,1,"4550 Montgomery Ave, Suite 950N, Bethesda, MD, 20814",https://aledade.com/aledade-201-National-MSSP,Jennifer Campioli,jcampioli@aledade.com,(202) 803-7979,Travis Broome,travis@aledade.com,(202) 742-5897,Jillyan Bacallao,Margaret Coughlan
A5522,ETOWAH FAMILY MEDICAL PC,Aledade 201 National MSSP,"AL, CA, FL, MO, NE, NV, NH, NJ, NC, PA, SC, TX, UT, VA",1,1/1/2025,1/1/2025,0,1,E,0,0,1,0,0,0,0,0,1,"4550 Montgomery Ave, Suite 950N, Bethesda, MD, 20814",https://aledade.com/aledade-201-National-MSSP,Jennifer Campioli,jcampioli@aledade.com,(202) 803-7979,Travis Broome,travis@aledade.com,(202) 742-5897,Jillyan Bacallao,Margaret Coughlan
A5522,FAMILY CARE ASSOCIATES P A,Aledade 201 National MSSP,"AL, CA, FL, MO, NE, NV, NH, NJ, NC, PA, SC, TX, UT, VA",1,1/1/2025,1/1/2025,0,1,E,0,0,1,0,0,0,0,0,1,"4550 Montgomery Ave, Suite 950N, Bethesda, MD, 20814",https://aledade.com/aledade-201-National-MSSP,Jennifer Campioli,jcampioli@aledade.com,(202) 803-7979,Travis Broome,travis@aledade.com,(202) 742-5897,Jillyan Bacallao,Margaret Coughlan
A5522,Farhan family medicine PLLC,Aledade 201 National MSSP,"AL, CA, FL, MO, NE, NV, NH, NJ, NC, PA, SC, TX, UT, VA",1,1/1/2025,1/1/2025,0,1,E,0,0,1,0,0,0,0,0,1,"4550 Montgomery Ave, Suite 950N, Bethesda, MD, 20814",https://aledade.com/aledade-201-National-MSSP,Jennifer Campioli,jcampioli@aledade.com,(202) 803-7979,Travis Broome,travis@aledade.com,(202) 742-5897,Jillyan Bacallao,Margaret Coughlan
A5522,FIRSTCHOICE FAMILY CARE,Aledade 201 National MSSP,"AL, CA, FL, MO, NE, NV, NH, NJ, NC, PA, SC, TX, UT, VA",1,1/1/2025,1/1/2025,0,1,E,0,0,1,0,0,0,0,0,1,"4550 Montgomery Ave, Suite 950N, Bethesda, MD, 20814",https://aledade.com/aledade-201-National-MSSP,Jennifer Campioli,jcampioli@aledade.com,(202) 803-7979,Travis Broome,travis@aledade.com,(202) 742-5897,Jillyan Bacallao,Margaret Coughlan
A5522,FIRSTMDVIP,Aledade 201 National MSSP,"AL, CA, FL, MO, NE, NV, NH, NJ, NC, PA, SC, TX, UT, VA",1,1/1/2025,1/1/2025,0,1,E,0,0,1,0,0,0,0,0,1,"4550 Montgomery Ave, Suite 950N, Bethesda, MD, 20814",https://aledade.com/aledade-201-National-MSSP,Jennifer Campioli,jcampioli@aledade.com,(202) 803-7979,Travis Broome,travis@aledade.com,(202) 742-5897,Jillyan Bacallao,Margaret Coughlan
A5522,FRANCONIA FAMILY MEDICINE PC,Aledade 201 National MSSP,"AL, CA, FL, MO, NE, NV, NH, NJ, NC, PA, SC, TX, UT, VA",1,1/1/2025,1/1/2025,0,1,E,0,0,1,0,0,0,0,0,1,"4550 Montgomery Ave, Suite 950N, Bethesda, MD, 20814",https://aledade.com/aledade-201-National-MSSP,Jennifer Campioli,jcampioli@aledade.com,(202) 803-7979,Travis Broome,travis@aledade.com,(202) 742-5897,Jillyan Bacallao,Margaret Coughlan
A5522,"FREEMAN MEDICAL GROUP, LLC",Aledade 201 National MSSP,"AL, CA, FL, MO, NE, NV, NH, NJ, NC, PA, SC, TX, UT, VA",1,1/1/2025,1/1/2025,0,1,E,0,0,1,0,0,0,0,0,1,"4550 Montgomery Ave, Suite 950N, Bethesda, MD, 20814",https://aledade.com/aledade-201-National-MSSP,Jennifer Campioli,jcampioli@aledade.com,(202) 803-7979,Travis Broome,travis@aledade.com,(202) 742-5897,Jillyan Bacallao,Margaret Coughlan
A5522,GENUINE CARE PHYSICIAN PC,Aledade 201 National MSSP,"AL, CA, FL, MO, NE, NV, NH, NJ, NC, PA, SC, TX, UT, VA",1,1/1/2025,1/1/2025,0,1,E,0,0,1,0,0,0,0,0,1,"4550 Montgomery Ave, Suite 950N, Bethesda, MD, 20814",https://aledade.com/aledade-201-National-MSSP,Jennifer Campioli,jcampioli@aledade.com,(202) 803-7979,Travis Broome,travis@aledade.com,(202) 742-5897,Jillyan Bacallao,Margaret Coughlan
A5522,GERIATRIC PRIMARY CARE PA,Aledade 201 National MSSP,"AL, CA, FL, MO, NE, NV, NH, NJ, NC, PA, SC, TX, UT, VA",1,1/1/2025,1/1/2025,0,1,E,0,0,1,0,0,0,0,0,1,"4550 Montgomery Ave, Suite 950N, Bethesda, MD, 20814",https://aledade.com/aledade-201-National-MSSP,Jennifer Campioli,jcampioli@aledade.com,(202) 803-7979,Travis Broome,travis@aledade.com,(202) 742-5897,Jillyan Bacallao,Margaret Coughlan
A5522,"GUADALUPE FAMILY HEALTH, PA",Aledade 201 National MSSP,"AL, CA, FL, MO, NE, NV, NH, NJ, NC, PA, SC, TX, UT, VA",1,1/1/2025,1/1/2025,0,1,E,0,0,1,0,0,0,0,0,1,"4550 Montgomery Ave, Suite 950N, Bethesda, MD, 20814",https://aledade.com/aledade-201-National-MSSP,Jennifer Campioli,jcampioli@aledade.com,(202) 803-7979,Travis Broome,travis@aledade.com,(202) 742-5897,Jillyan Bacallao,Margaret Coughlan
A5522,GUNNISON VALLEY HOSPITAL,Aledade 201 National MSSP,"AL, CA, FL, MO, NE, NV, NH, NJ, NC, PA, SC, TX, UT, VA",1,1/1/2025,1/1/2025,0,1,E,0,0,1,0,0,0,0,0,1,"4550 Montgomery Ave, Suite 950N, Bethesda, MD, 20814",https://aledade.com/aledade-201-National-MSSP,Jennifer Campioli,jcampioli@aledade.com,(202) 803-7979,Travis Broome,travis@aledade.com,(202) 742-5897,Jillyan Bacallao,Margaret Coughlan
A5522,HERITAGE HILLS FAMILY MEDICINE PC,Aledade 201 National MSSP,"AL, CA, FL, MO, NE, NV, NH, NJ, NC, PA, SC, TX, UT, VA",1,1/1/2025,1/1/2025,0,1,E,0,0,1,0,0,0,0,0,1,"4550 Montgomery Ave, Suite 950N, Bethesda, MD, 20814",https://aledade.com/aledade-201-National-MSSP,Jennifer Campioli,jcampioli@aledade.com,(202) 803-7979,Travis Broome,travis@aledade.com,(202) 742-5897,Jillyan Bacallao,Margaret Coughlan
A5522,HOMEMD HOUSECALL SERVICES FLORIDA,Aledade 201 National MSSP,"AL, CA, FL, MO, NE, NV, NH, NJ, NC, PA, SC, TX, UT, VA",1,1/1/2025,1/1/2025,0,1,E,0,0,1,0,0,0,0,0,1,"4550 Montgomery Ave, Suite 950N, Bethesda, MD, 20814",https://aledade.com/aledade-201-National-MSSP,Jennifer Campioli,jcampioli@aledade.com,(202) 803-7979,Travis Broome,travis@aledade.com,(202) 742-5897,Jillyan Bacallao,Margaret Coughlan
A5522,IM CLINIC LLC,Aledade 201 National MSSP,"AL, CA, FL, MO, NE, NV, NH, NJ, NC, PA, SC, TX, UT, VA",1,1/1/2025,1/1/2025,0,1,E,0,0,1,0,0,0,0,0,1,"4550 Montgomery Ave, Suite 950N, Bethesda, MD, 20814",https://aledade.com/aledade-201-National-MSSP,Jennifer Campioli,jcampioli@aledade.com,(202) 803-7979,Travis Broome,travis@aledade.com,(202) 742-5897,Jillyan Bacallao,Margaret Coughlan
A5522,IN CHRIST ALONE PLLC,Aledade 201 National MSSP,"AL, CA, FL, MO, NE, NV, NH, NJ, NC, PA, SC, TX, UT, VA",1,1/1/2025,1/1/2025,0,1,E,0,0,1,0,0,0,0,0,1,"4550 Montgomery Ave, Suite 950N, Bethesda, MD, 20814",https://aledade.com/aledade-201-National-MSSP,Jennifer Campioli,jcampioli@aledade.com,(202) 803-7979,Travis Broome,travis@aledade.com,(202) 742-5897,Jillyan Bacallao,Margaret Coughlan
A5522,INDIANA EXCEPTIONAL MEDICAL CARE,Aledade 201 National MSSP,"AL, CA, FL, MO, NE, NV, NH, NJ, NC, PA, SC, TX, UT, VA",1,1/1/2025,1/1/2025,0,1,E,0,0,1,0,0,0,0,0,1,"4550 Montgomery Ave, Suite 950N, Bethesda, MD, 20814",https://aledade.com/aledade-201-National-MSSP,Jennifer Campioli,jcampioli@aledade.com,(202) 803-7979,Travis Broome,travis@aledade.com,(202) 742-5897,Jillyan Bacallao,Margaret Coughlan
A5522,INTERNAL MEDICINE AND AESTHETICS OF NAPLES LLC,Aledade 201 National MSSP,"AL, CA, FL, MO, NE, NV, NH, NJ, NC, PA, SC, TX, UT, VA",1,1/1/2025,1/1/2025,0,1,E,0,0,1,0,0,0,0,0,1,"4550 Montgomery Ave, Suite 950N, Bethesda, MD, 20814",https://aledade.com/aledade-201-National-MSSP,Jennifer Campioli,jcampioli@aledade.com,(202) 803-7979,Travis Broome,travis@aledade.com,(202) 742-5897,Jillyan Bacallao,Margaret Coughlan
A5522,INTERNAL MEDICINE AND WOUND CARE SPECIALIST LLC,Aledade 201 National MSSP,"AL, CA, FL, MO, NE, NV, NH, NJ, NC, PA, SC, TX, UT, VA",1,1/1/2025,1/1/2025,0,1,E,0,0,1,0,0,0,0,0,1,"4550 Montgomery Ave, Suite 950N, Bethesda, MD, 20814",https://aledade.com/aledade-201-National-MSSP,Jennifer Campioli,jcampioli@aledade.com,(202) 803-7979,Travis Broome,travis@aledade.com,(202) 742-5897,Jillyan Bacallao,Margaret Coughlan
A5522,INTERNAL MEDICINE ASSOCIATES OF SOMERSET,Aledade 201 National MSSP,"AL, CA, FL, MO, NE, NV, NH, NJ, NC, PA, SC, TX, UT, VA",1,1/1/2025,1/1/2025,0,1,E,0,0,1,0,0,0,0,0,1,"4550 Montgomery Ave, Suite 950N, Bethesda, MD, 20814",https://aledade.com/aledade-201-National-MSSP,Jennifer Campioli,jcampioli@aledade.com,(202) 803-7979,Travis Broome,travis@aledade.com,(202) 742-5897,Jillyan Bacallao,Margaret Coughlan
A5522,INTERNAL MEDICINE OF THE WABASH VALLEY PC,Aledade 201 National MSSP,"AL, CA, FL, MO, NE, NV, NH, NJ, NC, PA, SC, TX, UT, VA",1,1/1/2025,1/1/2025,0,1,E,0,0,1,0,0,0,0,0,1,"4550 Montgomery Ave, Suite 950N, Bethesda, MD, 20814",https://aledade.com/aledade-201-National-MSSP,Jennifer Campioli,jcampioli@aledade.com,(202) 803-7979,Travis Broome,travis@aledade.com,(202) 742-5897,Jillyan Bacallao,Margaret Coughlan
A5522,"INTERNAL MEDICINE,GERIATRICS AND ONCOLOGY GROUP, P.C.",Aledade 201 National MSSP,"AL, CA, FL, MO, NE, NV, NH, NJ, NC, PA, SC, TX, UT, VA",1,1/1/2025,1/1/2025,0,1,E,0,0,1,0,0,0,0,0,1,"4550 Montgomery Ave, Suite 950N, Bethesda, MD, 20814",https://aledade.com/aledade-201-National-MSSP,Jennifer Campioli,jcampioli@aledade.com,(202) 803-7979,Travis Broome,travis@aledade.com,(202) 742-5897,Jillyan Bacallao,Margaret Coughlan
A5522,IQBAL SAEED MD LLC,Aledade 201 National MSSP,"AL, CA, FL, MO, NE, NV, NH, NJ, NC, PA, SC, TX, UT, VA",1,1/1/2025,1/1/2025,0,1,E,0,0,1,0,0,0,0,0,1,"4550 Montgomery Ave, Suite 950N, Bethesda, MD, 20814",https://aledade.com/aledade-201-National-MSSP,Jennifer Campioli,jcampioli@aledade.com,(202) 803-7979,Travis Broome,travis@aledade.com,(202) 742-5897,Jillyan Bacallao,Margaret Coughlan
A5522,ISLAND FAMILY HEALTH LLC,Aledade 201 National MSSP,"AL, CA, FL, MO, NE, NV, NH, NJ, NC, PA, SC, TX, UT, VA",1,1/1/2025,1/1/2025,0,1,E,0,0,1,0,0,0,0,0,1,"4550 Montgomery Ave, Suite 950N, Bethesda, MD, 20814",https://aledade.com/aledade-201-National-MSSP,Jennifer Campioli,jcampioli@aledade.com,(202) 803-7979,Travis Broome,travis@aledade.com,(202) 742-5897,Jillyan Bacallao,Margaret Coughlan
A5522,J HUGHES,Aledade 201 National MSSP,"AL, CA, FL, MO, NE, NV, NH, NJ, NC, PA, SC, TX, UT, VA",1,1/1/2025,1/1/2025,0,1,E,0,0,1,0,0,0,0,0,1,"4550 Montgomery Ave, Suite 950N, Bethesda, MD, 20814",https://aledade.com/aledade-201-National-MSSP,Jennifer Campioli,jcampioli@aledade.com,(202) 803-7979,Travis Broome,travis@aledade.com,(202) 742-5897,Jillyan Bacallao,Margaret Coughlan
A5522,J TRAN FAMILY CARE INC,Aledade 201 National MSSP,"AL, CA, FL, MO, NE, NV, NH, NJ, NC, PA, SC, TX, UT, VA",1,1/1/2025,1/1/2025,0,1,E,0,0,1,0,0,0,0,0,1,"4550 Montgomery Ave, Suite 950N, Bethesda, MD, 20814",https://aledade.com/aledade-201-National-MSSP,Jennifer Campioli,jcampioli@aledade.com,(202) 803-7979,Travis Broome,travis@aledade.com,(202) 742-5897,Jillyan Bacallao,Margaret Coughlan
A5522,JEEVAN GOWDA,Aledade 201 National MSSP,"AL, CA, FL, MO, NE, NV, NH, NJ, NC, PA, SC, TX, UT, VA",1,1/1/2025,1/1/2025,0,1,E,0,0,1,0,0,0,0,0,1,"4550 Montgomery Ave, Suite 950N, Bethesda, MD, 20814",https://aledade.com/aledade-201-National-MSSP,Jennifer Campioli,jcampioli@aledade.com,(202) 803-7979,Travis Broome,travis@aledade.com,(202) 742-5897,Jillyan Bacallao,Margaret Coughlan
A5522,Jewell County Rural Health Clinic,Aledade 201 National MSSP,"AL, CA, FL, MO, NE, NV, NH, NJ, NC, PA, SC, TX, UT, VA",1,1/1/2025,1/1/2025,0,1,E,0,0,1,0,0,0,0,0,1,"4550 Montgomery Ave, Suite 950N, Bethesda, MD, 20814",https://aledade.com/aledade-201-National-MSSP,Jennifer Campioli,jcampioli@aledade.com,(202) 803-7979,Travis Broome,travis@aledade.com,(202) 742-5897,Jillyan Bacallao,Margaret Coughlan
A5522,JIOMED FAMILY CARE LLC,Aledade 201 National MSSP,"AL, CA, FL, MO, NE, NV, NH, NJ, NC, PA, SC, TX, UT, VA",1,1/1/2025,1/1/2025,0,1,E,0,0,1,0,0,0,0,0,1,"4550 Montgomery Ave, Suite 950N, Bethesda, MD, 20814",https://aledade.com/aledade-201-National-MSSP,Jennifer Campioli,jcampioli@aledade.com,(202) 803-7979,Travis Broome,travis@aledade.com,(202) 742-5897,Jillyan Bacallao,Margaret Coughlan
A5522,JOHN G HIGHFILL MD PROF LLC,Aledade 201 National MSSP,"AL, CA, FL, MO, NE, NV, NH, NJ, NC, PA, SC, TX, UT, VA",1,1/1/2025,1/1/2025,0,1,E,0,0,1,0,0,0,0,0,1,"4550 Montgomery Ave, Suite 950N, Bethesda, MD, 20814",https://aledade.com/aledade-201-National-MSSP,Jennifer Campioli,jcampioli@aledade.com,(202) 803-7979,Travis Broome,travis@aledade.com,(202) 742-5897,Jillyan Bacallao,Margaret Coughlan
A5522,"KORUNDA MEDICAL, LLC",Aledade 201 National MSSP,"AL, CA, FL, MO, NE, NV, NH, NJ, NC, PA, SC, TX, UT, VA",1,1/1/2025,1/1/2025,0,1,E,0,0,1,0,0,0,0,0,1,"4550 Montgomery Ave, Suite 950N, Bethesda, MD, 20814",https://aledade.com/aledade-201-National-MSSP,Jennifer Campioli,jcampioli@aledade.com,(202) 803-7979,Travis Broome,travis@aledade.com,(202) 742-5897,Jillyan Bacallao,Margaret Coughlan
A5522,LAKSHMIDEVI V PUTTA MD INC,Aledade 201 National MSSP,"AL, CA, FL, MO, NE, NV, NH, NJ, NC, PA, SC, TX, UT, VA",1,1/1/2025,1/1/2025,0,1,E,0,0,1,0,0,0,0,0,1,"4550 Montgomery Ave, Suite 950N, Bethesda, MD, 20814",https://aledade.com/aledade-201-National-MSSP,Jennifer Campioli,jcampioli@aledade.com,(202) 803-7979,Travis Broome,travis@aledade.com,(202) 742-5897,Jillyan Bacallao,Margaret Coughlan
A5522,LAUDERDALE MEDICAL GROUP PLLC,Aledade 201 National MSSP,"AL, CA, FL, MO, NE, NV, NH, NJ, NC, PA, SC, TX, UT, VA",1,1/1/2025,1/1/2025,0,1,E,0,0,1,0,0,0,0,0,1,"4550 Montgomery Ave, Suite 950N, Bethesda, MD, 20814",https://aledade.com/aledade-201-National-MSSP,Jennifer Campioli,jcampioli@aledade.com,(202) 803-7979,Travis Broome,travis@aledade.com,(202) 742-5897,Jillyan Bacallao,Margaret Coughlan
A5522,LAWRENCEVILLE PRIMARY CARE PC,Aledade 201 National MSSP,"AL, CA, FL, MO, NE, NV, NH, NJ, NC, PA, SC, TX, UT, VA",1,1/1/2025,1/1/2025,0,1,E,0,0,1,0,0,0,0,0,1,"4550 Montgomery Ave, Suite 950N, Bethesda, MD, 20814",https://aledade.com/aledade-201-National-MSSP,Jennifer Campioli,jcampioli@aledade.com,(202) 803-7979,Travis Broome,travis@aledade.com,(202) 742-5897,Jillyan Bacallao,Margaret Coughlan
A5522,LIBERTY HEALTHCARE PARTNERS,Aledade 201 National MSSP,"AL, CA, FL, MO, NE, NV, NH, NJ, NC, PA, SC, TX, UT, VA",1,1/1/2025,1/1/2025,0,1,E,0,0,1,0,0,0,0,0,1,"4550 Montgomery Ave, Suite 950N, Bethesda, MD, 20814",https://aledade.com/aledade-201-National-MSSP,Jennifer Campioli,jcampioli@aledade.com,(202) 803-7979,Travis Broome,travis@aledade.com,(202) 742-5897,Jillyan Bacallao,Margaret Coughlan
A5522,LIGHTHOUSE FAMILY MEDICINE AND WELLNESS PLLC,Aledade 201 National MSSP,"AL, CA, FL, MO, NE, NV, NH, NJ, NC, PA, SC, TX, UT, VA",1,1/1/2025,1/1/2025,0,1,E,0,0,1,0,0,0,0,0,1,"4550 Montgomery Ave, Suite 950N, Bethesda, MD, 20814",https://aledade.com/aledade-201-National-MSSP,Jennifer Campioli,jcampioli@aledade.com,(202) 803-7979,Travis Broome,travis@aledade.com,(202) 742-5897,Jillyan Bacallao,Margaret Coughlan
A5522,LINDA A FOSTER MD PC,Aledade 201 National MSSP,"AL, CA, FL, MO, NE, NV, NH, NJ, NC, PA, SC, TX, UT, VA",1,1/1/2025,1/1/2025,0,1,E,0,0,1,0,0,0,0,0,1,"4550 Montgomery Ave, Suite 950N, Bethesda, MD, 20814",https://aledade.com/aledade-201-National-MSSP,Jennifer Campioli,jcampioli@aledade.com,(202) 803-7979,Travis Broome,travis@aledade.com,(202) 742-5897,Jillyan Bacallao,Margaret Coughlan
A5522,LISA DUCKER,Aledade 201 National MSSP,"AL, CA, FL, MO, NE, NV, NH, NJ, NC, PA, SC, TX, UT, VA",1,1/1/2025,1/1/2025,0,1,E,0,0,1,0,0,0,0,0,1,"4550 Montgomery Ave, Suite 950N, Bethesda, MD, 20814",https://aledade.com/aledade-201-National-MSSP,Jennifer Campioli,jcampioli@aledade.com,(202) 803-7979,Travis Broome,travis@aledade.com,(202) 742-5897,Jillyan Bacallao,Margaret Coughlan
A5522,LYLE E WADSWORTH MD PA,Aledade 201 National MSSP,"AL, CA, FL, MO, NE, NV, NH, NJ, NC, PA, SC, TX, UT, VA",1,1/1/2025,1/1/2025,0,1,E,0,0,1,0,0,0,0,0,1,"4550 Montgomery Ave, Suite 950N, Bethesda, MD, 20814",https://aledade.com/aledade-201-National-MSSP,Jennifer Campioli,jcampioli@aledade.com,(202) 803-7979,Travis Broome,travis@aledade.com,(202) 742-5897,Jillyan Bacallao,Margaret Coughlan
A5522,MACON FAMILY HEALTH CENTER INC,Aledade 201 National MSSP,"AL, CA, FL, MO, NE, NV, NH, NJ, NC, PA, SC, TX, UT, VA",1,1/1/2025,1/1/2025,0,1,E,0,0,1,0,0,0,0,0,1,"4550 Montgomery Ave, Suite 950N, Bethesda, MD, 20814",https://aledade.com/aledade-201-National-MSSP,Jennifer Campioli,jcampioli@aledade.com,(202) 803-7979,Travis Broome,travis@aledade.com,(202) 742-5897,Jillyan Bacallao,Margaret Coughlan
A5522,MAGNOLIA FAMILY PRACTICE LLC,Aledade 201 National MSSP,"AL, CA, FL, MO, NE, NV, NH, NJ, NC, PA, SC, TX, UT, VA",1,1/1/2025,1/1/2025,0,1,E,0,0,1,0,0,0,0,0,1,"4550 Montgomery Ave, Suite 950N, Bethesda, MD, 20814",https://aledade.com/aledade-201-National-MSSP,Jennifer Campioli,jcampioli@aledade.com,(202) 803-7979,Travis Broome,travis@aledade.com,(202) 742-5897,Jillyan Bacallao,Margaret Coughlan
A5522,MAKAM MEDICAL CORPORATION,Aledade 201 National MSSP,"AL, CA, FL, MO, NE, NV, NH, NJ, NC, PA, SC, TX, UT, VA",1,1/1/2025,1/1/2025,0,1,E,0,0,1,0,0,0,0,0,1,"4550 Montgomery Ave, Suite 950N, Bethesda, MD, 20814",https://aledade.com/aledade-201-National-MSSP,Jennifer Campioli,jcampioli@aledade.com,(202) 803-7979,Travis Broome,travis@aledade.com,(202) 742-5897,Jillyan Bacallao,Margaret Coughlan
A5522,MAN C DUONG MD A PROFESSIONAL CORPORATION,Aledade 201 National MSSP,"AL, CA, FL, MO, NE, NV, NH, NJ, NC, PA, SC, TX, UT, VA",1,1/1/2025,1/1/2025,0,1,E,0,0,1,0,0,0,0,0,1,"4550 Montgomery Ave, Suite 950N, Bethesda, MD, 20814",https://aledade.com/aledade-201-National-MSSP,Jennifer Campioli,jcampioli@aledade.com,(202) 803-7979,Travis Broome,travis@aledade.com,(202) 742-5897,Jillyan Bacallao,Margaret Coughlan
A5522,MANSFIELD FAMILY PRACTICE LLC,Aledade 201 National MSSP,"AL, CA, FL, MO, NE, NV, NH, NJ, NC, PA, SC, TX, UT, VA",1,1/1/2025,1/1/2025,0,1,E,0,0,1,0,0,0,0,0,1,"4550 Montgomery Ave, Suite 950N, Bethesda, MD, 20814",https://aledade.com/aledade-201-National-MSSP,Jennifer Campioli,jcampioli@aledade.com,(202) 803-7979,Travis Broome,travis@aledade.com,(202) 742-5897,Jillyan Bacallao,Margaret Coughlan
A5522,"MAPLETON MEDICAL CENTER, INC. PC",Aledade 201 National MSSP,"AL, CA, FL, MO, NE, NV, NH, NJ, NC, PA, SC, TX, UT, VA",1,1/1/2025,1/1/2025,0,1,E,0,0,1,0,0,0,0,0,1,"4550 Montgomery Ave, Suite 950N, Bethesda, MD, 20814",https://aledade.com/aledade-201-National-MSSP,Jennifer Campioli,jcampioli@aledade.com,(202) 803-7979,Travis Broome,travis@aledade.com,(202) 742-5897,Jillyan Bacallao,Margaret Coughlan
A5522,MARGARET M COUGHLAN MD PLLC,Aledade 201 National MSSP,"AL, CA, FL, MO, NE, NV, NH, NJ, NC, PA, SC, TX, UT, VA",1,1/1/2025,1/1/2025,0,1,E,0,0,1,0,0,0,0,0,1,"4550 Montgomery Ave, Suite 950N, Bethesda, MD, 20814",https://aledade.com/aledade-201-National-MSSP,Jennifer Campioli,jcampioli@aledade.com,(202) 803-7979,Travis Broome,travis@aledade.com,(202) 742-5897,Jillyan Bacallao,Margaret Coughlan
A5522,MARGARET PETERSON,Aledade 201 National MSSP,"AL, CA, FL, MO, NE, NV, NH, NJ, NC, PA, SC, TX, UT, VA",1,1/1/2025,1/1/2025,0,1,E,0,0,1,0,0,0,0,0,1,"4550 Montgomery Ave, Suite 950N, Bethesda, MD, 20814",https://aledade.com/aledade-201-National-MSSP,Jennifer Campioli,jcampioli@aledade.com,(202) 803-7979,Travis Broome,travis@aledade.com,(202) 742-5897,Jillyan Bacallao,Margaret Coughlan
A5522,MARIE CLAUDETTE GRAGEDA,Aledade 201 National MSSP,"AL, CA, FL, MO, NE, NV, NH, NJ, NC, PA, SC, TX, UT, VA",1,1/1/2025,1/1/2025,0,1,E,0,0,1,0,0,0,0,0,1,"4550 Montgomery Ave, Suite 950N, Bethesda, MD, 20814",https://aledade.com/aledade-201-National-MSSP,Jennifer Campioli,jcampioli@aledade.com,(202) 803-7979,Travis Broome,travis@aledade.com,(202) 742-5897,Jillyan Bacallao,Margaret Coughlan
A5522,MERIDIAN MEDICAL SERVICES INC,Aledade 201 National MSSP,"AL, CA, FL, MO, NE, NV, NH, NJ, NC, PA, SC, TX, UT, VA",1,1/1/2025,1/1/2025,0,1,E,0,0,1,0,0,0,0,0,1,"4550 Montgomery Ave, Suite 950N, Bethesda, MD, 20814",https://aledade.com/aledade-201-National-MSSP,Jennifer Campioli,jcampioli@aledade.com,(202) 803-7979,Travis Broome,travis@aledade.com,(202) 742-5897,Jillyan Bacallao,Margaret Coughlan
A5522,METROLINA MEDICAL ASSOCIATES P,Aledade 201 National MSSP,"AL, CA, FL, MO, NE, NV, NH, NJ, NC, PA, SC, TX, UT, VA",1,1/1/2025,1/1/2025,0,1,E,0,0,1,0,0,0,0,0,1,"4550 Montgomery Ave, Suite 950N, Bethesda, MD, 20814",https://aledade.com/aledade-201-National-MSSP,Jennifer Campioli,jcampioli@aledade.com,(202) 803-7979,Travis Broome,travis@aledade.com,(202) 742-5897,Jillyan Bacallao,Margaret Coughlan
A5522,"MICHELLE JAMES FAMILY CARE, PLLC",Aledade 201 National MSSP,"AL, CA, FL, MO, NE, NV, NH, NJ, NC, PA, SC, TX, UT, VA",1,1/1/2025,1/1/2025,0,1,E,0,0,1,0,0,0,0,0,1,"4550 Montgomery Ave, Suite 950N, Bethesda, MD, 20814",https://aledade.com/aledade-201-National-MSSP,Jennifer Campioli,jcampioli@aledade.com,(202) 803-7979,Travis Broome,travis@aledade.com,(202) 742-5897,Jillyan Bacallao,Margaret Coughlan
A5522,MOSAIC FAMILY CARE MEDICAL GROUP INC,Aledade 201 National MSSP,"AL, CA, FL, MO, NE, NV, NH, NJ, NC, PA, SC, TX, UT, VA",1,1/1/2025,1/1/2025,0,1,E,0,0,1,0,0,0,0,0,1,"4550 Montgomery Ave, Suite 950N, Bethesda, MD, 20814",https://aledade.com/aledade-201-National-MSSP,Jennifer Campioli,jcampioli@aledade.com,(202) 803-7979,Travis Broome,travis@aledade.com,(202) 742-5897,Jillyan Bacallao,Margaret Coughlan
A5522,MOUNTAIN VIEW INTERNAL MEDICINE AND PEDIATRICS INC.,Aledade 201 National MSSP,"AL, CA, FL, MO, NE, NV, NH, NJ, NC, PA, SC, TX, UT, VA",1,1/1/2025,1/1/2025,0,1,E,0,0,1,0,0,0,0,0,1,"4550 Montgomery Ave, Suite 950N, Bethesda, MD, 20814",https://aledade.com/aledade-201-National-MSSP,Jennifer Campioli,jcampioli@aledade.com,(202) 803-7979,Travis Broome,travis@aledade.com,(202) 742-5897,Jillyan Bacallao,Margaret Coughlan
A5522,NEW PROVIDENCE FAMILY PRACTICE CORPORATION,Aledade 201 National MSSP,"AL, CA, FL, MO, NE, NV, NH, NJ, NC, PA, SC, TX, UT, VA",1,1/1/2025,1/1/2025,0,1,E,0,0,1,0,0,0,0,0,1,"4550 Montgomery Ave, Suite 950N, Bethesda, MD, 20814",https://aledade.com/aledade-201-National-MSSP,Jennifer Campioli,jcampioli@aledade.com,(202) 803-7979,Travis Broome,travis@aledade.com,(202) 742-5897,Jillyan Bacallao,Margaret Coughlan
A5522,NORTH FLORIDA MEDICAL CLINIC INC,Aledade 201 National MSSP,"AL, CA, FL, MO, NE, NV, NH, NJ, NC, PA, SC, TX, UT, VA",1,1/1/2025,1/1/2025,0,1,E,0,0,1,0,0,0,0,0,1,"4550 Montgomery Ave, Suite 950N, Bethesda, MD, 20814",https://aledade.com/aledade-201-National-MSSP,Jennifer Campioli,jcampioli@aledade.com,(202) 803-7979,Travis Broome,travis@aledade.com,(202) 742-5897,Jillyan Bacallao,Margaret Coughlan
A5522,NORTH JACKSON MEDICAL CLINIC PLLC,Aledade 201 National MSSP,"AL, CA, FL, MO, NE, NV, NH, NJ, NC, PA, SC, TX, UT, VA",1,1/1/2025,1/1/2025,0,1,E,0,0,1,0,0,0,0,0,1,"4550 Montgomery Ave, Suite 950N, Bethesda, MD, 20814",https://aledade.com/aledade-201-National-MSSP,Jennifer Campioli,jcampioli@aledade.com,(202) 803-7979,Travis Broome,travis@aledade.com,(202) 742-5897,Jillyan Bacallao,Margaret Coughlan
A5522,NORTHERN FAMILY MEDICINE PLLC,Aledade 201 National MSSP,"AL, CA, FL, MO, NE, NV, NH, NJ, NC, PA, SC, TX, UT, VA",1,1/1/2025,1/1/2025,0,1,E,0,0,1,0,0,0,0,0,1,"4550 Montgomery Ave, Suite 950N, Bethesda, MD, 20814",https://aledade.com/aledade-201-National-MSSP,Jennifer Campioli,jcampioli@aledade.com,(202) 803-7979,Travis Broome,travis@aledade.com,(202) 742-5897,Jillyan Bacallao,Margaret Coughlan
A5522,NRV INTERNAL MEDICINE LLC,Aledade 201 National MSSP,"AL, CA, FL, MO, NE, NV, NH, NJ, NC, PA, SC, TX, UT, VA",1,1/1/2025,1/1/2025,0,1,E,0,0,1,0,0,0,0,0,1,"4550 Montgomery Ave, Suite 950N, Bethesda, MD, 20814",https://aledade.com/aledade-201-National-MSSP,Jennifer Campioli,jcampioli@aledade.com,(202) 803-7979,Travis Broome,travis@aledade.com,(202) 742-5897,Jillyan Bacallao,Margaret Coughlan
A5522,OHIO VALLEY MEDICAL GROUP LLC,Aledade 201 National MSSP,"AL, CA, FL, MO, NE, NV, NH, NJ, NC, PA, SC, TX, UT, VA",1,1/1/2025,1/1/2025,0,1,E,0,0,1,0,0,0,0,0,1,"4550 Montgomery Ave, Suite 950N, Bethesda, MD, 20814",https://aledade.com/aledade-201-National-MSSP,Jennifer Campioli,jcampioli@aledade.com,(202) 803-7979,Travis Broome,travis@aledade.com,(202) 742-5897,Jillyan Bacallao,Margaret Coughlan
A5522,"ONECARE CLINIC, LLC",Aledade 201 National MSSP,"AL, CA, FL, MO, NE, NV, NH, NJ, NC, PA, SC, TX, UT, VA",1,1/1/2025,1/1/2025,0,1,E,0,0,1,0,0,0,0,0,1,"4550 Montgomery Ave, Suite 950N, Bethesda, MD, 20814",https://aledade.com/aledade-201-National-MSSP,Jennifer Campioli,jcampioli@aledade.com,(202) 803-7979,Travis Broome,travis@aledade.com,(202) 742-5897,Jillyan Bacallao,Margaret Coughlan
A5522,OSAMA ANSARI LLC,Aledade 201 National MSSP,"AL, CA, FL, MO, NE, NV, NH, NJ, NC, PA, SC, TX, UT, VA",1,1/1/2025,1/1/2025,0,1,E,0,0,1,0,0,0,0,0,1,"4550 Montgomery Ave, Suite 950N, Bethesda, MD, 20814",https://aledade.com/aledade-201-National-MSSP,Jennifer Campioli,jcampioli@aledade.com,(202) 803-7979,Travis Broome,travis@aledade.com,(202) 742-5897,Jillyan Bacallao,Margaret Coughlan
A5522,OXMOOR MEDICAL GROUP LLC,Aledade 201 National MSSP,"AL, CA, FL, MO, NE, NV, NH, NJ, NC, PA, SC, TX, UT, VA",1,1/1/2025,1/1/2025,0,1,E,0,0,1,0,0,0,0,0,1,"4550 Montgomery Ave, Suite 950N, Bethesda, MD, 20814",https://aledade.com/aledade-201-National-MSSP,Jennifer Campioli,jcampioli@aledade.com,(202) 803-7979,Travis Broome,travis@aledade.com,(202) 742-5897,Jillyan Bacallao,Margaret Coughlan
A5522,PACIFIC GROVE FAMILY MEDICINE INC,Aledade 201 National MSSP,"AL, CA, FL, MO, NE, NV, NH, NJ, NC, PA, SC, TX, UT, VA",1,1/1/2025,1/1/2025,0,1,E,0,0,1,0,0,0,0,0,1,"4550 Montgomery Ave, Suite 950N, Bethesda, MD, 20814",https://aledade.com/aledade-201-National-MSSP,Jennifer Campioli,jcampioli@aledade.com,(202) 803-7979,Travis Broome,travis@aledade.com,(202) 742-5897,Jillyan Bacallao,Margaret Coughlan
A5522,PARSONS HEALTH CO. INC,Aledade 201 National MSSP,"AL, CA, FL, MO, NE, NV, NH, NJ, NC, PA, SC, TX, UT, VA",1,1/1/2025,1/1/2025,0,1,E,0,0,1,0,0,0,0,0,1,"4550 Montgomery Ave, Suite 950N, Bethesda, MD, 20814",https://aledade.com/aledade-201-National-MSSP,Jennifer Campioli,jcampioli@aledade.com,(202) 803-7979,Travis Broome,travis@aledade.com,(202) 742-5897,Jillyan Bacallao,Margaret Coughlan
A5522,PEABODY INTERNAL MEDICINE INC,Aledade 201 National MSSP,"AL, CA, FL, MO, NE, NV, NH, NJ, NC, PA, SC, TX, UT, VA",1,1/1/2025,1/1/2025,0,1,E,0,0,1,0,0,0,0,0,1,"4550 Montgomery Ave, Suite 950N, Bethesda, MD, 20814",https://aledade.com/aledade-201-National-MSSP,Jennifer Campioli,jcampioli@aledade.com,(202) 803-7979,Travis Broome,travis@aledade.com,(202) 742-5897,Jillyan Bacallao,Margaret Coughlan
A5522,PRADIP SHAH,Aledade 201 National MSSP,"AL, CA, FL, MO, NE, NV, NH, NJ, NC, PA, SC, TX, UT, VA",1,1/1/2025,1/1/2025,0,1,E,0,0,1,0,0,0,0,0,1,"4550 Montgomery Ave, Suite 950N, Bethesda, MD, 20814",https://aledade.com/aledade-201-National-MSSP,Jennifer Campioli,jcampioli@aledade.com,(202) 803-7979,Travis Broome,travis@aledade.com,(202) 742-5897,Jillyan Bacallao,Margaret Coughlan
A5522,PREMIER HOUSE CALLS LLC,Aledade 201 National MSSP,"AL, CA, FL, MO, NE, NV, NH, NJ, NC, PA, SC, TX, UT, VA",1,1/1/2025,1/1/2025,0,1,E,0,0,1,0,0,0,0,0,1,"4550 Montgomery Ave, Suite 950N, Bethesda, MD, 20814",https://aledade.com/aledade-201-National-MSSP,Jennifer Campioli,jcampioli@aledade.com,(202) 803-7979,Travis Broome,travis@aledade.com,(202) 742-5897,Jillyan Bacallao,Margaret Coughlan
A5522,PRIMARY CARE PARTNERS OF SOUTH BEND,Aledade 201 National MSSP,"AL, CA, FL, MO, NE, NV, NH, NJ, NC, PA, SC, TX, UT, VA",1,1/1/2025,1/1/2025,0,1,E,0,0,1,0,0,0,0,0,1,"4550 Montgomery Ave, Suite 950N, Bethesda, MD, 20814",https://aledade.com/aledade-201-National-MSSP,Jennifer Campioli,jcampioli@aledade.com,(202) 803-7979,Travis Broome,travis@aledade.com,(202) 742-5897,Jillyan Bacallao,Margaret Coughlan
A5522,PRIMEDOCS PC,Aledade 201 National MSSP,"AL, CA, FL, MO, NE, NV, NH, NJ, NC, PA, SC, TX, UT, VA",1,1/1/2025,1/1/2025,0,1,E,0,0,1,0,0,0,0,0,1,"4550 Montgomery Ave, Suite 950N, Bethesda, MD, 20814",https://aledade.com/aledade-201-National-MSSP,Jennifer Campioli,jcampioli@aledade.com,(202) 803-7979,Travis Broome,travis@aledade.com,(202) 742-5897,Jillyan Bacallao,Margaret Coughlan
A5522,PROGRESSIVE MEDICAL CENTER SC,Aledade 201 National MSSP,"AL, CA, FL, MO, NE, NV, NH, NJ, NC, PA, SC, TX, UT, VA",1,1/1/2025,1/1/2025,0,1,E,0,0,1,0,0,0,0,0,1,"4550 Montgomery Ave, Suite 950N, Bethesda, MD, 20814",https://aledade.com/aledade-201-National-MSSP,Jennifer Campioli,jcampioli@aledade.com,(202) 803-7979,Travis Broome,travis@aledade.com,(202) 742-5897,Jillyan Bacallao,Margaret Coughlan
A5522,PROJECT ACCESS FOUNDATION INC,Aledade 201 National MSSP,"AL, CA, FL, MO, NE, NV, NH, NJ, NC, PA, SC, TX, UT, VA",1,1/1/2025,1/1/2025,0,1,E,0,0,1,0,0,0,0,0,1,"4550 Montgomery Ave, Suite 950N, Bethesda, MD, 20814",https://aledade.com/aledade-201-National-MSSP,Jennifer Campioli,jcampioli@aledade.com,(202) 803-7979,Travis Broome,travis@aledade.com,(202) 742-5897,Jillyan Bacallao,Margaret Coughlan
A5522,QUAD CITIES PRIMARY CARE LLC,Aledade 201 National MSSP,"AL, CA, FL, MO, NE, NV, NH, NJ, NC, PA, SC, TX, UT, VA",1,1/1/2025,1/1/2025,0,1,E,0,0,1,0,0,0,0,0,1,"4550 Montgomery Ave, Suite 950N, Bethesda, MD, 20814",https://aledade.com/aledade-201-National-MSSP,Jennifer Campioli,jcampioli@aledade.com,(202) 803-7979,Travis Broome,travis@aledade.com,(202) 742-5897,Jillyan Bacallao,Margaret Coughlan
A5522,QUANTUM HEALTHCARE SERVICES LLC,Aledade 201 National MSSP,"AL, CA, FL, MO, NE, NV, NH, NJ, NC, PA, SC, TX, UT, VA",1,1/1/2025,1/1/2025,0,1,E,0,0,1,0,0,0,0,0,1,"4550 Montgomery Ave, Suite 950N, Bethesda, MD, 20814",https://aledade.com/aledade-201-National-MSSP,Jennifer Campioli,jcampioli@aledade.com,(202) 803-7979,Travis Broome,travis@aledade.com,(202) 742-5897,Jillyan Bacallao,Margaret Coughlan
A5522,R LAMONT BLOOM MD PA,Aledade 201 National MSSP,"AL, CA, FL, MO, NE, NV, NH, NJ, NC, PA, SC, TX, UT, VA",1,1/1/2025,1/1/2025,0,1,E,0,0,1,0,0,0,0,0,1,"4550 Montgomery Ave, Suite 950N, Bethesda, MD, 20814",https://aledade.com/aledade-201-National-MSSP,Jennifer Campioli,jcampioli@aledade.com,(202) 803-7979,Travis Broome,travis@aledade.com,(202) 742-5897,Jillyan Bacallao,Margaret Coughlan
A5522,RAJIVE K DAS MD,Aledade 201 National MSSP,"AL, CA, FL, MO, NE, NV, NH, NJ, NC, PA, SC, TX, UT, VA",1,1/1/2025,1/1/2025,0,1,E,0,0,1,0,0,0,0,0,1,"4550 Montgomery Ave, Suite 950N, Bethesda, MD, 20814",https://aledade.com/aledade-201-National-MSSP,Jennifer Campioli,jcampioli@aledade.com,(202) 803-7979,Travis Broome,travis@aledade.com,(202) 742-5897,Jillyan Bacallao,Margaret Coughlan
A5522,RANDAL SLOOP MD INC,Aledade 201 National MSSP,"AL, CA, FL, MO, NE, NV, NH, NJ, NC, PA, SC, TX, UT, VA",1,1/1/2025,1/1/2025,0,1,E,0,0,1,0,0,0,0,0,1,"4550 Montgomery Ave, Suite 950N, Bethesda, MD, 20814",https://aledade.com/aledade-201-National-MSSP,Jennifer Campioli,jcampioli@aledade.com,(202) 803-7979,Travis Broome,travis@aledade.com,(202) 742-5897,Jillyan Bacallao,Margaret Coughlan
A5522,RHEUMATOLOGY & ARTHRITIS CONSULTANTS OF SO FLORIDA LLC,Aledade 201 National MSSP,"AL, CA, FL, MO, NE, NV, NH, NJ, NC, PA, SC, TX, UT, VA",1,1/1/2025,1/1/2025,0,1,E,0,0,1,0,0,0,0,0,1,"4550 Montgomery Ave, Suite 950N, Bethesda, MD, 20814",https://aledade.com/aledade-201-National-MSSP,Jennifer Campioli,jcampioli@aledade.com,(202) 803-7979,Travis Broome,travis@aledade.com,(202) 742-5897,Jillyan Bacallao,Margaret Coughlan
A5522,RISER MEDICAL ASSOCIATES PLLC,Aledade 201 National MSSP,"AL, CA, FL, MO, NE, NV, NH, NJ, NC, PA, SC, TX, UT, VA",1,1/1/2025,1/1/2025,0,1,E,0,0,1,0,0,0,0,0,1,"4550 Montgomery Ave, Suite 950N, Bethesda, MD, 20814",https://aledade.com/aledade-201-National-MSSP,Jennifer Campioli,jcampioli@aledade.com,(202) 803-7979,Travis Broome,travis@aledade.com,(202) 742-5897,Jillyan Bacallao,Margaret Coughlan
A5522,RIVERSIDE FAMILY MEDICINE PC,Aledade 201 National MSSP,"AL, CA, FL, MO, NE, NV, NH, NJ, NC, PA, SC, TX, UT, VA",1,1/1/2025,1/1/2025,0,1,E,0,0,1,0,0,0,0,0,1,"4550 Montgomery Ave, Suite 950N, Bethesda, MD, 20814",https://aledade.com/aledade-201-National-MSSP,Jennifer Campioli,jcampioli@aledade.com,(202) 803-7979,Travis Broome,travis@aledade.com,(202) 742-5897,Jillyan Bacallao,Margaret Coughlan
A5522,ROBERT A. STAGLIANO DO PA,Aledade 201 National MSSP,"AL, CA, FL, MO, NE, NV, NH, NJ, NC, PA, SC, TX, UT, VA",1,1/1/2025,1/1/2025,0,1,E,0,0,1,0,0,0,0,0,1,"4550 Montgomery Ave, Suite 950N, Bethesda, MD, 20814",https://aledade.com/aledade-201-National-MSSP,Jennifer Campioli,jcampioli@aledade.com,(202) 803-7979,Travis Broome,travis@aledade.com,(202) 742-5897,Jillyan Bacallao,Margaret Coughlan
A5522,SANDHILLS INTERNAL MEDICINE LLC,Aledade 201 National MSSP,"AL, CA, FL, MO, NE, NV, NH, NJ, NC, PA, SC, TX, UT, VA",1,1/1/2025,1/1/2025,0,1,E,0,0,1,0,0,0,0,0,1,"4550 Montgomery Ave, Suite 950N, Bethesda, MD, 20814",https://aledade.com/aledade-201-National-MSSP,Jennifer Campioli,jcampioli@aledade.com,(202) 803-7979,Travis Broome,travis@aledade.com,(202) 742-5897,Jillyan Bacallao,Margaret Coughlan
A5522,SCOTT H SCHNEIDERMAN DO A MEDICAL CORP,Aledade 201 National MSSP,"AL, CA, FL, MO, NE, NV, NH, NJ, NC, PA, SC, TX, UT, VA",1,1/1/2025,1/1/2025,0,1,E,0,0,1,0,0,0,0,0,1,"4550 Montgomery Ave, Suite 950N, Bethesda, MD, 20814",https://aledade.com/aledade-201-National-MSSP,Jennifer Campioli,jcampioli@aledade.com,(202) 803-7979,Travis Broome,travis@aledade.com,(202) 742-5897,Jillyan Bacallao,Margaret Coughlan
A5522,SHERIDAN COMMUNITY HOSPITAL,Aledade 201 National MSSP,"AL, CA, FL, MO, NE, NV, NH, NJ, NC, PA, SC, TX, UT, VA",1,1/1/2025,1/1/2025,0,1,E,0,0,1,0,0,0,0,0,1,"4550 Montgomery Ave, Suite 950N, Bethesda, MD, 20814",https://aledade.com/aledade-201-National-MSSP,Jennifer Campioli,jcampioli@aledade.com,(202) 803-7979,Travis Broome,travis@aledade.com,(202) 742-5897,Jillyan Bacallao,Margaret Coughlan
A5522,SMRITI GOEL M.D. S.C.,Aledade 201 National MSSP,"AL, CA, FL, MO, NE, NV, NH, NJ, NC, PA, SC, TX, UT, VA",1,1/1/2025,1/1/2025,0,1,E,0,0,1,0,0,0,0,0,1,"4550 Montgomery Ave, Suite 950N, Bethesda, MD, 20814",https://aledade.com/aledade-201-National-MSSP,Jennifer Campioli,jcampioli@aledade.com,(202) 803-7979,Travis Broome,travis@aledade.com,(202) 742-5897,Jillyan Bacallao,Margaret Coughlan
A5522,"SOHN MEDICAL CENTER LTD,",Aledade 201 National MSSP,"AL, CA, FL, MO, NE, NV, NH, NJ, NC, PA, SC, TX, UT, VA",1,1/1/2025,1/1/2025,0,1,E,0,0,1,0,0,0,0,0,1,"4550 Montgomery Ave, Suite 950N, Bethesda, MD, 20814",https://aledade.com/aledade-201-National-MSSP,Jennifer Campioli,jcampioli@aledade.com,(202) 803-7979,Travis Broome,travis@aledade.com,(202) 742-5897,Jillyan Bacallao,Margaret Coughlan
A5522,SOUTHERN REMEDY FAMILY MEDICINE,Aledade 201 National MSSP,"AL, CA, FL, MO, NE, NV, NH, NJ, NC, PA, SC, TX, UT, VA",1,1/1/2025,1/1/2025,0,1,E,0,0,1,0,0,0,0,0,1,"4550 Montgomery Ave, Suite 950N, Bethesda, MD, 20814",https://aledade.com/aledade-201-National-MSSP,Jennifer Campioli,jcampioli@aledade.com,(202) 803-7979,Travis Broome,travis@aledade.com,(202) 742-5897,Jillyan Bacallao,Margaret Coughlan
A5522,SOUTHSIDE AREA FAMILY MEDICINE INC,Aledade 201 National MSSP,"AL, CA, FL, MO, NE, NV, NH, NJ, NC, PA, SC, TX, UT, VA",1,1/1/2025,1/1/2025,0,1,E,0,0,1,0,0,0,0,0,1,"4550 Montgomery Ave, Suite 950N, Bethesda, MD, 20814",https://aledade.com/aledade-201-National-MSSP,Jennifer Campioli,jcampioli@aledade.com,(202) 803-7979,Travis Broome,travis@aledade.com,(202) 742-5897,Jillyan Bacallao,Margaret Coughlan
A5522,"SOUTHWEST INTERNAL MEDICINE, P. C.",Aledade 201 National MSSP,"AL, CA, FL, MO, NE, NV, NH, NJ, NC, PA, SC, TX, UT, VA",1,1/1/2025,1/1/2025,0,1,E,0,0,1,0,0,0,0,0,1,"4550 Montgomery Ave, Suite 950N, Bethesda, MD, 20814",https://aledade.com/aledade-201-National-MSSP,Jennifer Campioli,jcampioli@aledade.com,(202) 803-7979,Travis Broome,travis@aledade.com,(202) 742-5897,Jillyan Bacallao,Margaret Coughlan
A5522,SQ2 MEDICAL PLLC,Aledade 201 National MSSP,"AL, CA, FL, MO, NE, NV, NH, NJ, NC, PA, SC, TX, UT, VA",1,1/1/2025,1/1/2025,0,1,E,0,0,1,0,0,0,0,0,1,"4550 Montgomery Ave, Suite 950N, Bethesda, MD, 20814",https://aledade.com/aledade-201-National-MSSP,Jennifer Campioli,jcampioli@aledade.com,(202) 803-7979,Travis Broome,travis@aledade.com,(202) 742-5897,Jillyan Bacallao,Margaret Coughlan
A5522,STEWART L FRANK M D INC,Aledade 201 National MSSP,"AL, CA, FL, MO, NE, NV, NH, NJ, NC, PA, SC, TX, UT, VA",1,1/1/2025,1/1/2025,0,1,E,0,0,1,0,0,0,0,0,1,"4550 Montgomery Ave, Suite 950N, Bethesda, MD, 20814",https://aledade.com/aledade-201-National-MSSP,Jennifer Campioli,jcampioli@aledade.com,(202) 803-7979,Travis Broome,travis@aledade.com,(202) 742-5897,Jillyan Bacallao,Margaret Coughlan
A5522,SUMMIT PRIMARY CARE,Aledade 201 National MSSP,"AL, CA, FL, MO, NE, NV, NH, NJ, NC, PA, SC, TX, UT, VA",1,1/1/2025,1/1/2025,0,1,E,0,0,1,0,0,0,0,0,1,"4550 Montgomery Ave, Suite 950N, Bethesda, MD, 20814",https://aledade.com/aledade-201-National-MSSP,Jennifer Campioli,jcampioli@aledade.com,(202) 803-7979,Travis Broome,travis@aledade.com,(202) 742-5897,Jillyan Bacallao,Margaret Coughlan
A5522,T SCOTT HAMILTON DO PC,Aledade 201 National MSSP,"AL, CA, FL, MO, NE, NV, NH, NJ, NC, PA, SC, TX, UT, VA",1,1/1/2025,1/1/2025,0,1,E,0,0,1,0,0,0,0,0,1,"4550 Montgomery Ave, Suite 950N, Bethesda, MD, 20814",https://aledade.com/aledade-201-National-MSSP,Jennifer Campioli,jcampioli@aledade.com,(202) 803-7979,Travis Broome,travis@aledade.com,(202) 742-5897,Jillyan Bacallao,Margaret Coughlan
A5522,TENDER LOVING CARE HOUSE CALLS PLLC,Aledade 201 National MSSP,"AL, CA, FL, MO, NE, NV, NH, NJ, NC, PA, SC, TX, UT, VA",1,1/1/2025,1/1/2025,0,1,E,0,0,1,0,0,0,0,0,1,"4550 Montgomery Ave, Suite 950N, Bethesda, MD, 20814",https://aledade.com/aledade-201-National-MSSP,Jennifer Campioli,jcampioli@aledade.com,(202) 803-7979,Travis Broome,travis@aledade.com,(202) 742-5897,Jillyan Bacallao,Margaret Coughlan
A5522,THACKER FAMILY MEDICAL LLC,Aledade 201 National MSSP,"AL, CA, FL, MO, NE, NV, NH, NJ, NC, PA, SC, TX, UT, VA",1,1/1/2025,1/1/2025,0,1,E,0,0,1,0,0,0,0,0,1,"4550 Montgomery Ave, Suite 950N, Bethesda, MD, 20814",https://aledade.com/aledade-201-National-MSSP,Jennifer Campioli,jcampioli@aledade.com,(202) 803-7979,Travis Broome,travis@aledade.com,(202) 742-5897,Jillyan Bacallao,Margaret Coughlan
A5522,THE LOUISIANA CENTER FOR HEALTH AND WELLNESS LLC,Aledade 201 National MSSP,"AL, CA, FL, MO, NE, NV, NH, NJ, NC, PA, SC, TX, UT, VA",1,1/1/2025,1/1/2025,0,1,E,0,0,1,0,0,0,0,0,1,"4550 Montgomery Ave, Suite 950N, Bethesda, MD, 20814",https://aledade.com/aledade-201-National-MSSP,Jennifer Campioli,jcampioli@aledade.com,(202) 803-7979,Travis Broome,travis@aledade.com,(202) 742-5897,Jillyan Bacallao,Margaret Coughlan
A5522,THOMAS MCBREEN,Aledade 201 National MSSP,"AL, CA, FL, MO, NE, NV, NH, NJ, NC, PA, SC, TX, UT, VA",1,1/1/2025,1/1/2025,0,1,E,0,0,1,0,0,0,0,0,1,"4550 Montgomery Ave, Suite 950N, Bethesda, MD, 20814",https://aledade.com/aledade-201-National-MSSP,Jennifer Campioli,jcampioli@aledade.com,(202) 803-7979,Travis Broome,travis@aledade.com,(202) 742-5897,Jillyan Bacallao,Margaret Coughlan
A5522,TRI-COUNTY PRIMARY CARE INC,Aledade 201 National MSSP,"AL, CA, FL, MO, NE, NV, NH, NJ, NC, PA, SC, TX, UT, VA",1,1/1/2025,1/1/2025,0,1,E,0,0,1,0,0,0,0,0,1,"4550 Montgomery Ave, Suite 950N, Bethesda, MD, 20814",https://aledade.com/aledade-201-National-MSSP,Jennifer Campioli,jcampioli@aledade.com,(202) 803-7979,Travis Broome,travis@aledade.com,(202) 742-5897,Jillyan Bacallao,Margaret Coughlan
A5522,UPPER CONNECTICUT VALLEY HOSPITAL ASSOCIATION,Aledade 201 National MSSP,"AL, CA, FL, MO, NE, NV, NH, NJ, NC, PA, SC, TX, UT, VA",1,1/1/2025,1/1/2025,0,1,E,0,0,1,0,0,0,0,0,1,"4550 Montgomery Ave, Suite 950N, Bethesda, MD, 20814",https://aledade.com/aledade-201-National-MSSP,Jennifer Campioli,jcampioli@aledade.com,(202) 803-7979,Travis Broome,travis@aledade.com,(202) 742-5897,Jillyan Bacallao,Margaret Coughlan
A5522,URRUTIA MEDICAL ASSOCIATES INC,Aledade 201 National MSSP,"AL, CA, FL, MO, NE, NV, NH, NJ, NC, PA, SC, TX, UT, VA",1,1/1/2025,1/1/2025,0,1,E,0,0,1,0,0,0,0,0,1,"4550 Montgomery Ave, Suite 950N, Bethesda, MD, 20814",https://aledade.com/aledade-201-National-MSSP,Jennifer Campioli,jcampioli@aledade.com,(202) 803-7979,Travis Broome,travis@aledade.com,(202) 742-5897,Jillyan Bacallao,Margaret Coughlan
A5522,"VILLAGE INTERNAL MEDICINE, PA",Aledade 201 National MSSP,"AL, CA, FL, MO, NE, NV, NH, NJ, NC, PA, SC, TX, UT, VA",1,1/1/2025,1/1/2025,0,1,E,0,0,1,0,0,0,0,0,1,"4550 Montgomery Ave, Suite 950N, Bethesda, MD, 20814",https://aledade.com/aledade-201-National-MSSP,Jennifer Campioli,jcampioli@aledade.com,(202) 803-7979,Travis Broome,travis@aledade.com,(202) 742-5897,Jillyan Bacallao,Margaret Coughlan
A5522,VINOD KATARIA,Aledade 201 National MSSP,"AL, CA, FL, MO, NE, NV, NH, NJ, NC, PA, SC, TX, UT, VA",1,1/1/2025,1/1/2025,0,1,E,0,0,1,0,0,0,0,0,1,"4550 Montgomery Ave, Suite 950N, Bethesda, MD, 20814",https://aledade.com/aledade-201-National-MSSP,Jennifer Campioli,jcampioli@aledade.com,(202) 803-7979,Travis Broome,travis@aledade.com,(202) 742-5897,Jillyan Bacallao,Margaret Coughlan
A5522,VITAL HEALTH AND WELLNESS,Aledade 201 National MSSP,"AL, CA, FL, MO, NE, NV, NH, NJ, NC, PA, SC, TX, UT, VA",1,1/1/2025,1/1/2025,0,1,E,0,0,1,0,0,0,0,0,1,"4550 Montgomery Ave, Suite 950N, Bethesda, MD, 20814",https://aledade.com/aledade-201-National-MSSP,Jennifer Campioli,jcampioli@aledade.com,(202) 803-7979,Travis Broome,travis@aledade.com,(202) 742-5897,Jillyan Bacallao,Margaret Coughlan
A5522,WEEKS MEDICAL CENTER,Aledade 201 National MSSP,"AL, CA, FL, MO, NE, NV, NH, NJ, NC, PA, SC, TX, UT, VA",1,1/1/2025,1/1/2025,0,1,E,0,0,1,0,0,0,0,0,1,"4550 Montgomery Ave, Suite 950N, Bethesda, MD, 20814",https://aledade.com/aledade-201-National-MSSP,Jennifer Campioli,jcampioli@aledade.com,(202) 803-7979,Travis Broome,travis@aledade.com,(202) 742-5897,Jillyan Bacallao,Margaret Coughlan
A5522,WIHD INC,Aledade 201 National MSSP,"AL, CA, FL, MO, NE, NV, NH, NJ, NC, PA, SC, TX, UT, VA",1,1/1/2025,1/1/2025,0,1,E,0,0,1,0,0,0,0,0,1,"4550 Montgomery Ave, Suite 950N, Bethesda, MD, 20814",https://aledade.com/aledade-201-National-MSSP,Jennifer Campioli,jcampioli@aledade.com,(202) 803-7979,Travis Broome,travis@aledade.com,(202) 742-5897,Jillyan Bacallao,Margaret Coughlan
A5522,WINFIELD FAMILY & OCCUPATIONAL MED PC,Aledade 201 National MSSP,"AL, CA, FL, MO, NE, NV, NH, NJ, NC, PA, SC, TX, UT, VA",1,1/1/2025,1/1/2025,0,1,E,0,0,1,0,0,0,0,0,1,"4550 Montgomery Ave, Suite 950N, Bethesda, MD, 20814",https://aledade.com/aledade-201-National-MSSP,Jennifer Campioli,jcampioli@aledade.com,(202) 803-7979,Travis Broome,travis@aledade.com,(202) 742-5897,Jillyan Bacallao,Margaret Coughlan
A5522,YASSIR ATTALLA PLLC,Aledade 201 National MSSP,"AL, CA, FL, MO, NE, NV, NH, NJ, NC, PA, SC, TX, UT, VA",1,1/1/2025,1/1/2025,0,1,E,0,0,1,0,0,0,0,0,1,"4550 Montgomery Ave, Suite 950N, Bethesda, MD, 20814",https://aledade.com/aledade-201-National-MSSP,Jennifer Campioli,jcampioli@aledade.com,(202) 803-7979,Travis Broome,travis@aledade.com,(202) 742-5897,Jillyan Bacallao,Margaret Coughlan
A5522,ZOESTYLE MEDICINE,Aledade 201 National MSSP,"AL, CA, FL, MO, NE, NV, NH, NJ, NC, PA, SC, TX, UT, VA",1,1/1/2025,1/1/2025,0,1,E,0,0,1,0,0,0,0,0,1,"4550 Montgomery Ave, Suite 950N, Bethesda, MD, 20814",https://aledade.com/aledade-201-National-MSSP,Jennifer Campioli,jcampioli@aledade.com,(202) 803-7979,Travis Broome,travis@aledade.com,(202) 742-5897,Jillyan Bacallao,Margaret Coughlan
A3630,AUGUSTA MEDICAL CARE LLC,Aledade 22 National MSSP,"FL, IN, NY, NC",3,1/1/2018,1/1/2025,0,0,,1,0,1,0,0,0,0,0,1,"4550 Montgomery Ave, Suite 950N, Bethseda, MD, 20814",https://aledade.com/national-mssp-2022/,Alexander Mullineaux,amullineaux@aledade.com,(202) 803-7979,Travis Broome,travis@aledade.com,(202) 742-5897,Jillyan Bacallao,Umar Bowers
A3630,C KIRK DEMARTINO MD PA,Aledade 22 National MSSP,"FL, IN, NY, NC",3,1/1/2018,1/1/2025,0,0,,1,0,1,0,0,0,0,0,1,"4550 Montgomery Ave, Suite 950N, Bethseda, MD, 20814",https://aledade.com/national-mssp-2022/,Alexander Mullineaux,amullineaux@aledade.com,(202) 803-7979,Travis Broome,travis@aledade.com,(202) 742-5897,Jillyan Bacallao,Umar Bowers
A3630,CAROLINA CARDIOLOGY SLEEP & OBESITY CENTER PC,Aledade 22 National MSSP,"FL, IN, NY, NC",3,1/1/2018,1/1/2025,0,0,,1,0,1,0,0,0,0,0,1,"4550 Montgomery Ave, Suite 950N, Bethseda, MD, 20814",https://aledade.com/national-mssp-2022/,Alexander Mullineaux,amullineaux@aledade.com,(202) 803-7979,Travis Broome,travis@aledade.com,(202) 742-5897,Jillyan Bacallao,Umar Bowers
A3630,CENTRAL PEDIATRICS & INTERNAL MEDICINE PA,Aledade 22 National MSSP,"FL, IN, NY, NC",3,1/1/2018,1/1/2025,0,0,,1,0,1,0,0,0,0,0,1,"4550 Montgomery Ave, Suite 950N, Bethseda, MD, 20814",https://aledade.com/national-mssp-2022/,Alexander Mullineaux,amullineaux@aledade.com,(202) 803-7979,Travis Broome,travis@aledade.com,(202) 742-5897,Jillyan Bacallao,Umar Bowers
A3630,"COMMUNITY FAMILY PRACTICE, PA",Aledade 22 National MSSP,"FL, IN, NY, NC",3,1/1/2018,1/1/2025,0,0,,1,0,1,0,0,0,0,0,1,"4550 Montgomery Ave, Suite 950N, Bethseda, MD, 20814",https://aledade.com/national-mssp-2022/,Alexander Mullineaux,amullineaux@aledade.com,(202) 803-7979,Travis Broome,travis@aledade.com,(202) 742-5897,Jillyan Bacallao,Umar Bowers
A3630,CROSSROADS FAMILY MEDICAL CARE PA,Aledade 22 National MSSP,"FL, IN, NY, NC",3,1/1/2018,1/1/2025,0,0,,1,0,1,0,0,0,0,0,1,"4550 Montgomery Ave, Suite 950N, Bethseda, MD, 20814",https://aledade.com/national-mssp-2022/,Alexander Mullineaux,amullineaux@aledade.com,(202) 803-7979,Travis Broome,travis@aledade.com,(202) 742-5897,Jillyan Bacallao,Umar Bowers
A3630,CRYSTAL COAST FAMILY PRACTICE,Aledade 22 National MSSP,"FL, IN, NY, NC",3,1/1/2018,1/1/2025,0,0,,1,0,1,0,0,0,0,0,1,"4550 Montgomery Ave, Suite 950N, Bethseda, MD, 20814",https://aledade.com/national-mssp-2022/,Alexander Mullineaux,amullineaux@aledade.com,(202) 803-7979,Travis Broome,travis@aledade.com,(202) 742-5897,Jillyan Bacallao,Umar Bowers
A3630,DAWSON MED PC,Aledade 22 National MSSP,"FL, IN, NY, NC",3,1/1/2018,1/1/2025,0,0,,1,0,1,0,0,0,0,0,1,"4550 Montgomery Ave, Suite 950N, Bethseda, MD, 20814",https://aledade.com/national-mssp-2022/,Alexander Mullineaux,amullineaux@aledade.com,(202) 803-7979,Travis Broome,travis@aledade.com,(202) 742-5897,Jillyan Bacallao,Umar Bowers
A3630,DOCTOR G FAMILY MEDICAL SERVICES,Aledade 22 National MSSP,"FL, IN, NY, NC",3,1/1/2018,1/1/2025,0,0,,1,0,1,0,0,0,0,0,1,"4550 Montgomery Ave, Suite 950N, Bethseda, MD, 20814",https://aledade.com/national-mssp-2022/,Alexander Mullineaux,amullineaux@aledade.com,(202) 803-7979,Travis Broome,travis@aledade.com,(202) 742-5897,Jillyan Bacallao,Umar Bowers
A3630,EAGLE MEDICAL CENTER,Aledade 22 National MSSP,"FL, IN, NY, NC",3,1/1/2018,1/1/2025,0,0,,1,0,1,0,0,0,0,0,1,"4550 Montgomery Ave, Suite 950N, Bethseda, MD, 20814",https://aledade.com/national-mssp-2022/,Alexander Mullineaux,amullineaux@aledade.com,(202) 803-7979,Travis Broome,travis@aledade.com,(202) 742-5897,Jillyan Bacallao,Umar Bowers
A3630,FAITH MEDICAL CENTER PC,Aledade 22 National MSSP,"FL, IN, NY, NC",3,1/1/2018,1/1/2025,0,0,,1,0,1,0,0,0,0,0,1,"4550 Montgomery Ave, Suite 950N, Bethseda, MD, 20814",https://aledade.com/national-mssp-2022/,Alexander Mullineaux,amullineaux@aledade.com,(202) 803-7979,Travis Broome,travis@aledade.com,(202) 742-5897,Jillyan Bacallao,Umar Bowers
A3630,"FERNCREEK PRIMARY CARE, PC",Aledade 22 National MSSP,"FL, IN, NY, NC",3,1/1/2018,1/1/2025,0,0,,1,0,1,0,0,0,0,0,1,"4550 Montgomery Ave, Suite 950N, Bethseda, MD, 20814",https://aledade.com/national-mssp-2022/,Alexander Mullineaux,amullineaux@aledade.com,(202) 803-7979,Travis Broome,travis@aledade.com,(202) 742-5897,Jillyan Bacallao,Umar Bowers
A3630,"GOLDSBORO MEDICAL CENTER, P.A.",Aledade 22 National MSSP,"FL, IN, NY, NC",3,1/1/2018,1/1/2025,0,0,,1,0,1,0,0,0,0,0,1,"4550 Montgomery Ave, Suite 950N, Bethseda, MD, 20814",https://aledade.com/national-mssp-2022/,Alexander Mullineaux,amullineaux@aledade.com,(202) 803-7979,Travis Broome,travis@aledade.com,(202) 742-5897,Jillyan Bacallao,Umar Bowers
A3630,GQ INTERNAL MEDICINE AND PEDIATRICS PLLC,Aledade 22 National MSSP,"FL, IN, NY, NC",3,1/1/2018,1/1/2025,0,0,,1,0,1,0,0,0,0,0,1,"4550 Montgomery Ave, Suite 950N, Bethseda, MD, 20814",https://aledade.com/national-mssp-2022/,Alexander Mullineaux,amullineaux@aledade.com,(202) 803-7979,Travis Broome,travis@aledade.com,(202) 742-5897,Jillyan Bacallao,Umar Bowers
A3630,GRACE PEDIATRIC CLINIC PA,Aledade 22 National MSSP,"FL, IN, NY, NC",3,1/1/2018,1/1/2025,0,0,,1,0,1,0,0,0,0,0,1,"4550 Montgomery Ave, Suite 950N, Bethseda, MD, 20814",https://aledade.com/national-mssp-2022/,Alexander Mullineaux,amullineaux@aledade.com,(202) 803-7979,Travis Broome,travis@aledade.com,(202) 742-5897,Jillyan Bacallao,Umar Bowers
A3630,HARDEE FAMILY MEDICINE PA,Aledade 22 National MSSP,"FL, IN, NY, NC",3,1/1/2018,1/1/2025,0,0,,1,0,1,0,0,0,0,0,1,"4550 Montgomery Ave, Suite 950N, Bethseda, MD, 20814",https://aledade.com/national-mssp-2022/,Alexander Mullineaux,amullineaux@aledade.com,(202) 803-7979,Travis Broome,travis@aledade.com,(202) 742-5897,Jillyan Bacallao,Umar Bowers
A3630,"HIGHLAND MEDICAL ASSOCIATES, P.A.",Aledade 22 National MSSP,"FL, IN, NY, NC",3,1/1/2018,1/1/2025,0,0,,1,0,1,0,0,0,0,0,1,"4550 Montgomery Ave, Suite 950N, Bethseda, MD, 20814",https://aledade.com/national-mssp-2022/,Alexander Mullineaux,amullineaux@aledade.com,(202) 803-7979,Travis Broome,travis@aledade.com,(202) 742-5897,Jillyan Bacallao,Umar Bowers
A3630,HIREN R PATEL MD PC,Aledade 22 National MSSP,"FL, IN, NY, NC",3,1/1/2018,1/1/2025,0,0,,1,0,1,0,0,0,0,0,1,"4550 Montgomery Ave, Suite 950N, Bethseda, MD, 20814",https://aledade.com/national-mssp-2022/,Alexander Mullineaux,amullineaux@aledade.com,(202) 803-7979,Travis Broome,travis@aledade.com,(202) 742-5897,Jillyan Bacallao,Umar Bowers
A3630,HOLLY RIDGE HEALTHCARE PA,Aledade 22 National MSSP,"FL, IN, NY, NC",3,1/1/2018,1/1/2025,0,0,,1,0,1,0,0,0,0,0,1,"4550 Montgomery Ave, Suite 950N, Bethseda, MD, 20814",https://aledade.com/national-mssp-2022/,Alexander Mullineaux,amullineaux@aledade.com,(202) 803-7979,Travis Broome,travis@aledade.com,(202) 742-5897,Jillyan Bacallao,Umar Bowers
A3630,HOPE PHYSICIANS,Aledade 22 National MSSP,"FL, IN, NY, NC",3,1/1/2018,1/1/2025,0,0,,1,0,1,0,0,0,0,0,1,"4550 Montgomery Ave, Suite 950N, Bethseda, MD, 20814",https://aledade.com/national-mssp-2022/,Alexander Mullineaux,amullineaux@aledade.com,(202) 803-7979,Travis Broome,travis@aledade.com,(202) 742-5897,Jillyan Bacallao,Umar Bowers
A3630,INTERNAL MEDICINE ASSOCIATES OF GASTONIA PA,Aledade 22 National MSSP,"FL, IN, NY, NC",3,1/1/2018,1/1/2025,0,0,,1,0,1,0,0,0,0,0,1,"4550 Montgomery Ave, Suite 950N, Bethseda, MD, 20814",https://aledade.com/national-mssp-2022/,Alexander Mullineaux,amullineaux@aledade.com,(202) 803-7979,Travis Broome,travis@aledade.com,(202) 742-5897,Jillyan Bacallao,Umar Bowers
A3630,"JACKSON MEDICAL ASSOCIATES, PLLC",Aledade 22 National MSSP,"FL, IN, NY, NC",3,1/1/2018,1/1/2025,0,0,,1,0,1,0,0,0,0,0,1,"4550 Montgomery Ave, Suite 950N, Bethseda, MD, 20814",https://aledade.com/national-mssp-2022/,Alexander Mullineaux,amullineaux@aledade.com,(202) 803-7979,Travis Broome,travis@aledade.com,(202) 742-5897,Jillyan Bacallao,Umar Bowers
A3630,JAGDISH LAL MD PA,Aledade 22 National MSSP,"FL, IN, NY, NC",3,1/1/2018,1/1/2025,0,0,,1,0,1,0,0,0,0,0,1,"4550 Montgomery Ave, Suite 950N, Bethseda, MD, 20814",https://aledade.com/national-mssp-2022/,Alexander Mullineaux,amullineaux@aledade.com,(202) 803-7979,Travis Broome,travis@aledade.com,(202) 742-5897,Jillyan Bacallao,Umar Bowers
A3630,JOHN BAKER,Aledade 22 National MSSP,"FL, IN, NY, NC",3,1/1/2018,1/1/2025,0,0,,1,0,1,0,0,0,0,0,1,"4550 Montgomery Ave, Suite 950N, Bethseda, MD, 20814",https://aledade.com/national-mssp-2022/,Alexander Mullineaux,amullineaux@aledade.com,(202) 803-7979,Travis Broome,travis@aledade.com,(202) 742-5897,Jillyan Bacallao,Umar Bowers
A3630,JULIUS TOKUNBOH,Aledade 22 National MSSP,"FL, IN, NY, NC",3,1/1/2018,1/1/2025,0,0,,1,0,1,0,0,0,0,0,1,"4550 Montgomery Ave, Suite 950N, Bethseda, MD, 20814",https://aledade.com/national-mssp-2022/,Alexander Mullineaux,amullineaux@aledade.com,(202) 803-7979,Travis Broome,travis@aledade.com,(202) 742-5897,Jillyan Bacallao,Umar Bowers
A3630,LIFELINK MEDICAL GROUP PLLC,Aledade 22 National MSSP,"FL, IN, NY, NC",3,1/1/2018,1/1/2025,0,0,,1,0,1,0,0,0,0,0,1,"4550 Montgomery Ave, Suite 950N, Bethseda, MD, 20814",https://aledade.com/national-mssp-2022/,Alexander Mullineaux,amullineaux@aledade.com,(202) 803-7979,Travis Broome,travis@aledade.com,(202) 742-5897,Jillyan Bacallao,Umar Bowers
A3630,"LUKE MEDICAL CLINIC, P.A.",Aledade 22 National MSSP,"FL, IN, NY, NC",3,1/1/2018,1/1/2025,0,0,,1,0,1,0,0,0,0,0,1,"4550 Montgomery Ave, Suite 950N, Bethseda, MD, 20814",https://aledade.com/national-mssp-2022/,Alexander Mullineaux,amullineaux@aledade.com,(202) 803-7979,Travis Broome,travis@aledade.com,(202) 742-5897,Jillyan Bacallao,Umar Bowers
A3630,MACON FAMILY MEDICAL CARE PLLC,Aledade 22 National MSSP,"FL, IN, NY, NC",3,1/1/2018,1/1/2025,0,0,,1,0,1,0,0,0,0,0,1,"4550 Montgomery Ave, Suite 950N, Bethseda, MD, 20814",https://aledade.com/national-mssp-2022/,Alexander Mullineaux,amullineaux@aledade.com,(202) 803-7979,Travis Broome,travis@aledade.com,(202) 742-5897,Jillyan Bacallao,Umar Bowers
A3630,MATTHEW A DOWDY MD LLC,Aledade 22 National MSSP,"FL, IN, NY, NC",3,1/1/2018,1/1/2025,0,0,,1,0,1,0,0,0,0,0,1,"4550 Montgomery Ave, Suite 950N, Bethseda, MD, 20814",https://aledade.com/national-mssp-2022/,Alexander Mullineaux,amullineaux@aledade.com,(202) 803-7979,Travis Broome,travis@aledade.com,(202) 742-5897,Jillyan Bacallao,Umar Bowers
A3630,MICHAEL LINCOLN,Aledade 22 National MSSP,"FL, IN, NY, NC",3,1/1/2018,1/1/2025,0,0,,1,0,1,0,0,0,0,0,1,"4550 Montgomery Ave, Suite 950N, Bethseda, MD, 20814",https://aledade.com/national-mssp-2022/,Alexander Mullineaux,amullineaux@aledade.com,(202) 803-7979,Travis Broome,travis@aledade.com,(202) 742-5897,Jillyan Bacallao,Umar Bowers
A3630,NORTH MEMPHIS MEDICAL CLINIC,Aledade 22 National MSSP,"FL, IN, NY, NC",3,1/1/2018,1/1/2025,0,0,,1,0,1,0,0,0,0,0,1,"4550 Montgomery Ave, Suite 950N, Bethseda, MD, 20814",https://aledade.com/national-mssp-2022/,Alexander Mullineaux,amullineaux@aledade.com,(202) 803-7979,Travis Broome,travis@aledade.com,(202) 742-5897,Jillyan Bacallao,Umar Bowers
A3630,NORTH STATE MEDICAL GROUP PA,Aledade 22 National MSSP,"FL, IN, NY, NC",3,1/1/2018,1/1/2025,0,0,,1,0,1,0,0,0,0,0,1,"4550 Montgomery Ave, Suite 950N, Bethseda, MD, 20814",https://aledade.com/national-mssp-2022/,Alexander Mullineaux,amullineaux@aledade.com,(202) 803-7979,Travis Broome,travis@aledade.com,(202) 742-5897,Jillyan Bacallao,Umar Bowers
A3630,NORTH WHITEVILLE URGENT CARE & FAMILY PRACTICE PA,Aledade 22 National MSSP,"FL, IN, NY, NC",3,1/1/2018,1/1/2025,0,0,,1,0,1,0,0,0,0,0,1,"4550 Montgomery Ave, Suite 950N, Bethseda, MD, 20814",https://aledade.com/national-mssp-2022/,Alexander Mullineaux,amullineaux@aledade.com,(202) 803-7979,Travis Broome,travis@aledade.com,(202) 742-5897,Jillyan Bacallao,Umar Bowers
A3630,"PINNACLE MEDICAL CLINIC, P.A.",Aledade 22 National MSSP,"FL, IN, NY, NC",3,1/1/2018,1/1/2025,0,0,,1,0,1,0,0,0,0,0,1,"4550 Montgomery Ave, Suite 950N, Bethseda, MD, 20814",https://aledade.com/national-mssp-2022/,Alexander Mullineaux,amullineaux@aledade.com,(202) 803-7979,Travis Broome,travis@aledade.com,(202) 742-5897,Jillyan Bacallao,Umar Bowers
A3630,PRANA HEALTH PLLC,Aledade 22 National MSSP,"FL, IN, NY, NC",3,1/1/2018,1/1/2025,0,0,,1,0,1,0,0,0,0,0,1,"4550 Montgomery Ave, Suite 950N, Bethseda, MD, 20814",https://aledade.com/national-mssp-2022/,Alexander Mullineaux,amullineaux@aledade.com,(202) 803-7979,Travis Broome,travis@aledade.com,(202) 742-5897,Jillyan Bacallao,Umar Bowers
A3630,"PRIMARY CARE AND URGENT CARE OF NASHVILLE, PLLC",Aledade 22 National MSSP,"FL, IN, NY, NC",3,1/1/2018,1/1/2025,0,0,,1,0,1,0,0,0,0,0,1,"4550 Montgomery Ave, Suite 950N, Bethseda, MD, 20814",https://aledade.com/national-mssp-2022/,Alexander Mullineaux,amullineaux@aledade.com,(202) 803-7979,Travis Broome,travis@aledade.com,(202) 742-5897,Jillyan Bacallao,Umar Bowers
A3630,REVELSTONE FAMILY PRACTICE,Aledade 22 National MSSP,"FL, IN, NY, NC",3,1/1/2018,1/1/2025,0,0,,1,0,1,0,0,0,0,0,1,"4550 Montgomery Ave, Suite 950N, Bethseda, MD, 20814",https://aledade.com/national-mssp-2022/,Alexander Mullineaux,amullineaux@aledade.com,(202) 803-7979,Travis Broome,travis@aledade.com,(202) 742-5897,Jillyan Bacallao,Umar Bowers
A3630,RICHTER FAMILY MEDICINE AND WELLNESS,Aledade 22 National MSSP,"FL, IN, NY, NC",3,1/1/2018,1/1/2025,0,0,,1,0,1,0,0,0,0,0,1,"4550 Montgomery Ave, Suite 950N, Bethseda, MD, 20814",https://aledade.com/national-mssp-2022/,Alexander Mullineaux,amullineaux@aledade.com,(202) 803-7979,Travis Broome,travis@aledade.com,(202) 742-5897,Jillyan Bacallao,Umar Bowers
A3630,RODNEY SESSOMS,Aledade 22 National MSSP,"FL, IN, NY, NC",3,1/1/2018,1/1/2025,0,0,,1,0,1,0,0,0,0,0,1,"4550 Montgomery Ave, Suite 950N, Bethseda, MD, 20814",https://aledade.com/national-mssp-2022/,Alexander Mullineaux,amullineaux@aledade.com,(202) 803-7979,Travis Broome,travis@aledade.com,(202) 742-5897,Jillyan Bacallao,Umar Bowers
A3630,"ROXBORO INTERNAL MEDICINE & PEDIATRICS, P.A",Aledade 22 National MSSP,"FL, IN, NY, NC",3,1/1/2018,1/1/2025,0,0,,1,0,1,0,0,0,0,0,1,"4550 Montgomery Ave, Suite 950N, Bethseda, MD, 20814",https://aledade.com/national-mssp-2022/,Alexander Mullineaux,amullineaux@aledade.com,(202) 803-7979,Travis Broome,travis@aledade.com,(202) 742-5897,Jillyan Bacallao,Umar Bowers
A3630,SATYAM HEALTHCARE PROVIDERS LLC,Aledade 22 National MSSP,"FL, IN, NY, NC",3,1/1/2018,1/1/2025,0,0,,1,0,1,0,0,0,0,0,1,"4550 Montgomery Ave, Suite 950N, Bethseda, MD, 20814",https://aledade.com/national-mssp-2022/,Alexander Mullineaux,amullineaux@aledade.com,(202) 803-7979,Travis Broome,travis@aledade.com,(202) 742-5897,Jillyan Bacallao,Umar Bowers
A3630,SOUTHSIDE MEDICAL CENTER PA,Aledade 22 National MSSP,"FL, IN, NY, NC",3,1/1/2018,1/1/2025,0,0,,1,0,1,0,0,0,0,0,1,"4550 Montgomery Ave, Suite 950N, Bethseda, MD, 20814",https://aledade.com/national-mssp-2022/,Alexander Mullineaux,amullineaux@aledade.com,(202) 803-7979,Travis Broome,travis@aledade.com,(202) 742-5897,Jillyan Bacallao,Umar Bowers
A3630,TERRY PIEPER,Aledade 22 National MSSP,"FL, IN, NY, NC",3,1/1/2018,1/1/2025,0,0,,1,0,1,0,0,0,0,0,1,"4550 Montgomery Ave, Suite 950N, Bethseda, MD, 20814",https://aledade.com/national-mssp-2022/,Alexander Mullineaux,amullineaux@aledade.com,(202) 803-7979,Travis Broome,travis@aledade.com,(202) 742-5897,Jillyan Bacallao,Umar Bowers
A3630,TIMOTHY LYNN JOHNSTON DO PA,Aledade 22 National MSSP,"FL, IN, NY, NC",3,1/1/2018,1/1/2025,0,0,,1,0,1,0,0,0,0,0,1,"4550 Montgomery Ave, Suite 950N, Bethseda, MD, 20814",https://aledade.com/national-mssp-2022/,Alexander Mullineaux,amullineaux@aledade.com,(202) 803-7979,Travis Broome,travis@aledade.com,(202) 742-5897,Jillyan Bacallao,Umar Bowers
A3630,"VOSKUHL & MCGHEE, M.D.,INC.",Aledade 22 National MSSP,"FL, IN, NY, NC",3,1/1/2018,1/1/2025,0,0,,1,0,1,0,0,0,0,0,1,"4550 Montgomery Ave, Suite 950N, Bethseda, MD, 20814",https://aledade.com/national-mssp-2022/,Alexander Mullineaux,amullineaux@aledade.com,(202) 803-7979,Travis Broome,travis@aledade.com,(202) 742-5897,Jillyan Bacallao,Umar Bowers
A3630,WEST PRIMARY CARE INC,Aledade 22 National MSSP,"FL, IN, NY, NC",3,1/1/2018,1/1/2025,0,0,,1,0,1,0,0,0,0,0,1,"4550 Montgomery Ave, Suite 950N, Bethseda, MD, 20814",https://aledade.com/national-mssp-2022/,Alexander Mullineaux,amullineaux@aledade.com,(202) 803-7979,Travis Broome,travis@aledade.com,(202) 742-5897,Jillyan Bacallao,Umar Bowers
A3630,"WILSON MEDICAL GROUP, PLLC",Aledade 22 National MSSP,"FL, IN, NY, NC",3,1/1/2018,1/1/2025,0,0,,1,0,1,0,0,0,0,0,1,"4550 Montgomery Ave, Suite 950N, Bethseda, MD, 20814",https://aledade.com/national-mssp-2022/,Alexander Mullineaux,amullineaux@aledade.com,(202) 803-7979,Travis Broome,travis@aledade.com,(202) 742-5897,Jillyan Bacallao,Umar Bowers
A3630,"WNC INTERNAL MEDICINE, PLLC",Aledade 22 National MSSP,"FL, IN, NY, NC",3,1/1/2018,1/1/2025,0,0,,1,0,1,0,0,0,0,0,1,"4550 Montgomery Ave, Suite 950N, Bethseda, MD, 20814",https://aledade.com/national-mssp-2022/,Alexander Mullineaux,amullineaux@aledade.com,(202) 803-7979,Travis Broome,travis@aledade.com,(202) 742-5897,Jillyan Bacallao,Umar Bowers
A3630,WNY MEDICAL PC,Aledade 22 National MSSP,"FL, IN, NY, NC",3,1/1/2018,1/1/2025,0,0,,1,0,1,0,0,0,0,0,1,"4550 Montgomery Ave, Suite 950N, Bethseda, MD, 20814",https://aledade.com/national-mssp-2022/,Alexander Mullineaux,amullineaux@aledade.com,(202) 803-7979,Travis Broome,travis@aledade.com,(202) 742-5897,Jillyan Bacallao,Umar Bowers
A3894,ABDULKADER DAHHAN,Aledade 37 VA MSSP Enhanced,"KY, MD, SC, VA",3,1/1/2018,1/1/2025,0,0,,1,0,1,0,0,0,0,0,1,"4550 Montgomery Ave, Suite 950N, Bethesda, MD, 20814",https://aledade.com/appalachia-mssp/,Kevin Van Dyke,kvandyke@aledade.com,(513) 532-9457,Travis Broome,travis@aledade.com,(202) 742-5897,Jillyan Bacallao,Richard Card
A3894,ARJUN MEDICAL CENTER PC,Aledade 37 VA MSSP Enhanced,"KY, MD, SC, VA",3,1/1/2018,1/1/2025,0,0,,1,0,1,0,0,0,0,0,1,"4550 Montgomery Ave, Suite 950N, Bethesda, MD, 20814",https://aledade.com/appalachia-mssp/,Kevin Van Dyke,kvandyke@aledade.com,(513) 532-9457,Travis Broome,travis@aledade.com,(202) 742-5897,Jillyan Bacallao,Richard Card
A3894,"FAMILY HEALTH CLINIC, INC.",Aledade 37 VA MSSP Enhanced,"KY, MD, SC, VA",3,1/1/2018,1/1/2025,0,0,,1,0,1,0,0,0,0,0,1,"4550 Montgomery Ave, Suite 950N, Bethesda, MD, 20814",https://aledade.com/appalachia-mssp/,Kevin Van Dyke,kvandyke@aledade.com,(513) 532-9457,Travis Broome,travis@aledade.com,(202) 742-5897,Jillyan Bacallao,Richard Card
A3894,"HALIFAX INTERNAL MEDICINE, PLLC",Aledade 37 VA MSSP Enhanced,"KY, MD, SC, VA",3,1/1/2018,1/1/2025,0,0,,1,0,1,0,0,0,0,0,1,"4550 Montgomery Ave, Suite 950N, Bethesda, MD, 20814",https://aledade.com/appalachia-mssp/,Kevin Van Dyke,kvandyke@aledade.com,(513) 532-9457,Travis Broome,travis@aledade.com,(202) 742-5897,Jillyan Bacallao,Richard Card
A3894,JOLANTA A HERRERA MD PLLC,Aledade 37 VA MSSP Enhanced,"KY, MD, SC, VA",3,1/1/2018,1/1/2025,0,0,,1,0,1,0,0,0,0,0,1,"4550 Montgomery Ave, Suite 950N, Bethesda, MD, 20814",https://aledade.com/appalachia-mssp/,Kevin Van Dyke,kvandyke@aledade.com,(513) 532-9457,Travis Broome,travis@aledade.com,(202) 742-5897,Jillyan Bacallao,Richard Card
A3894,KISHOR S DABHI MD PC,Aledade 37 VA MSSP Enhanced,"KY, MD, SC, VA",3,1/1/2018,1/1/2025,0,0,,1,0,1,0,0,0,0,0,1,"4550 Montgomery Ave, Suite 950N, Bethesda, MD, 20814",https://aledade.com/appalachia-mssp/,Kevin Van Dyke,kvandyke@aledade.com,(513) 532-9457,Travis Broome,travis@aledade.com,(202) 742-5897,Jillyan Bacallao,Richard Card
A3894,LITTON FAMILY MEDICINE PC,Aledade 37 VA MSSP Enhanced,"KY, MD, SC, VA",3,1/1/2018,1/1/2025,0,0,,1,0,1,0,0,0,0,0,1,"4550 Montgomery Ave, Suite 950N, Bethesda, MD, 20814",https://aledade.com/appalachia-mssp/,Kevin Van Dyke,kvandyke@aledade.com,(513) 532-9457,Travis Broome,travis@aledade.com,(202) 742-5897,Jillyan Bacallao,Richard Card
A3894,MEMORIAL FAMILY CARE INC,Aledade 37 VA MSSP Enhanced,"KY, MD, SC, VA",3,1/1/2018,1/1/2025,0,0,,1,0,1,0,0,0,0,0,1,"4550 Montgomery Ave, Suite 950N, Bethesda, MD, 20814",https://aledade.com/appalachia-mssp/,Kevin Van Dyke,kvandyke@aledade.com,(513) 532-9457,Travis Broome,travis@aledade.com,(202) 742-5897,Jillyan Bacallao,Richard Card
A3894,NV HEALTHCARE PARTNERS INC,Aledade 37 VA MSSP Enhanced,"KY, MD, SC, VA",3,1/1/2018,1/1/2025,0,0,,1,0,1,0,0,0,0,0,1,"4550 Montgomery Ave, Suite 950N, Bethesda, MD, 20814",https://aledade.com/appalachia-mssp/,Kevin Van Dyke,kvandyke@aledade.com,(513) 532-9457,Travis Broome,travis@aledade.com,(202) 742-5897,Jillyan Bacallao,Richard Card
A3894,PARTNER MD PC,Aledade 37 VA MSSP Enhanced,"KY, MD, SC, VA",3,1/1/2018,1/1/2025,0,0,,1,0,1,0,0,0,0,0,1,"4550 Montgomery Ave, Suite 950N, Bethesda, MD, 20814",https://aledade.com/appalachia-mssp/,Kevin Van Dyke,kvandyke@aledade.com,(513) 532-9457,Travis Broome,travis@aledade.com,(202) 742-5897,Jillyan Bacallao,Richard Card
A3894,PARTNERMD GEORGIA PC,Aledade 37 VA MSSP Enhanced,"KY, MD, SC, VA",3,1/1/2018,1/1/2025,0,0,,1,0,1,0,0,0,0,0,1,"4550 Montgomery Ave, Suite 950N, Bethesda, MD, 20814",https://aledade.com/appalachia-mssp/,Kevin Van Dyke,kvandyke@aledade.com,(513) 532-9457,Travis Broome,travis@aledade.com,(202) 742-5897,Jillyan Bacallao,Richard Card
A3894,PARTNERMD MARYLAND PC,Aledade 37 VA MSSP Enhanced,"KY, MD, SC, VA",3,1/1/2018,1/1/2025,0,0,,1,0,1,0,0,0,0,0,1,"4550 Montgomery Ave, Suite 950N, Bethesda, MD, 20814",https://aledade.com/appalachia-mssp/,Kevin Van Dyke,kvandyke@aledade.com,(513) 532-9457,Travis Broome,travis@aledade.com,(202) 742-5897,Jillyan Bacallao,Richard Card
A3894,PARTNERMD SOUTH CAROLINA PC,Aledade 37 VA MSSP Enhanced,"KY, MD, SC, VA",3,1/1/2018,1/1/2025,0,0,,1,0,1,0,0,0,0,0,1,"4550 Montgomery Ave, Suite 950N, Bethesda, MD, 20814",https://aledade.com/appalachia-mssp/,Kevin Van Dyke,kvandyke@aledade.com,(513) 532-9457,Travis Broome,travis@aledade.com,(202) 742-5897,Jillyan Bacallao,Richard Card
A3894,PHYSICIAN ASSOCIATES OF VIRGINIA PC,Aledade 37 VA MSSP Enhanced,"KY, MD, SC, VA",3,1/1/2018,1/1/2025,0,0,,1,0,1,0,0,0,0,0,1,"4550 Montgomery Ave, Suite 950N, Bethesda, MD, 20814",https://aledade.com/appalachia-mssp/,Kevin Van Dyke,kvandyke@aledade.com,(513) 532-9457,Travis Broome,travis@aledade.com,(202) 742-5897,Jillyan Bacallao,Richard Card
A3894,ROCKY RUN FAMILY MEDICINE INC,Aledade 37 VA MSSP Enhanced,"KY, MD, SC, VA",3,1/1/2018,1/1/2025,0,0,,1,0,1,0,0,0,0,0,1,"4550 Montgomery Ave, Suite 950N, Bethesda, MD, 20814",https://aledade.com/appalachia-mssp/,Kevin Van Dyke,kvandyke@aledade.com,(513) 532-9457,Travis Broome,travis@aledade.com,(202) 742-5897,Jillyan Bacallao,Richard Card
A3894,SUTHERLAND FAMILY PRACTICE INC,Aledade 37 VA MSSP Enhanced,"KY, MD, SC, VA",3,1/1/2018,1/1/2025,0,0,,1,0,1,0,0,0,0,0,1,"4550 Montgomery Ave, Suite 950N, Bethesda, MD, 20814",https://aledade.com/appalachia-mssp/,Kevin Van Dyke,kvandyke@aledade.com,(513) 532-9457,Travis Broome,travis@aledade.com,(202) 742-5897,Jillyan Bacallao,Richard Card
A3894,WOODBRIDGE INTERNAL MEDICINE PC,Aledade 37 VA MSSP Enhanced,"KY, MD, SC, VA",3,1/1/2018,1/1/2025,0,0,,1,0,1,0,0,0,0,0,1,"4550 Montgomery Ave, Suite 950N, Bethesda, MD, 20814",https://aledade.com/appalachia-mssp/,Kevin Van Dyke,kvandyke@aledade.com,(513) 532-9457,Travis Broome,travis@aledade.com,(202) 742-5897,Jillyan Bacallao,Richard Card
A4671,ABDULLAH RAFFEE MD. PC,Aledade 48 National MSSP,"AZ, AR, FL, GA, KY, MI, NJ, OR, SC, TN, TX, UT, VA, WA",3,7/1/2019,1/1/2025,1,0,,1,0,1,0,0,0,0,0,1,"4550 Montgomery Ave, Suite 950N, Bethesda, MD, 20814",https://aledade.com/national-mssp-2019/,Victoria Njoku-Anokam,vnjokuanokam@aledade.com,(917) 983-5669,Travis Broome,travis@aledade.com,(202) 742-5897,Jillyan Bacallao,Ellaheh Ebrahim
A4671,ABILENE FAMILY MEDICAL ASSOCIATES LLP,Aledade 48 National MSSP,"AZ, AR, FL, GA, KY, MI, NJ, OR, SC, TN, TX, UT, VA, WA",3,7/1/2019,1/1/2025,1,0,,1,0,1,0,0,0,0,0,1,"4550 Montgomery Ave, Suite 950N, Bethesda, MD, 20814",https://aledade.com/national-mssp-2019/,Victoria Njoku-Anokam,vnjokuanokam@aledade.com,(917) 983-5669,Travis Broome,travis@aledade.com,(202) 742-5897,Jillyan Bacallao,Ellaheh Ebrahim
A4671,ADULT AND GERIATRIC MEDICINE PC,Aledade 48 National MSSP,"AZ, AR, FL, GA, KY, MI, NJ, OR, SC, TN, TX, UT, VA, WA",3,7/1/2019,1/1/2025,1,0,,1,0,1,0,0,0,0,0,1,"4550 Montgomery Ave, Suite 950N, Bethesda, MD, 20814",https://aledade.com/national-mssp-2019/,Victoria Njoku-Anokam,vnjokuanokam@aledade.com,(917) 983-5669,Travis Broome,travis@aledade.com,(202) 742-5897,Jillyan Bacallao,Ellaheh Ebrahim
A4671,ADVANCED INTERNAL MEDICINE INC,Aledade 48 National MSSP,"AZ, AR, FL, GA, KY, MI, NJ, OR, SC, TN, TX, UT, VA, WA",3,7/1/2019,1/1/2025,1,0,,1,0,1,0,0,0,0,0,1,"4550 Montgomery Ave, Suite 950N, Bethesda, MD, 20814",https://aledade.com/national-mssp-2019/,Victoria Njoku-Anokam,vnjokuanokam@aledade.com,(917) 983-5669,Travis Broome,travis@aledade.com,(202) 742-5897,Jillyan Bacallao,Ellaheh Ebrahim
A4671,AMANDA WINSTON MD PLLC,Aledade 48 National MSSP,"AZ, AR, FL, GA, KY, MI, NJ, OR, SC, TN, TX, UT, VA, WA",3,7/1/2019,1/1/2025,1,0,,1,0,1,0,0,0,0,0,1,"4550 Montgomery Ave, Suite 950N, Bethesda, MD, 20814",https://aledade.com/national-mssp-2019/,Victoria Njoku-Anokam,vnjokuanokam@aledade.com,(917) 983-5669,Travis Broome,travis@aledade.com,(202) 742-5897,Jillyan Bacallao,Ellaheh Ebrahim
A4671,AMAZING MEDICAL ASSOCIATES INC,Aledade 48 National MSSP,"AZ, AR, FL, GA, KY, MI, NJ, OR, SC, TN, TX, UT, VA, WA",3,7/1/2019,1/1/2025,1,0,,1,0,1,0,0,0,0,0,1,"4550 Montgomery Ave, Suite 950N, Bethesda, MD, 20814",https://aledade.com/national-mssp-2019/,Victoria Njoku-Anokam,vnjokuanokam@aledade.com,(917) 983-5669,Travis Broome,travis@aledade.com,(202) 742-5897,Jillyan Bacallao,Ellaheh Ebrahim
A4671,ARKANSAS FAMILY CARE NETWORK,Aledade 48 National MSSP,"AZ, AR, FL, GA, KY, MI, NJ, OR, SC, TN, TX, UT, VA, WA",3,7/1/2019,1/1/2025,1,0,,1,0,1,0,0,0,0,0,1,"4550 Montgomery Ave, Suite 950N, Bethesda, MD, 20814",https://aledade.com/national-mssp-2019/,Victoria Njoku-Anokam,vnjokuanokam@aledade.com,(917) 983-5669,Travis Broome,travis@aledade.com,(202) 742-5897,Jillyan Bacallao,Ellaheh Ebrahim
A4671,"ATLAS MEDICAL CARE,LLC",Aledade 48 National MSSP,"AZ, AR, FL, GA, KY, MI, NJ, OR, SC, TN, TX, UT, VA, WA",3,7/1/2019,1/1/2025,1,0,,1,0,1,0,0,0,0,0,1,"4550 Montgomery Ave, Suite 950N, Bethesda, MD, 20814",https://aledade.com/national-mssp-2019/,Victoria Njoku-Anokam,vnjokuanokam@aledade.com,(917) 983-5669,Travis Broome,travis@aledade.com,(202) 742-5897,Jillyan Bacallao,Ellaheh Ebrahim
A4671,BEST MEDICAL CARE PC,Aledade 48 National MSSP,"AZ, AR, FL, GA, KY, MI, NJ, OR, SC, TN, TX, UT, VA, WA",3,7/1/2019,1/1/2025,1,0,,1,0,1,0,0,0,0,0,1,"4550 Montgomery Ave, Suite 950N, Bethesda, MD, 20814",https://aledade.com/national-mssp-2019/,Victoria Njoku-Anokam,vnjokuanokam@aledade.com,(917) 983-5669,Travis Broome,travis@aledade.com,(202) 742-5897,Jillyan Bacallao,Ellaheh Ebrahim
A4671,BREVARD HEALTH CENTER PL,Aledade 48 National MSSP,"AZ, AR, FL, GA, KY, MI, NJ, OR, SC, TN, TX, UT, VA, WA",3,7/1/2019,1/1/2025,1,0,,1,0,1,0,0,0,0,0,1,"4550 Montgomery Ave, Suite 950N, Bethesda, MD, 20814",https://aledade.com/national-mssp-2019/,Victoria Njoku-Anokam,vnjokuanokam@aledade.com,(917) 983-5669,Travis Broome,travis@aledade.com,(202) 742-5897,Jillyan Bacallao,Ellaheh Ebrahim
A4671,C RON BYRD MD PA,Aledade 48 National MSSP,"AZ, AR, FL, GA, KY, MI, NJ, OR, SC, TN, TX, UT, VA, WA",3,7/1/2019,1/1/2025,1,0,,1,0,1,0,0,0,0,0,1,"4550 Montgomery Ave, Suite 950N, Bethesda, MD, 20814",https://aledade.com/national-mssp-2019/,Victoria Njoku-Anokam,vnjokuanokam@aledade.com,(917) 983-5669,Travis Broome,travis@aledade.com,(202) 742-5897,Jillyan Bacallao,Ellaheh Ebrahim
A4671,C SCOTT GRAHAM DO PC,Aledade 48 National MSSP,"AZ, AR, FL, GA, KY, MI, NJ, OR, SC, TN, TX, UT, VA, WA",3,7/1/2019,1/1/2025,1,0,,1,0,1,0,0,0,0,0,1,"4550 Montgomery Ave, Suite 950N, Bethesda, MD, 20814",https://aledade.com/national-mssp-2019/,Victoria Njoku-Anokam,vnjokuanokam@aledade.com,(917) 983-5669,Travis Broome,travis@aledade.com,(202) 742-5897,Jillyan Bacallao,Ellaheh Ebrahim
A4671,CAN COMMUNITY HEALTH INC,Aledade 48 National MSSP,"AZ, AR, FL, GA, KY, MI, NJ, OR, SC, TN, TX, UT, VA, WA",3,7/1/2019,1/1/2025,1,0,,1,0,1,0,0,0,0,0,1,"4550 Montgomery Ave, Suite 950N, Bethesda, MD, 20814",https://aledade.com/national-mssp-2019/,Victoria Njoku-Anokam,vnjokuanokam@aledade.com,(917) 983-5669,Travis Broome,travis@aledade.com,(202) 742-5897,Jillyan Bacallao,Ellaheh Ebrahim
A4671,CARO EXPRESS CLINIC PLC,Aledade 48 National MSSP,"AZ, AR, FL, GA, KY, MI, NJ, OR, SC, TN, TX, UT, VA, WA",3,7/1/2019,1/1/2025,1,0,,1,0,1,0,0,0,0,0,1,"4550 Montgomery Ave, Suite 950N, Bethesda, MD, 20814",https://aledade.com/national-mssp-2019/,Victoria Njoku-Anokam,vnjokuanokam@aledade.com,(917) 983-5669,Travis Broome,travis@aledade.com,(202) 742-5897,Jillyan Bacallao,Ellaheh Ebrahim
A4671,CAROLINE D MATHEW MD PC,Aledade 48 National MSSP,"AZ, AR, FL, GA, KY, MI, NJ, OR, SC, TN, TX, UT, VA, WA",3,7/1/2019,1/1/2025,1,0,,1,0,1,0,0,0,0,0,1,"4550 Montgomery Ave, Suite 950N, Bethesda, MD, 20814",https://aledade.com/national-mssp-2019/,Victoria Njoku-Anokam,vnjokuanokam@aledade.com,(917) 983-5669,Travis Broome,travis@aledade.com,(202) 742-5897,Jillyan Bacallao,Ellaheh Ebrahim
A4671,CASS RIVER HEALTH PLAZA PLLC,Aledade 48 National MSSP,"AZ, AR, FL, GA, KY, MI, NJ, OR, SC, TN, TX, UT, VA, WA",3,7/1/2019,1/1/2025,1,0,,1,0,1,0,0,0,0,0,1,"4550 Montgomery Ave, Suite 950N, Bethesda, MD, 20814",https://aledade.com/national-mssp-2019/,Victoria Njoku-Anokam,vnjokuanokam@aledade.com,(917) 983-5669,Travis Broome,travis@aledade.com,(202) 742-5897,Jillyan Bacallao,Ellaheh Ebrahim
A4671,CENTER FOR FAMILY PRACTICE,Aledade 48 National MSSP,"AZ, AR, FL, GA, KY, MI, NJ, OR, SC, TN, TX, UT, VA, WA",3,7/1/2019,1/1/2025,1,0,,1,0,1,0,0,0,0,0,1,"4550 Montgomery Ave, Suite 950N, Bethesda, MD, 20814",https://aledade.com/national-mssp-2019/,Victoria Njoku-Anokam,vnjokuanokam@aledade.com,(917) 983-5669,Travis Broome,travis@aledade.com,(202) 742-5897,Jillyan Bacallao,Ellaheh Ebrahim
A4671,"CHEROKEE INTERNAL MEDICINE, P.C.",Aledade 48 National MSSP,"AZ, AR, FL, GA, KY, MI, NJ, OR, SC, TN, TX, UT, VA, WA",3,7/1/2019,1/1/2025,1,0,,1,0,1,0,0,0,0,0,1,"4550 Montgomery Ave, Suite 950N, Bethesda, MD, 20814",https://aledade.com/national-mssp-2019/,Victoria Njoku-Anokam,vnjokuanokam@aledade.com,(917) 983-5669,Travis Broome,travis@aledade.com,(202) 742-5897,Jillyan Bacallao,Ellaheh Ebrahim
A4671,CINNAMINSON PRIMARY CARE LLC,Aledade 48 National MSSP,"AZ, AR, FL, GA, KY, MI, NJ, OR, SC, TN, TX, UT, VA, WA",3,7/1/2019,1/1/2025,1,0,,1,0,1,0,0,0,0,0,1,"4550 Montgomery Ave, Suite 950N, Bethesda, MD, 20814",https://aledade.com/national-mssp-2019/,Victoria Njoku-Anokam,vnjokuanokam@aledade.com,(917) 983-5669,Travis Broome,travis@aledade.com,(202) 742-5897,Jillyan Bacallao,Ellaheh Ebrahim
A4671,COLLIERVILLE FAMILY HEALTH PLLC,Aledade 48 National MSSP,"AZ, AR, FL, GA, KY, MI, NJ, OR, SC, TN, TX, UT, VA, WA",3,7/1/2019,1/1/2025,1,0,,1,0,1,0,0,0,0,0,1,"4550 Montgomery Ave, Suite 950N, Bethesda, MD, 20814",https://aledade.com/national-mssp-2019/,Victoria Njoku-Anokam,vnjokuanokam@aledade.com,(917) 983-5669,Travis Broome,travis@aledade.com,(202) 742-5897,Jillyan Bacallao,Ellaheh Ebrahim
A4671,COLUMBIAVILLE FAMILY CLINIC PLLC,Aledade 48 National MSSP,"AZ, AR, FL, GA, KY, MI, NJ, OR, SC, TN, TX, UT, VA, WA",3,7/1/2019,1/1/2025,1,0,,1,0,1,0,0,0,0,0,1,"4550 Montgomery Ave, Suite 950N, Bethesda, MD, 20814",https://aledade.com/national-mssp-2019/,Victoria Njoku-Anokam,vnjokuanokam@aledade.com,(917) 983-5669,Travis Broome,travis@aledade.com,(202) 742-5897,Jillyan Bacallao,Ellaheh Ebrahim
A4671,CORNERSTONE FAMILY MEDICAL CENTER PLLC,Aledade 48 National MSSP,"AZ, AR, FL, GA, KY, MI, NJ, OR, SC, TN, TX, UT, VA, WA",3,7/1/2019,1/1/2025,1,0,,1,0,1,0,0,0,0,0,1,"4550 Montgomery Ave, Suite 950N, Bethesda, MD, 20814",https://aledade.com/national-mssp-2019/,Victoria Njoku-Anokam,vnjokuanokam@aledade.com,(917) 983-5669,Travis Broome,travis@aledade.com,(202) 742-5897,Jillyan Bacallao,Ellaheh Ebrahim
A4671,CREEK VALLEY HEALTH CLINIC,Aledade 48 National MSSP,"AZ, AR, FL, GA, KY, MI, NJ, OR, SC, TN, TX, UT, VA, WA",3,7/1/2019,1/1/2025,1,0,,1,0,1,0,0,0,0,0,1,"4550 Montgomery Ave, Suite 950N, Bethesda, MD, 20814",https://aledade.com/national-mssp-2019/,Victoria Njoku-Anokam,vnjokuanokam@aledade.com,(917) 983-5669,Travis Broome,travis@aledade.com,(202) 742-5897,Jillyan Bacallao,Ellaheh Ebrahim
A4671,CROSSROADS HEALTH CENTER PLLC,Aledade 48 National MSSP,"AZ, AR, FL, GA, KY, MI, NJ, OR, SC, TN, TX, UT, VA, WA",3,7/1/2019,1/1/2025,1,0,,1,0,1,0,0,0,0,0,1,"4550 Montgomery Ave, Suite 950N, Bethesda, MD, 20814",https://aledade.com/national-mssp-2019/,Victoria Njoku-Anokam,vnjokuanokam@aledade.com,(917) 983-5669,Travis Broome,travis@aledade.com,(202) 742-5897,Jillyan Bacallao,Ellaheh Ebrahim
A4671,CROSSROADS WALK-IN AND URGENT CARE CENTER PLLC,Aledade 48 National MSSP,"AZ, AR, FL, GA, KY, MI, NJ, OR, SC, TN, TX, UT, VA, WA",3,7/1/2019,1/1/2025,1,0,,1,0,1,0,0,0,0,0,1,"4550 Montgomery Ave, Suite 950N, Bethesda, MD, 20814",https://aledade.com/national-mssp-2019/,Victoria Njoku-Anokam,vnjokuanokam@aledade.com,(917) 983-5669,Travis Broome,travis@aledade.com,(202) 742-5897,Jillyan Bacallao,Ellaheh Ebrahim
A4671,"DILLMAN CLINIC & LAB, INC",Aledade 48 National MSSP,"AZ, AR, FL, GA, KY, MI, NJ, OR, SC, TN, TX, UT, VA, WA",3,7/1/2019,1/1/2025,1,0,,1,0,1,0,0,0,0,0,1,"4550 Montgomery Ave, Suite 950N, Bethesda, MD, 20814",https://aledade.com/national-mssp-2019/,Victoria Njoku-Anokam,vnjokuanokam@aledade.com,(917) 983-5669,Travis Broome,travis@aledade.com,(202) 742-5897,Jillyan Bacallao,Ellaheh Ebrahim
A4671,E SAEED MD PC,Aledade 48 National MSSP,"AZ, AR, FL, GA, KY, MI, NJ, OR, SC, TN, TX, UT, VA, WA",3,7/1/2019,1/1/2025,1,0,,1,0,1,0,0,0,0,0,1,"4550 Montgomery Ave, Suite 950N, Bethesda, MD, 20814",https://aledade.com/national-mssp-2019/,Victoria Njoku-Anokam,vnjokuanokam@aledade.com,(917) 983-5669,Travis Broome,travis@aledade.com,(202) 742-5897,Jillyan Bacallao,Ellaheh Ebrahim
A4671,EAST KY HEALTH SERVICE CENTER,Aledade 48 National MSSP,"AZ, AR, FL, GA, KY, MI, NJ, OR, SC, TN, TX, UT, VA, WA",3,7/1/2019,1/1/2025,1,0,,1,0,1,0,0,0,0,0,1,"4550 Montgomery Ave, Suite 950N, Bethesda, MD, 20814",https://aledade.com/national-mssp-2019/,Victoria Njoku-Anokam,vnjokuanokam@aledade.com,(917) 983-5669,Travis Broome,travis@aledade.com,(202) 742-5897,Jillyan Bacallao,Ellaheh Ebrahim
A4671,ELDAD S. BENMEN M.D. P.C,Aledade 48 National MSSP,"AZ, AR, FL, GA, KY, MI, NJ, OR, SC, TN, TX, UT, VA, WA",3,7/1/2019,1/1/2025,1,0,,1,0,1,0,0,0,0,0,1,"4550 Montgomery Ave, Suite 950N, Bethesda, MD, 20814",https://aledade.com/national-mssp-2019/,Victoria Njoku-Anokam,vnjokuanokam@aledade.com,(917) 983-5669,Travis Broome,travis@aledade.com,(202) 742-5897,Jillyan Bacallao,Ellaheh Ebrahim
A4671,F KHAN MD PC,Aledade 48 National MSSP,"AZ, AR, FL, GA, KY, MI, NJ, OR, SC, TN, TX, UT, VA, WA",3,7/1/2019,1/1/2025,1,0,,1,0,1,0,0,0,0,0,1,"4550 Montgomery Ave, Suite 950N, Bethesda, MD, 20814",https://aledade.com/national-mssp-2019/,Victoria Njoku-Anokam,vnjokuanokam@aledade.com,(917) 983-5669,Travis Broome,travis@aledade.com,(202) 742-5897,Jillyan Bacallao,Ellaheh Ebrahim
A4671,FAMILIES FIRST HEALTH CARE,Aledade 48 National MSSP,"AZ, AR, FL, GA, KY, MI, NJ, OR, SC, TN, TX, UT, VA, WA",3,7/1/2019,1/1/2025,1,0,,1,0,1,0,0,0,0,0,1,"4550 Montgomery Ave, Suite 950N, Bethesda, MD, 20814",https://aledade.com/national-mssp-2019/,Victoria Njoku-Anokam,vnjokuanokam@aledade.com,(917) 983-5669,Travis Broome,travis@aledade.com,(202) 742-5897,Jillyan Bacallao,Ellaheh Ebrahim
A4671,FAMILY MEDICAL CENTER PLLC,Aledade 48 National MSSP,"AZ, AR, FL, GA, KY, MI, NJ, OR, SC, TN, TX, UT, VA, WA",3,7/1/2019,1/1/2025,1,0,,1,0,1,0,0,0,0,0,1,"4550 Montgomery Ave, Suite 950N, Bethesda, MD, 20814",https://aledade.com/national-mssp-2019/,Victoria Njoku-Anokam,vnjokuanokam@aledade.com,(917) 983-5669,Travis Broome,travis@aledade.com,(202) 742-5897,Jillyan Bacallao,Ellaheh Ebrahim
A4671,FIRST CARE MEDICAL CLINIC,Aledade 48 National MSSP,"AZ, AR, FL, GA, KY, MI, NJ, OR, SC, TN, TX, UT, VA, WA",3,7/1/2019,1/1/2025,1,0,,1,0,1,0,0,0,0,0,1,"4550 Montgomery Ave, Suite 950N, Bethesda, MD, 20814",https://aledade.com/national-mssp-2019/,Victoria Njoku-Anokam,vnjokuanokam@aledade.com,(917) 983-5669,Travis Broome,travis@aledade.com,(202) 742-5897,Jillyan Bacallao,Ellaheh Ebrahim
A4671,FIRSTMED FAMILY HEALTHCARE LLC,Aledade 48 National MSSP,"AZ, AR, FL, GA, KY, MI, NJ, OR, SC, TN, TX, UT, VA, WA",3,7/1/2019,1/1/2025,1,0,,1,0,1,0,0,0,0,0,1,"4550 Montgomery Ave, Suite 950N, Bethesda, MD, 20814",https://aledade.com/national-mssp-2019/,Victoria Njoku-Anokam,vnjokuanokam@aledade.com,(917) 983-5669,Travis Broome,travis@aledade.com,(202) 742-5897,Jillyan Bacallao,Ellaheh Ebrahim
A4671,"FLUSHING HEALTHCARE, P.C.",Aledade 48 National MSSP,"AZ, AR, FL, GA, KY, MI, NJ, OR, SC, TN, TX, UT, VA, WA",3,7/1/2019,1/1/2025,1,0,,1,0,1,0,0,0,0,0,1,"4550 Montgomery Ave, Suite 950N, Bethesda, MD, 20814",https://aledade.com/national-mssp-2019/,Victoria Njoku-Anokam,vnjokuanokam@aledade.com,(917) 983-5669,Travis Broome,travis@aledade.com,(202) 742-5897,Jillyan Bacallao,Ellaheh Ebrahim
A4671,FORTE - PHOENIX PLLC,Aledade 48 National MSSP,"AZ, AR, FL, GA, KY, MI, NJ, OR, SC, TN, TX, UT, VA, WA",3,7/1/2019,1/1/2025,1,0,,1,0,1,0,0,0,0,0,1,"4550 Montgomery Ave, Suite 950N, Bethesda, MD, 20814",https://aledade.com/national-mssp-2019/,Victoria Njoku-Anokam,vnjokuanokam@aledade.com,(917) 983-5669,Travis Broome,travis@aledade.com,(202) 742-5897,Jillyan Bacallao,Ellaheh Ebrahim
A4671,FRONTERA HEALTHCARE NETWORK,Aledade 48 National MSSP,"AZ, AR, FL, GA, KY, MI, NJ, OR, SC, TN, TX, UT, VA, WA",3,7/1/2019,1/1/2025,1,0,,1,0,1,0,0,0,0,0,1,"4550 Montgomery Ave, Suite 950N, Bethesda, MD, 20814",https://aledade.com/national-mssp-2019/,Victoria Njoku-Anokam,vnjokuanokam@aledade.com,(917) 983-5669,Travis Broome,travis@aledade.com,(202) 742-5897,Jillyan Bacallao,Ellaheh Ebrahim
A4671,GLADWIN FAMILY CARE PLLC,Aledade 48 National MSSP,"AZ, AR, FL, GA, KY, MI, NJ, OR, SC, TN, TX, UT, VA, WA",3,7/1/2019,1/1/2025,1,0,,1,0,1,0,0,0,0,0,1,"4550 Montgomery Ave, Suite 950N, Bethesda, MD, 20814",https://aledade.com/national-mssp-2019/,Victoria Njoku-Anokam,vnjokuanokam@aledade.com,(917) 983-5669,Travis Broome,travis@aledade.com,(202) 742-5897,Jillyan Bacallao,Ellaheh Ebrahim
A4671,GRABIAS MEDICAL GROUP PC,Aledade 48 National MSSP,"AZ, AR, FL, GA, KY, MI, NJ, OR, SC, TN, TX, UT, VA, WA",3,7/1/2019,1/1/2025,1,0,,1,0,1,0,0,0,0,0,1,"4550 Montgomery Ave, Suite 950N, Bethesda, MD, 20814",https://aledade.com/national-mssp-2019/,Victoria Njoku-Anokam,vnjokuanokam@aledade.com,(917) 983-5669,Travis Broome,travis@aledade.com,(202) 742-5897,Jillyan Bacallao,Ellaheh Ebrahim
A4671,HEALTH ASSURE MEDICAL ASSOCIATES INC,Aledade 48 National MSSP,"AZ, AR, FL, GA, KY, MI, NJ, OR, SC, TN, TX, UT, VA, WA",3,7/1/2019,1/1/2025,1,0,,1,0,1,0,0,0,0,0,1,"4550 Montgomery Ave, Suite 950N, Bethesda, MD, 20814",https://aledade.com/national-mssp-2019/,Victoria Njoku-Anokam,vnjokuanokam@aledade.com,(917) 983-5669,Travis Broome,travis@aledade.com,(202) 742-5897,Jillyan Bacallao,Ellaheh Ebrahim
A4671,HURON HEALTH CARE RASHID IQBAL MD PC,Aledade 48 National MSSP,"AZ, AR, FL, GA, KY, MI, NJ, OR, SC, TN, TX, UT, VA, WA",3,7/1/2019,1/1/2025,1,0,,1,0,1,0,0,0,0,0,1,"4550 Montgomery Ave, Suite 950N, Bethesda, MD, 20814",https://aledade.com/national-mssp-2019/,Victoria Njoku-Anokam,vnjokuanokam@aledade.com,(917) 983-5669,Travis Broome,travis@aledade.com,(202) 742-5897,Jillyan Bacallao,Ellaheh Ebrahim
A4671,"JANICE G. SADAYA-CONDA M.D., PLLC",Aledade 48 National MSSP,"AZ, AR, FL, GA, KY, MI, NJ, OR, SC, TN, TX, UT, VA, WA",3,7/1/2019,1/1/2025,1,0,,1,0,1,0,0,0,0,0,1,"4550 Montgomery Ave, Suite 950N, Bethesda, MD, 20814",https://aledade.com/national-mssp-2019/,Victoria Njoku-Anokam,vnjokuanokam@aledade.com,(917) 983-5669,Travis Broome,travis@aledade.com,(202) 742-5897,Jillyan Bacallao,Ellaheh Ebrahim
A4671,JONATHAN E PASKO MD PC,Aledade 48 National MSSP,"AZ, AR, FL, GA, KY, MI, NJ, OR, SC, TN, TX, UT, VA, WA",3,7/1/2019,1/1/2025,1,0,,1,0,1,0,0,0,0,0,1,"4550 Montgomery Ave, Suite 950N, Bethesda, MD, 20814",https://aledade.com/national-mssp-2019/,Victoria Njoku-Anokam,vnjokuanokam@aledade.com,(917) 983-5669,Travis Broome,travis@aledade.com,(202) 742-5897,Jillyan Bacallao,Ellaheh Ebrahim
A4671,LAKE CUMBERLAND PEDIATRICS PLLC,Aledade 48 National MSSP,"AZ, AR, FL, GA, KY, MI, NJ, OR, SC, TN, TX, UT, VA, WA",3,7/1/2019,1/1/2025,1,0,,1,0,1,0,0,0,0,0,1,"4550 Montgomery Ave, Suite 950N, Bethesda, MD, 20814",https://aledade.com/national-mssp-2019/,Victoria Njoku-Anokam,vnjokuanokam@aledade.com,(917) 983-5669,Travis Broome,travis@aledade.com,(202) 742-5897,Jillyan Bacallao,Ellaheh Ebrahim
A4671,LUNCEFORD FAMILY HEALTH CENTER P.C.,Aledade 48 National MSSP,"AZ, AR, FL, GA, KY, MI, NJ, OR, SC, TN, TX, UT, VA, WA",3,7/1/2019,1/1/2025,1,0,,1,0,1,0,0,0,0,0,1,"4550 Montgomery Ave, Suite 950N, Bethesda, MD, 20814",https://aledade.com/national-mssp-2019/,Victoria Njoku-Anokam,vnjokuanokam@aledade.com,(917) 983-5669,Travis Broome,travis@aledade.com,(202) 742-5897,Jillyan Bacallao,Ellaheh Ebrahim
A4671,M.W. EUSTACE M.D. PLC,Aledade 48 National MSSP,"AZ, AR, FL, GA, KY, MI, NJ, OR, SC, TN, TX, UT, VA, WA",3,7/1/2019,1/1/2025,1,0,,1,0,1,0,0,0,0,0,1,"4550 Montgomery Ave, Suite 950N, Bethesda, MD, 20814",https://aledade.com/national-mssp-2019/,Victoria Njoku-Anokam,vnjokuanokam@aledade.com,(917) 983-5669,Travis Broome,travis@aledade.com,(202) 742-5897,Jillyan Bacallao,Ellaheh Ebrahim
A4671,MAHESH B. PATEL,Aledade 48 National MSSP,"AZ, AR, FL, GA, KY, MI, NJ, OR, SC, TN, TX, UT, VA, WA",3,7/1/2019,1/1/2025,1,0,,1,0,1,0,0,0,0,0,1,"4550 Montgomery Ave, Suite 950N, Bethesda, MD, 20814",https://aledade.com/national-mssp-2019/,Victoria Njoku-Anokam,vnjokuanokam@aledade.com,(917) 983-5669,Travis Broome,travis@aledade.com,(202) 742-5897,Jillyan Bacallao,Ellaheh Ebrahim
A4671,MANETTE CLINIC A PROFESSIONAL SERVICE CORPORATION,Aledade 48 National MSSP,"AZ, AR, FL, GA, KY, MI, NJ, OR, SC, TN, TX, UT, VA, WA",3,7/1/2019,1/1/2025,1,0,,1,0,1,0,0,0,0,0,1,"4550 Montgomery Ave, Suite 950N, Bethesda, MD, 20814",https://aledade.com/national-mssp-2019/,Victoria Njoku-Anokam,vnjokuanokam@aledade.com,(917) 983-5669,Travis Broome,travis@aledade.com,(202) 742-5897,Jillyan Bacallao,Ellaheh Ebrahim
A4671,MAY GHALIB MD PC,Aledade 48 National MSSP,"AZ, AR, FL, GA, KY, MI, NJ, OR, SC, TN, TX, UT, VA, WA",3,7/1/2019,1/1/2025,1,0,,1,0,1,0,0,0,0,0,1,"4550 Montgomery Ave, Suite 950N, Bethesda, MD, 20814",https://aledade.com/national-mssp-2019/,Victoria Njoku-Anokam,vnjokuanokam@aledade.com,(917) 983-5669,Travis Broome,travis@aledade.com,(202) 742-5897,Jillyan Bacallao,Ellaheh Ebrahim
A4671,MCCLINTOCK FAMILY MEDICINE,Aledade 48 National MSSP,"AZ, AR, FL, GA, KY, MI, NJ, OR, SC, TN, TX, UT, VA, WA",3,7/1/2019,1/1/2025,1,0,,1,0,1,0,0,0,0,0,1,"4550 Montgomery Ave, Suite 950N, Bethesda, MD, 20814",https://aledade.com/national-mssp-2019/,Victoria Njoku-Anokam,vnjokuanokam@aledade.com,(917) 983-5669,Travis Broome,travis@aledade.com,(202) 742-5897,Jillyan Bacallao,Ellaheh Ebrahim
A4671,"MEMPHIS MULTI SPECIALTY ASSOCIATES,LLC",Aledade 48 National MSSP,"AZ, AR, FL, GA, KY, MI, NJ, OR, SC, TN, TX, UT, VA, WA",3,7/1/2019,1/1/2025,1,0,,1,0,1,0,0,0,0,0,1,"4550 Montgomery Ave, Suite 950N, Bethesda, MD, 20814",https://aledade.com/national-mssp-2019/,Victoria Njoku-Anokam,vnjokuanokam@aledade.com,(917) 983-5669,Travis Broome,travis@aledade.com,(202) 742-5897,Jillyan Bacallao,Ellaheh Ebrahim
A4671,MEMPHIS PRIMARY CARE SPECIALISTS,Aledade 48 National MSSP,"AZ, AR, FL, GA, KY, MI, NJ, OR, SC, TN, TX, UT, VA, WA",3,7/1/2019,1/1/2025,1,0,,1,0,1,0,0,0,0,0,1,"4550 Montgomery Ave, Suite 950N, Bethesda, MD, 20814",https://aledade.com/national-mssp-2019/,Victoria Njoku-Anokam,vnjokuanokam@aledade.com,(917) 983-5669,Travis Broome,travis@aledade.com,(202) 742-5897,Jillyan Bacallao,Ellaheh Ebrahim
A4671,"MICHIGAN INTERNAL MEDICINE & PEDIATRICS, P.C.",Aledade 48 National MSSP,"AZ, AR, FL, GA, KY, MI, NJ, OR, SC, TN, TX, UT, VA, WA",3,7/1/2019,1/1/2025,1,0,,1,0,1,0,0,0,0,0,1,"4550 Montgomery Ave, Suite 950N, Bethesda, MD, 20814",https://aledade.com/national-mssp-2019/,Victoria Njoku-Anokam,vnjokuanokam@aledade.com,(917) 983-5669,Travis Broome,travis@aledade.com,(202) 742-5897,Jillyan Bacallao,Ellaheh Ebrahim
A4671,MIDLAND MEDICAL BROWARD LLC,Aledade 48 National MSSP,"AZ, AR, FL, GA, KY, MI, NJ, OR, SC, TN, TX, UT, VA, WA",3,7/1/2019,1/1/2025,1,0,,1,0,1,0,0,0,0,0,1,"4550 Montgomery Ave, Suite 950N, Bethesda, MD, 20814",https://aledade.com/national-mssp-2019/,Victoria Njoku-Anokam,vnjokuanokam@aledade.com,(917) 983-5669,Travis Broome,travis@aledade.com,(202) 742-5897,Jillyan Bacallao,Ellaheh Ebrahim
A4671,MIDWEST MEDICAL PRACTITIONERS LLC,Aledade 48 National MSSP,"AZ, AR, FL, GA, KY, MI, NJ, OR, SC, TN, TX, UT, VA, WA",3,7/1/2019,1/1/2025,1,0,,1,0,1,0,0,0,0,0,1,"4550 Montgomery Ave, Suite 950N, Bethesda, MD, 20814",https://aledade.com/national-mssp-2019/,Victoria Njoku-Anokam,vnjokuanokam@aledade.com,(917) 983-5669,Travis Broome,travis@aledade.com,(202) 742-5897,Jillyan Bacallao,Ellaheh Ebrahim
A4671,MINAKSHI NIJHAWAN,Aledade 48 National MSSP,"AZ, AR, FL, GA, KY, MI, NJ, OR, SC, TN, TX, UT, VA, WA",3,7/1/2019,1/1/2025,1,0,,1,0,1,0,0,0,0,0,1,"4550 Montgomery Ave, Suite 950N, Bethesda, MD, 20814",https://aledade.com/national-mssp-2019/,Victoria Njoku-Anokam,vnjokuanokam@aledade.com,(917) 983-5669,Travis Broome,travis@aledade.com,(202) 742-5897,Jillyan Bacallao,Ellaheh Ebrahim
A4671,MOHAMED ALLY HEALTH PLAZA PLLC,Aledade 48 National MSSP,"AZ, AR, FL, GA, KY, MI, NJ, OR, SC, TN, TX, UT, VA, WA",3,7/1/2019,1/1/2025,1,0,,1,0,1,0,0,0,0,0,1,"4550 Montgomery Ave, Suite 950N, Bethesda, MD, 20814",https://aledade.com/national-mssp-2019/,Victoria Njoku-Anokam,vnjokuanokam@aledade.com,(917) 983-5669,Travis Broome,travis@aledade.com,(202) 742-5897,Jillyan Bacallao,Ellaheh Ebrahim
A4671,MONROE HEALTH CENTER LLC,Aledade 48 National MSSP,"AZ, AR, FL, GA, KY, MI, NJ, OR, SC, TN, TX, UT, VA, WA",3,7/1/2019,1/1/2025,1,0,,1,0,1,0,0,0,0,0,1,"4550 Montgomery Ave, Suite 950N, Bethesda, MD, 20814",https://aledade.com/national-mssp-2019/,Victoria Njoku-Anokam,vnjokuanokam@aledade.com,(917) 983-5669,Travis Broome,travis@aledade.com,(202) 742-5897,Jillyan Bacallao,Ellaheh Ebrahim
A4671,"MOUNT LAUREL PRIMARY CARE PHYSICIANS, PC",Aledade 48 National MSSP,"AZ, AR, FL, GA, KY, MI, NJ, OR, SC, TN, TX, UT, VA, WA",3,7/1/2019,1/1/2025,1,0,,1,0,1,0,0,0,0,0,1,"4550 Montgomery Ave, Suite 950N, Bethesda, MD, 20814",https://aledade.com/national-mssp-2019/,Victoria Njoku-Anokam,vnjokuanokam@aledade.com,(917) 983-5669,Travis Broome,travis@aledade.com,(202) 742-5897,Jillyan Bacallao,Ellaheh Ebrahim
A4671,NORTH CENTRAL TEXAS COMMUNITY HEALTH CARE CENTER INC,Aledade 48 National MSSP,"AZ, AR, FL, GA, KY, MI, NJ, OR, SC, TN, TX, UT, VA, WA",3,7/1/2019,1/1/2025,1,0,,1,0,1,0,0,0,0,0,1,"4550 Montgomery Ave, Suite 950N, Bethesda, MD, 20814",https://aledade.com/national-mssp-2019/,Victoria Njoku-Anokam,vnjokuanokam@aledade.com,(917) 983-5669,Travis Broome,travis@aledade.com,(202) 742-5897,Jillyan Bacallao,Ellaheh Ebrahim
A4671,NORTH VALLEY FAMILY MEDICINE PC,Aledade 48 National MSSP,"AZ, AR, FL, GA, KY, MI, NJ, OR, SC, TN, TX, UT, VA, WA",3,7/1/2019,1/1/2025,1,0,,1,0,1,0,0,0,0,0,1,"4550 Montgomery Ave, Suite 950N, Bethesda, MD, 20814",https://aledade.com/national-mssp-2019/,Victoria Njoku-Anokam,vnjokuanokam@aledade.com,(917) 983-5669,Travis Broome,travis@aledade.com,(202) 742-5897,Jillyan Bacallao,Ellaheh Ebrahim
A4671,ONE HEALTH FAMILY CLINIC LLC,Aledade 48 National MSSP,"AZ, AR, FL, GA, KY, MI, NJ, OR, SC, TN, TX, UT, VA, WA",3,7/1/2019,1/1/2025,1,0,,1,0,1,0,0,0,0,0,1,"4550 Montgomery Ave, Suite 950N, Bethesda, MD, 20814",https://aledade.com/national-mssp-2019/,Victoria Njoku-Anokam,vnjokuanokam@aledade.com,(917) 983-5669,Travis Broome,travis@aledade.com,(202) 742-5897,Jillyan Bacallao,Ellaheh Ebrahim
A4671,ONE HUDSON MEDICAL ASSOCIATES,Aledade 48 National MSSP,"AZ, AR, FL, GA, KY, MI, NJ, OR, SC, TN, TX, UT, VA, WA",3,7/1/2019,1/1/2025,1,0,,1,0,1,0,0,0,0,0,1,"4550 Montgomery Ave, Suite 950N, Bethesda, MD, 20814",https://aledade.com/national-mssp-2019/,Victoria Njoku-Anokam,vnjokuanokam@aledade.com,(917) 983-5669,Travis Broome,travis@aledade.com,(202) 742-5897,Jillyan Bacallao,Ellaheh Ebrahim
A4671,PIYUSH R PATEL MD PC,Aledade 48 National MSSP,"AZ, AR, FL, GA, KY, MI, NJ, OR, SC, TN, TX, UT, VA, WA",3,7/1/2019,1/1/2025,1,0,,1,0,1,0,0,0,0,0,1,"4550 Montgomery Ave, Suite 950N, Bethesda, MD, 20814",https://aledade.com/national-mssp-2019/,Victoria Njoku-Anokam,vnjokuanokam@aledade.com,(917) 983-5669,Travis Broome,travis@aledade.com,(202) 742-5897,Jillyan Bacallao,Ellaheh Ebrahim
A4671,RANDOLPH COMMUNITY CLINIC SC,Aledade 48 National MSSP,"AZ, AR, FL, GA, KY, MI, NJ, OR, SC, TN, TX, UT, VA, WA",3,7/1/2019,1/1/2025,1,0,,1,0,1,0,0,0,0,0,1,"4550 Montgomery Ave, Suite 950N, Bethesda, MD, 20814",https://aledade.com/national-mssp-2019/,Victoria Njoku-Anokam,vnjokuanokam@aledade.com,(917) 983-5669,Travis Broome,travis@aledade.com,(202) 742-5897,Jillyan Bacallao,Ellaheh Ebrahim
A4671,RICHARD BUURMAN,Aledade 48 National MSSP,"AZ, AR, FL, GA, KY, MI, NJ, OR, SC, TN, TX, UT, VA, WA",3,7/1/2019,1/1/2025,1,0,,1,0,1,0,0,0,0,0,1,"4550 Montgomery Ave, Suite 950N, Bethesda, MD, 20814",https://aledade.com/national-mssp-2019/,Victoria Njoku-Anokam,vnjokuanokam@aledade.com,(917) 983-5669,Travis Broome,travis@aledade.com,(202) 742-5897,Jillyan Bacallao,Ellaheh Ebrahim
A4671,"RITU SURI MD, LLC",Aledade 48 National MSSP,"AZ, AR, FL, GA, KY, MI, NJ, OR, SC, TN, TX, UT, VA, WA",3,7/1/2019,1/1/2025,1,0,,1,0,1,0,0,0,0,0,1,"4550 Montgomery Ave, Suite 950N, Bethesda, MD, 20814",https://aledade.com/national-mssp-2019/,Victoria Njoku-Anokam,vnjokuanokam@aledade.com,(917) 983-5669,Travis Broome,travis@aledade.com,(202) 742-5897,Jillyan Bacallao,Ellaheh Ebrahim
A4671,ROCKY VISTA HEALTH CENTER LLC,Aledade 48 National MSSP,"AZ, AR, FL, GA, KY, MI, NJ, OR, SC, TN, TX, UT, VA, WA",3,7/1/2019,1/1/2025,1,0,,1,0,1,0,0,0,0,0,1,"4550 Montgomery Ave, Suite 950N, Bethesda, MD, 20814",https://aledade.com/national-mssp-2019/,Victoria Njoku-Anokam,vnjokuanokam@aledade.com,(917) 983-5669,Travis Broome,travis@aledade.com,(202) 742-5897,Jillyan Bacallao,Ellaheh Ebrahim
A4671,RONALD SMITH,Aledade 48 National MSSP,"AZ, AR, FL, GA, KY, MI, NJ, OR, SC, TN, TX, UT, VA, WA",3,7/1/2019,1/1/2025,1,0,,1,0,1,0,0,0,0,0,1,"4550 Montgomery Ave, Suite 950N, Bethesda, MD, 20814",https://aledade.com/national-mssp-2019/,Victoria Njoku-Anokam,vnjokuanokam@aledade.com,(917) 983-5669,Travis Broome,travis@aledade.com,(202) 742-5897,Jillyan Bacallao,Ellaheh Ebrahim
A4671,SAGINAW VALLEY WALK IN CLINIC PLLC,Aledade 48 National MSSP,"AZ, AR, FL, GA, KY, MI, NJ, OR, SC, TN, TX, UT, VA, WA",3,7/1/2019,1/1/2025,1,0,,1,0,1,0,0,0,0,0,1,"4550 Montgomery Ave, Suite 950N, Bethesda, MD, 20814",https://aledade.com/national-mssp-2019/,Victoria Njoku-Anokam,vnjokuanokam@aledade.com,(917) 983-5669,Travis Broome,travis@aledade.com,(202) 742-5897,Jillyan Bacallao,Ellaheh Ebrahim
A4671,SCOTT BLOOM MD PC,Aledade 48 National MSSP,"AZ, AR, FL, GA, KY, MI, NJ, OR, SC, TN, TX, UT, VA, WA",3,7/1/2019,1/1/2025,1,0,,1,0,1,0,0,0,0,0,1,"4550 Montgomery Ave, Suite 950N, Bethesda, MD, 20814",https://aledade.com/national-mssp-2019/,Victoria Njoku-Anokam,vnjokuanokam@aledade.com,(917) 983-5669,Travis Broome,travis@aledade.com,(202) 742-5897,Jillyan Bacallao,Ellaheh Ebrahim
A4671,SHAHEEN MOHAMMED MD PC,Aledade 48 National MSSP,"AZ, AR, FL, GA, KY, MI, NJ, OR, SC, TN, TX, UT, VA, WA",3,7/1/2019,1/1/2025,1,0,,1,0,1,0,0,0,0,0,1,"4550 Montgomery Ave, Suite 950N, Bethesda, MD, 20814",https://aledade.com/national-mssp-2019/,Victoria Njoku-Anokam,vnjokuanokam@aledade.com,(917) 983-5669,Travis Broome,travis@aledade.com,(202) 742-5897,Jillyan Bacallao,Ellaheh Ebrahim
A4671,SIAVASH KARIMIAN MD OF NEW MEXICO PC DBA ROSWELL MEDICO,Aledade 48 National MSSP,"AZ, AR, FL, GA, KY, MI, NJ, OR, SC, TN, TX, UT, VA, WA",3,7/1/2019,1/1/2025,1,0,,1,0,1,0,0,0,0,0,1,"4550 Montgomery Ave, Suite 950N, Bethesda, MD, 20814",https://aledade.com/national-mssp-2019/,Victoria Njoku-Anokam,vnjokuanokam@aledade.com,(917) 983-5669,Travis Broome,travis@aledade.com,(202) 742-5897,Jillyan Bacallao,Ellaheh Ebrahim
A4671,ST CHARLES FAMILY CLINIC PLLC,Aledade 48 National MSSP,"AZ, AR, FL, GA, KY, MI, NJ, OR, SC, TN, TX, UT, VA, WA",3,7/1/2019,1/1/2025,1,0,,1,0,1,0,0,0,0,0,1,"4550 Montgomery Ave, Suite 950N, Bethesda, MD, 20814",https://aledade.com/national-mssp-2019/,Victoria Njoku-Anokam,vnjokuanokam@aledade.com,(917) 983-5669,Travis Broome,travis@aledade.com,(202) 742-5897,Jillyan Bacallao,Ellaheh Ebrahim
A4671,STONECREEK MEDICAL ASSOCIATES PC,Aledade 48 National MSSP,"AZ, AR, FL, GA, KY, MI, NJ, OR, SC, TN, TX, UT, VA, WA",3,7/1/2019,1/1/2025,1,0,,1,0,1,0,0,0,0,0,1,"4550 Montgomery Ave, Suite 950N, Bethesda, MD, 20814",https://aledade.com/national-mssp-2019/,Victoria Njoku-Anokam,vnjokuanokam@aledade.com,(917) 983-5669,Travis Broome,travis@aledade.com,(202) 742-5897,Jillyan Bacallao,Ellaheh Ebrahim
A4671,SYMBIOS MEDICAL SERVICES,Aledade 48 National MSSP,"AZ, AR, FL, GA, KY, MI, NJ, OR, SC, TN, TX, UT, VA, WA",3,7/1/2019,1/1/2025,1,0,,1,0,1,0,0,0,0,0,1,"4550 Montgomery Ave, Suite 950N, Bethesda, MD, 20814",https://aledade.com/national-mssp-2019/,Victoria Njoku-Anokam,vnjokuanokam@aledade.com,(917) 983-5669,Travis Broome,travis@aledade.com,(202) 742-5897,Jillyan Bacallao,Ellaheh Ebrahim
A4671,"TRI-COUNTY MEDICAL CENTER, P.C.",Aledade 48 National MSSP,"AZ, AR, FL, GA, KY, MI, NJ, OR, SC, TN, TX, UT, VA, WA",3,7/1/2019,1/1/2025,1,0,,1,0,1,0,0,0,0,0,1,"4550 Montgomery Ave, Suite 950N, Bethesda, MD, 20814",https://aledade.com/national-mssp-2019/,Victoria Njoku-Anokam,vnjokuanokam@aledade.com,(917) 983-5669,Travis Broome,travis@aledade.com,(202) 742-5897,Jillyan Bacallao,Ellaheh Ebrahim
A4671,VIBHA,Aledade 48 National MSSP,"AZ, AR, FL, GA, KY, MI, NJ, OR, SC, TN, TX, UT, VA, WA",3,7/1/2019,1/1/2025,1,0,,1,0,1,0,0,0,0,0,1,"4550 Montgomery Ave, Suite 950N, Bethesda, MD, 20814",https://aledade.com/national-mssp-2019/,Victoria Njoku-Anokam,vnjokuanokam@aledade.com,(917) 983-5669,Travis Broome,travis@aledade.com,(202) 742-5897,Jillyan Bacallao,Ellaheh Ebrahim
A4671,VSVL MEDICAL SERVICES PLLC,Aledade 48 National MSSP,"AZ, AR, FL, GA, KY, MI, NJ, OR, SC, TN, TX, UT, VA, WA",3,7/1/2019,1/1/2025,1,0,,1,0,1,0,0,0,0,0,1,"4550 Montgomery Ave, Suite 950N, Bethesda, MD, 20814",https://aledade.com/national-mssp-2019/,Victoria Njoku-Anokam,vnjokuanokam@aledade.com,(917) 983-5669,Travis Broome,travis@aledade.com,(202) 742-5897,Jillyan Bacallao,Ellaheh Ebrahim
A4671,WEST OLYMPIA INTERNAL MEDICINE PLLC,Aledade 48 National MSSP,"AZ, AR, FL, GA, KY, MI, NJ, OR, SC, TN, TX, UT, VA, WA",3,7/1/2019,1/1/2025,1,0,,1,0,1,0,0,0,0,0,1,"4550 Montgomery Ave, Suite 950N, Bethesda, MD, 20814",https://aledade.com/national-mssp-2019/,Victoria Njoku-Anokam,vnjokuanokam@aledade.com,(917) 983-5669,Travis Broome,travis@aledade.com,(202) 742-5897,Jillyan Bacallao,Ellaheh Ebrahim
A4671,YANITZA RODRIGUEZ MD PA,Aledade 48 National MSSP,"AZ, AR, FL, GA, KY, MI, NJ, OR, SC, TN, TX, UT, VA, WA",3,7/1/2019,1/1/2025,1,0,,1,0,1,0,0,0,0,0,1,"4550 Montgomery Ave, Suite 950N, Bethesda, MD, 20814",https://aledade.com/national-mssp-2019/,Victoria Njoku-Anokam,vnjokuanokam@aledade.com,(917) 983-5669,Travis Broome,travis@aledade.com,(202) 742-5897,Jillyan Bacallao,Ellaheh Ebrahim
A4671,"ZHUPING CHANG KARAISZ, M.D. PA",Aledade 48 National MSSP,"AZ, AR, FL, GA, KY, MI, NJ, OR, SC, TN, TX, UT, VA, WA",3,7/1/2019,1/1/2025,1,0,,1,0,1,0,0,0,0,0,1,"4550 Montgomery Ave, Suite 950N, Bethesda, MD, 20814",https://aledade.com/national-mssp-2019/,Victoria Njoku-Anokam,vnjokuanokam@aledade.com,(917) 983-5669,Travis Broome,travis@aledade.com,(202) 742-5897,Jillyan Bacallao,Ellaheh Ebrahim
A4757,1ST CHOICE HEALTHCARE INC,Aledade 58 AR CHC MSSP Enhanced,"AR, OK",5,1/1/2020,1/1/2025,1,0,,1,0,1,0,0,0,0,0,1,"4550 Montgomery Ave, Suite 950N, Bethesda, MD, 20814",https://aledade.com/ar-mssp-community-health-center/,Nadine Robin,nrobin@aledade.com,(202) 802-3797,Travis Broome,travis@aledade.com,(202) 742-5897,Jillyan Bacallao,Susan Jones
A4757,"ALLIANCE SENIOR HEALTH, PLLC",Aledade 58 AR CHC MSSP Enhanced,"AR, OK",5,1/1/2020,1/1/2025,1,0,,1,0,1,0,0,0,0,0,1,"4550 Montgomery Ave, Suite 950N, Bethesda, MD, 20814",https://aledade.com/ar-mssp-community-health-center/,Nadine Robin,nrobin@aledade.com,(202) 802-3797,Travis Broome,travis@aledade.com,(202) 742-5897,Jillyan Bacallao,Susan Jones
A4757,BENNY J GREEN MD PA,Aledade 58 AR CHC MSSP Enhanced,"AR, OK",5,1/1/2020,1/1/2025,1,0,,1,0,1,0,0,0,0,0,1,"4550 Montgomery Ave, Suite 950N, Bethesda, MD, 20814",https://aledade.com/ar-mssp-community-health-center/,Nadine Robin,nrobin@aledade.com,(202) 802-3797,Travis Broome,travis@aledade.com,(202) 742-5897,Jillyan Bacallao,Susan Jones
A4757,BOSTON MOUNTAIN RURAL HEALTH CENTER INC,Aledade 58 AR CHC MSSP Enhanced,"AR, OK",5,1/1/2020,1/1/2025,1,0,,1,0,1,0,0,0,0,0,1,"4550 Montgomery Ave, Suite 950N, Bethesda, MD, 20814",https://aledade.com/ar-mssp-community-health-center/,Nadine Robin,nrobin@aledade.com,(202) 802-3797,Travis Broome,travis@aledade.com,(202) 742-5897,Jillyan Bacallao,Susan Jones
A4757,"CABUN RURAL HEALTH SERVICES, INC",Aledade 58 AR CHC MSSP Enhanced,"AR, OK",5,1/1/2020,1/1/2025,1,0,,1,0,1,0,0,0,0,0,1,"4550 Montgomery Ave, Suite 950N, Bethesda, MD, 20814",https://aledade.com/ar-mssp-community-health-center/,Nadine Robin,nrobin@aledade.com,(202) 802-3797,Travis Broome,travis@aledade.com,(202) 742-5897,Jillyan Bacallao,Susan Jones
A4757,EAST ARKANSAS FAMILY HEALTH CENTER INC,Aledade 58 AR CHC MSSP Enhanced,"AR, OK",5,1/1/2020,1/1/2025,1,0,,1,0,1,0,0,0,0,0,1,"4550 Montgomery Ave, Suite 950N, Bethesda, MD, 20814",https://aledade.com/ar-mssp-community-health-center/,Nadine Robin,nrobin@aledade.com,(202) 802-3797,Travis Broome,travis@aledade.com,(202) 742-5897,Jillyan Bacallao,Susan Jones
A4757,"HEALTHY CONNECTIONS, INC.",Aledade 58 AR CHC MSSP Enhanced,"AR, OK",5,1/1/2020,1/1/2025,1,0,,1,0,1,0,0,0,0,0,1,"4550 Montgomery Ave, Suite 950N, Bethesda, MD, 20814",https://aledade.com/ar-mssp-community-health-center/,Nadine Robin,nrobin@aledade.com,(202) 802-3797,Travis Broome,travis@aledade.com,(202) 742-5897,Jillyan Bacallao,Susan Jones
A4757,"JEFFERSON COMPREHENSIVE CARE SYSTEM, INC",Aledade 58 AR CHC MSSP Enhanced,"AR, OK",5,1/1/2020,1/1/2025,1,0,,1,0,1,0,0,0,0,0,1,"4550 Montgomery Ave, Suite 950N, Bethesda, MD, 20814",https://aledade.com/ar-mssp-community-health-center/,Nadine Robin,nrobin@aledade.com,(202) 802-3797,Travis Broome,travis@aledade.com,(202) 742-5897,Jillyan Bacallao,Susan Jones
A4757,JIMMERSON FAMILY HEALTH CARE P.A.,Aledade 58 AR CHC MSSP Enhanced,"AR, OK",5,1/1/2020,1/1/2025,1,0,,1,0,1,0,0,0,0,0,1,"4550 Montgomery Ave, Suite 950N, Bethesda, MD, 20814",https://aledade.com/ar-mssp-community-health-center/,Nadine Robin,nrobin@aledade.com,(202) 802-3797,Travis Broome,travis@aledade.com,(202) 742-5897,Jillyan Bacallao,Susan Jones
A4757,LEE COUNTY COOPERATIVE CLINIC,Aledade 58 AR CHC MSSP Enhanced,"AR, OK",5,1/1/2020,1/1/2025,1,0,,1,0,1,0,0,0,0,0,1,"4550 Montgomery Ave, Suite 950N, Bethesda, MD, 20814",https://aledade.com/ar-mssp-community-health-center/,Nadine Robin,nrobin@aledade.com,(202) 802-3797,Travis Broome,travis@aledade.com,(202) 742-5897,Jillyan Bacallao,Susan Jones
A4757,MAINLINE HEALTH SYSTEMS INC,Aledade 58 AR CHC MSSP Enhanced,"AR, OK",5,1/1/2020,1/1/2025,1,0,,1,0,1,0,0,0,0,0,1,"4550 Montgomery Ave, Suite 950N, Bethesda, MD, 20814",https://aledade.com/ar-mssp-community-health-center/,Nadine Robin,nrobin@aledade.com,(202) 802-3797,Travis Broome,travis@aledade.com,(202) 742-5897,Jillyan Bacallao,Susan Jones
A4757,MID-DELTA HEALTH SYSTEMS INC,Aledade 58 AR CHC MSSP Enhanced,"AR, OK",5,1/1/2020,1/1/2025,1,0,,1,0,1,0,0,0,0,0,1,"4550 Montgomery Ave, Suite 950N, Bethesda, MD, 20814",https://aledade.com/ar-mssp-community-health-center/,Nadine Robin,nrobin@aledade.com,(202) 802-3797,Travis Broome,travis@aledade.com,(202) 742-5897,Jillyan Bacallao,Susan Jones
A4757,RIVER VALLEY PRIMARY CARE SERVICES,Aledade 58 AR CHC MSSP Enhanced,"AR, OK",5,1/1/2020,1/1/2025,1,0,,1,0,1,0,0,0,0,0,1,"4550 Montgomery Ave, Suite 950N, Bethesda, MD, 20814",https://aledade.com/ar-mssp-community-health-center/,Nadine Robin,nrobin@aledade.com,(202) 802-3797,Travis Broome,travis@aledade.com,(202) 742-5897,Jillyan Bacallao,Susan Jones
A4757,"ST. FRANCIS HOUSE NWA, INC.",Aledade 58 AR CHC MSSP Enhanced,"AR, OK",5,1/1/2020,1/1/2025,1,0,,1,0,1,0,0,0,0,0,1,"4550 Montgomery Ave, Suite 950N, Bethesda, MD, 20814",https://aledade.com/ar-mssp-community-health-center/,Nadine Robin,nrobin@aledade.com,(202) 802-3797,Travis Broome,travis@aledade.com,(202) 742-5897,Jillyan Bacallao,Susan Jones
A4757,WILLIS CLINIC,Aledade 58 AR CHC MSSP Enhanced,"AR, OK",5,1/1/2020,1/1/2025,1,0,,1,0,1,0,0,0,0,0,1,"4550 Montgomery Ave, Suite 950N, Bethesda, MD, 20814",https://aledade.com/ar-mssp-community-health-center/,Nadine Robin,nrobin@aledade.com,(202) 802-3797,Travis Broome,travis@aledade.com,(202) 742-5897,Jillyan Bacallao,Susan Jones
A2916,ALTUS PREMIER HEALTH CLINIC PLLC,Aledade A2916 KS MSSP Enhanced,"KS, OK",3,1/1/2016,1/1/2025,0,0,,1,0,1,0,1,0,0,0,1,"4550 Montgomery Ave, Suite 950N, Bethseda, MD, 20814",https://aledade.com/ks-mssp-enhanced/,AMY BYER,abyer@aledade.com,(316) 737-9743,Travis Broome,travis@aledade.com,(202) 803-7979,Jillyan Bacallao,Ryan Knopp
A2916,Andover Family Medicine LLC,Aledade A2916 KS MSSP Enhanced,"KS, OK",3,1/1/2016,1/1/2025,0,0,,1,0,1,0,1,0,0,0,1,"4550 Montgomery Ave, Suite 950N, Bethseda, MD, 20814",https://aledade.com/ks-mssp-enhanced/,AMY BYER,abyer@aledade.com,(316) 737-9743,Travis Broome,travis@aledade.com,(202) 803-7979,Jillyan Bacallao,Ryan Knopp
A2916,"Ashley Clinic, LLC",Aledade A2916 KS MSSP Enhanced,"KS, OK",3,1/1/2016,1/1/2025,0,0,,1,0,1,0,1,0,0,0,1,"4550 Montgomery Ave, Suite 950N, Bethseda, MD, 20814",https://aledade.com/ks-mssp-enhanced/,AMY BYER,abyer@aledade.com,(316) 737-9743,Travis Broome,travis@aledade.com,(202) 803-7979,Jillyan Bacallao,Ryan Knopp
A2916,Bryan C Davis MD PA,Aledade A2916 KS MSSP Enhanced,"KS, OK",3,1/1/2016,1/1/2025,0,0,,1,0,1,0,1,0,0,0,1,"4550 Montgomery Ave, Suite 950N, Bethseda, MD, 20814",https://aledade.com/ks-mssp-enhanced/,AMY BYER,abyer@aledade.com,(316) 737-9743,Travis Broome,travis@aledade.com,(202) 803-7979,Jillyan Bacallao,Ryan Knopp
A2916,Bryan K Dennett MD PA,Aledade A2916 KS MSSP Enhanced,"KS, OK",3,1/1/2016,1/1/2025,0,0,,1,0,1,0,1,0,0,0,1,"4550 Montgomery Ave, Suite 950N, Bethseda, MD, 20814",https://aledade.com/ks-mssp-enhanced/,AMY BYER,abyer@aledade.com,(316) 737-9743,Travis Broome,travis@aledade.com,(202) 803-7979,Jillyan Bacallao,Ryan Knopp
A2916,CHRISTOPHER W ORENDORFF MD PC,Aledade A2916 KS MSSP Enhanced,"KS, OK",3,1/1/2016,1/1/2025,0,0,,1,0,1,0,1,0,0,0,1,"4550 Montgomery Ave, Suite 950N, Bethseda, MD, 20814",https://aledade.com/ks-mssp-enhanced/,AMY BYER,abyer@aledade.com,(316) 737-9743,Travis Broome,travis@aledade.com,(202) 803-7979,Jillyan Bacallao,Ryan Knopp
A2916,GOVE COUNTY MEDICAL CENTER,Aledade A2916 KS MSSP Enhanced,"KS, OK",3,1/1/2016,1/1/2025,0,0,,1,0,1,0,1,0,0,0,1,"4550 Montgomery Ave, Suite 950N, Bethseda, MD, 20814",https://aledade.com/ks-mssp-enhanced/,AMY BYER,abyer@aledade.com,(316) 737-9743,Travis Broome,travis@aledade.com,(202) 803-7979,Jillyan Bacallao,Ryan Knopp
A2916,JAMES SERATT,Aledade A2916 KS MSSP Enhanced,"KS, OK",3,1/1/2016,1/1/2025,0,0,,1,0,1,0,1,0,0,0,1,"4550 Montgomery Ave, Suite 950N, Bethseda, MD, 20814",https://aledade.com/ks-mssp-enhanced/,AMY BYER,abyer@aledade.com,(316) 737-9743,Travis Broome,travis@aledade.com,(202) 803-7979,Jillyan Bacallao,Ryan Knopp
A2916,KNOLL CLINIC LLC,Aledade A2916 KS MSSP Enhanced,"KS, OK",3,1/1/2016,1/1/2025,0,0,,1,0,1,0,1,0,0,0,1,"4550 Montgomery Ave, Suite 950N, Bethseda, MD, 20814",https://aledade.com/ks-mssp-enhanced/,AMY BYER,abyer@aledade.com,(316) 737-9743,Travis Broome,travis@aledade.com,(202) 803-7979,Jillyan Bacallao,Ryan Knopp
A2916,PARTNERS IN FAMILY CARE LLC,Aledade A2916 KS MSSP Enhanced,"KS, OK",3,1/1/2016,1/1/2025,0,0,,1,0,1,0,1,0,0,0,1,"4550 Montgomery Ave, Suite 950N, Bethseda, MD, 20814",https://aledade.com/ks-mssp-enhanced/,AMY BYER,abyer@aledade.com,(316) 737-9743,Travis Broome,travis@aledade.com,(202) 803-7979,Jillyan Bacallao,Ryan Knopp
A2916,Pratt Family Practice LLC,Aledade A2916 KS MSSP Enhanced,"KS, OK",3,1/1/2016,1/1/2025,0,0,,1,0,1,0,1,0,0,0,1,"4550 Montgomery Ave, Suite 950N, Bethseda, MD, 20814",https://aledade.com/ks-mssp-enhanced/,AMY BYER,abyer@aledade.com,(316) 737-9743,Travis Broome,travis@aledade.com,(202) 803-7979,Jillyan Bacallao,Ryan Knopp
A2916,RICK R SCHMIDT MD PC,Aledade A2916 KS MSSP Enhanced,"KS, OK",3,1/1/2016,1/1/2025,0,0,,1,0,1,0,1,0,0,0,1,"4550 Montgomery Ave, Suite 950N, Bethseda, MD, 20814",https://aledade.com/ks-mssp-enhanced/,AMY BYER,abyer@aledade.com,(316) 737-9743,Travis Broome,travis@aledade.com,(202) 803-7979,Jillyan Bacallao,Ryan Knopp
A2916,SOUTHEAST KANSAS MENTAL HEALTH CENTER,Aledade A2916 KS MSSP Enhanced,"KS, OK",3,1/1/2016,1/1/2025,0,0,,1,0,1,0,1,0,0,0,1,"4550 Montgomery Ave, Suite 950N, Bethseda, MD, 20814",https://aledade.com/ks-mssp-enhanced/,AMY BYER,abyer@aledade.com,(316) 737-9743,Travis Broome,travis@aledade.com,(202) 803-7979,Jillyan Bacallao,Ryan Knopp
A2916,"Stonecreek Family Physicians, Llp",Aledade A2916 KS MSSP Enhanced,"KS, OK",3,1/1/2016,1/1/2025,0,0,,1,0,1,0,1,0,0,0,1,"4550 Montgomery Ave, Suite 950N, Bethseda, MD, 20814",https://aledade.com/ks-mssp-enhanced/,AMY BYER,abyer@aledade.com,(316) 737-9743,Travis Broome,travis@aledade.com,(202) 803-7979,Jillyan Bacallao,Ryan Knopp
A2916,TRITON HEALTH PLLC,Aledade A2916 KS MSSP Enhanced,"KS, OK",3,1/1/2016,1/1/2025,0,0,,1,0,1,0,1,0,0,0,1,"4550 Montgomery Ave, Suite 950N, Bethseda, MD, 20814",https://aledade.com/ks-mssp-enhanced/,AMY BYER,abyer@aledade.com,(316) 737-9743,Travis Broome,travis@aledade.com,(202) 803-7979,Jillyan Bacallao,Ryan Knopp
A2916,"WICHITA FAMILY MEDICINE SPECIALISTS, LLC",Aledade A2916 KS MSSP Enhanced,"KS, OK",3,1/1/2016,1/1/2025,0,0,,1,0,1,0,1,0,0,0,1,"4550 Montgomery Ave, Suite 950N, Bethseda, MD, 20814",https://aledade.com/ks-mssp-enhanced/,AMY BYER,abyer@aledade.com,(316) 737-9743,Travis Broome,travis@aledade.com,(202) 803-7979,Jillyan Bacallao,Ryan Knopp
A2918,"Acadiana Family Medical Associates, LLC",Aledade A2918 LA MSSP Enhanced,LA,3,1/1/2016,1/1/2025,0,0,,1,0,1,0,0,0,0,0,1,"4550 Montgomery Ave, Suite 950N, Bethesda, MD, 20814",https://aledade.com/la-mssp-2016-enhanced/,Nadine Robin,nrobin@aledade.com,(202) 802-3797,Travis Broome,travis@aledade.com,(202) 742-5897,Jillyan Bacallao,Darrin Menard
A2918,"ACADIANA PEDIATRICS, L.L.C.",Aledade A2918 LA MSSP Enhanced,LA,3,1/1/2016,1/1/2025,0,0,,1,0,1,0,0,0,0,0,1,"4550 Montgomery Ave, Suite 950N, Bethesda, MD, 20814",https://aledade.com/la-mssp-2016-enhanced/,Nadine Robin,nrobin@aledade.com,(202) 802-3797,Travis Broome,travis@aledade.com,(202) 742-5897,Jillyan Bacallao,Darrin Menard
A2918,Aledade Care Solutions of Virginia,Aledade A2918 LA MSSP Enhanced,LA,3,1/1/2016,1/1/2025,0,0,,1,0,1,0,0,0,0,0,1,"4550 Montgomery Ave, Suite 950N, Bethesda, MD, 20814",https://aledade.com/la-mssp-2016-enhanced/,Nadine Robin,nrobin@aledade.com,(202) 802-3797,Travis Broome,travis@aledade.com,(202) 742-5897,Jillyan Bacallao,Darrin Menard
A2918,Andrew T Davies MD LLC,Aledade A2918 LA MSSP Enhanced,LA,3,1/1/2016,1/1/2025,0,0,,1,0,1,0,0,0,0,0,1,"4550 Montgomery Ave, Suite 950N, Bethesda, MD, 20814",https://aledade.com/la-mssp-2016-enhanced/,Nadine Robin,nrobin@aledade.com,(202) 802-3797,Travis Broome,travis@aledade.com,(202) 742-5897,Jillyan Bacallao,Darrin Menard
A2918,BARNUM INTERNAL MEDICINE,Aledade A2918 LA MSSP Enhanced,LA,3,1/1/2016,1/1/2025,0,0,,1,0,1,0,0,0,0,0,1,"4550 Montgomery Ave, Suite 950N, Bethesda, MD, 20814",https://aledade.com/la-mssp-2016-enhanced/,Nadine Robin,nrobin@aledade.com,(202) 802-3797,Travis Broome,travis@aledade.com,(202) 742-5897,Jillyan Bacallao,Darrin Menard
A2918,Braud Family Practice LLC,Aledade A2918 LA MSSP Enhanced,LA,3,1/1/2016,1/1/2025,0,0,,1,0,1,0,0,0,0,0,1,"4550 Montgomery Ave, Suite 950N, Bethesda, MD, 20814",https://aledade.com/la-mssp-2016-enhanced/,Nadine Robin,nrobin@aledade.com,(202) 802-3797,Travis Broome,travis@aledade.com,(202) 742-5897,Jillyan Bacallao,Darrin Menard
A2918,"Brian N. Heinen MD, APMC",Aledade A2918 LA MSSP Enhanced,LA,3,1/1/2016,1/1/2025,0,0,,1,0,1,0,0,0,0,0,1,"4550 Montgomery Ave, Suite 950N, Bethesda, MD, 20814",https://aledade.com/la-mssp-2016-enhanced/,Nadine Robin,nrobin@aledade.com,(202) 802-3797,Travis Broome,travis@aledade.com,(202) 742-5897,Jillyan Bacallao,Darrin Menard
A2918,"Bryan A. LeBean, Sr., M.D.APMC",Aledade A2918 LA MSSP Enhanced,LA,3,1/1/2016,1/1/2025,0,0,,1,0,1,0,0,0,0,0,1,"4550 Montgomery Ave, Suite 950N, Bethesda, MD, 20814",https://aledade.com/la-mssp-2016-enhanced/,Nadine Robin,nrobin@aledade.com,(202) 802-3797,Travis Broome,travis@aledade.com,(202) 742-5897,Jillyan Bacallao,Darrin Menard
A2918,Calcasieu Cameron Hospital Service District,Aledade A2918 LA MSSP Enhanced,LA,3,1/1/2016,1/1/2025,0,0,,1,0,1,0,0,0,0,0,1,"4550 Montgomery Ave, Suite 950N, Bethesda, MD, 20814",https://aledade.com/la-mssp-2016-enhanced/,Nadine Robin,nrobin@aledade.com,(202) 802-3797,Travis Broome,travis@aledade.com,(202) 742-5897,Jillyan Bacallao,Darrin Menard
A2918,Crowley Primary Care LLC,Aledade A2918 LA MSSP Enhanced,LA,3,1/1/2016,1/1/2025,0,0,,1,0,1,0,0,0,0,0,1,"4550 Montgomery Ave, Suite 950N, Bethesda, MD, 20814",https://aledade.com/la-mssp-2016-enhanced/,Nadine Robin,nrobin@aledade.com,(202) 802-3797,Travis Broome,travis@aledade.com,(202) 742-5897,Jillyan Bacallao,Darrin Menard
A2918,Darrin Menard,Aledade A2918 LA MSSP Enhanced,LA,3,1/1/2016,1/1/2025,0,0,,1,0,1,0,0,0,0,0,1,"4550 Montgomery Ave, Suite 950N, Bethesda, MD, 20814",https://aledade.com/la-mssp-2016-enhanced/,Nadine Robin,nrobin@aledade.com,(202) 802-3797,Travis Broome,travis@aledade.com,(202) 742-5897,Jillyan Bacallao,Darrin Menard
A2918,Eric Fontenot Md Internal Medicine Group Llc,Aledade A2918 LA MSSP Enhanced,LA,3,1/1/2016,1/1/2025,0,0,,1,0,1,0,0,0,0,0,1,"4550 Montgomery Ave, Suite 950N, Bethesda, MD, 20814",https://aledade.com/la-mssp-2016-enhanced/,Nadine Robin,nrobin@aledade.com,(202) 802-3797,Travis Broome,travis@aledade.com,(202) 742-5897,Jillyan Bacallao,Darrin Menard
A2918,Family Medicine Clinic,Aledade A2918 LA MSSP Enhanced,LA,3,1/1/2016,1/1/2025,0,0,,1,0,1,0,0,0,0,0,1,"4550 Montgomery Ave, Suite 950N, Bethesda, MD, 20814",https://aledade.com/la-mssp-2016-enhanced/,Nadine Robin,nrobin@aledade.com,(202) 802-3797,Travis Broome,travis@aledade.com,(202) 742-5897,Jillyan Bacallao,Darrin Menard
A2918,Family Medicine of Acadiana LLC,Aledade A2918 LA MSSP Enhanced,LA,3,1/1/2016,1/1/2025,0,0,,1,0,1,0,0,0,0,0,1,"4550 Montgomery Ave, Suite 950N, Bethesda, MD, 20814",https://aledade.com/la-mssp-2016-enhanced/,Nadine Robin,nrobin@aledade.com,(202) 802-3797,Travis Broome,travis@aledade.com,(202) 742-5897,Jillyan Bacallao,Darrin Menard
A2918,"Family Practice Center of Sulphur, LLC",Aledade A2918 LA MSSP Enhanced,LA,3,1/1/2016,1/1/2025,0,0,,1,0,1,0,0,0,0,0,1,"4550 Montgomery Ave, Suite 950N, Bethesda, MD, 20814",https://aledade.com/la-mssp-2016-enhanced/,Nadine Robin,nrobin@aledade.com,(202) 802-3797,Travis Broome,travis@aledade.com,(202) 742-5897,Jillyan Bacallao,Darrin Menard
A2918,FUSELIER HEALTHCARE SERVICES LLC,Aledade A2918 LA MSSP Enhanced,LA,3,1/1/2016,1/1/2025,0,0,,1,0,1,0,0,0,0,0,1,"4550 Montgomery Ave, Suite 950N, Bethesda, MD, 20814",https://aledade.com/la-mssp-2016-enhanced/,Nadine Robin,nrobin@aledade.com,(202) 802-3797,Travis Broome,travis@aledade.com,(202) 742-5897,Jillyan Bacallao,Darrin Menard
A2918,"Geoffrey A. Mire, MD Inc",Aledade A2918 LA MSSP Enhanced,LA,3,1/1/2016,1/1/2025,0,0,,1,0,1,0,0,0,0,0,1,"4550 Montgomery Ave, Suite 950N, Bethesda, MD, 20814",https://aledade.com/la-mssp-2016-enhanced/,Nadine Robin,nrobin@aledade.com,(202) 802-3797,Travis Broome,travis@aledade.com,(202) 742-5897,Jillyan Bacallao,Darrin Menard
A2918,HEINEN MEDICAL CLINICS LLC,Aledade A2918 LA MSSP Enhanced,LA,3,1/1/2016,1/1/2025,0,0,,1,0,1,0,0,0,0,0,1,"4550 Montgomery Ave, Suite 950N, Bethesda, MD, 20814",https://aledade.com/la-mssp-2016-enhanced/,Nadine Robin,nrobin@aledade.com,(202) 802-3797,Travis Broome,travis@aledade.com,(202) 742-5897,Jillyan Bacallao,Darrin Menard
A2918,Kathleen E Kautz MD Medical Corporation,Aledade A2918 LA MSSP Enhanced,LA,3,1/1/2016,1/1/2025,0,0,,1,0,1,0,0,0,0,0,1,"4550 Montgomery Ave, Suite 950N, Bethesda, MD, 20814",https://aledade.com/la-mssp-2016-enhanced/,Nadine Robin,nrobin@aledade.com,(202) 802-3797,Travis Broome,travis@aledade.com,(202) 742-5897,Jillyan Bacallao,Darrin Menard
A2918,Ken Thomas MD LLC,Aledade A2918 LA MSSP Enhanced,LA,3,1/1/2016,1/1/2025,0,0,,1,0,1,0,0,0,0,0,1,"4550 Montgomery Ave, Suite 950N, Bethesda, MD, 20814",https://aledade.com/la-mssp-2016-enhanced/,Nadine Robin,nrobin@aledade.com,(202) 802-3797,Travis Broome,travis@aledade.com,(202) 742-5897,Jillyan Bacallao,Darrin Menard
A2918,"Lafayette Internal Medicine Clinic, LLC",Aledade A2918 LA MSSP Enhanced,LA,3,1/1/2016,1/1/2025,0,0,,1,0,1,0,0,0,0,0,1,"4550 Montgomery Ave, Suite 950N, Bethesda, MD, 20814",https://aledade.com/la-mssp-2016-enhanced/,Nadine Robin,nrobin@aledade.com,(202) 802-3797,Travis Broome,travis@aledade.com,(202) 742-5897,Jillyan Bacallao,Darrin Menard
A2918,"LAHASKY MEDICAL CLINIC, APMC",Aledade A2918 LA MSSP Enhanced,LA,3,1/1/2016,1/1/2025,0,0,,1,0,1,0,0,0,0,0,1,"4550 Montgomery Ave, Suite 950N, Bethesda, MD, 20814",https://aledade.com/la-mssp-2016-enhanced/,Nadine Robin,nrobin@aledade.com,(202) 802-3797,Travis Broome,travis@aledade.com,(202) 742-5897,Jillyan Bacallao,Darrin Menard
A2918,"Lannan Family Practice, LLC",Aledade A2918 LA MSSP Enhanced,LA,3,1/1/2016,1/1/2025,0,0,,1,0,1,0,0,0,0,0,1,"4550 Montgomery Ave, Suite 950N, Bethesda, MD, 20814",https://aledade.com/la-mssp-2016-enhanced/,Nadine Robin,nrobin@aledade.com,(202) 802-3797,Travis Broome,travis@aledade.com,(202) 742-5897,Jillyan Bacallao,Darrin Menard
A2918,Maplewood Family Medicine Clinic,Aledade A2918 LA MSSP Enhanced,LA,3,1/1/2016,1/1/2025,0,0,,1,0,1,0,0,0,0,0,1,"4550 Montgomery Ave, Suite 950N, Bethesda, MD, 20814",https://aledade.com/la-mssp-2016-enhanced/,Nadine Robin,nrobin@aledade.com,(202) 802-3797,Travis Broome,travis@aledade.com,(202) 742-5897,Jillyan Bacallao,Darrin Menard
A2918,Natchitoches Medical Specialists,Aledade A2918 LA MSSP Enhanced,LA,3,1/1/2016,1/1/2025,0,0,,1,0,1,0,0,0,0,0,1,"4550 Montgomery Ave, Suite 950N, Bethesda, MD, 20814",https://aledade.com/la-mssp-2016-enhanced/,Nadine Robin,nrobin@aledade.com,(202) 802-3797,Travis Broome,travis@aledade.com,(202) 742-5897,Jillyan Bacallao,Darrin Menard
A2918,STEPHEN SALOPEK MD LLC,Aledade A2918 LA MSSP Enhanced,LA,3,1/1/2016,1/1/2025,0,0,,1,0,1,0,0,0,0,0,1,"4550 Montgomery Ave, Suite 950N, Bethesda, MD, 20814",https://aledade.com/la-mssp-2016-enhanced/,Nadine Robin,nrobin@aledade.com,(202) 802-3797,Travis Broome,travis@aledade.com,(202) 742-5897,Jillyan Bacallao,Darrin Menard
A2918,SW LOUISIANA INTERNAL MEDICINE LLC,Aledade A2918 LA MSSP Enhanced,LA,3,1/1/2016,1/1/2025,0,0,,1,0,1,0,0,0,0,0,1,"4550 Montgomery Ave, Suite 950N, Bethesda, MD, 20814",https://aledade.com/la-mssp-2016-enhanced/,Nadine Robin,nrobin@aledade.com,(202) 802-3797,Travis Broome,travis@aledade.com,(202) 742-5897,Jillyan Bacallao,Darrin Menard
A2918,"The Family Care Center of Southwest Louisiana, LLC",Aledade A2918 LA MSSP Enhanced,LA,3,1/1/2016,1/1/2025,0,0,,1,0,1,0,0,0,0,0,1,"4550 Montgomery Ave, Suite 950N, Bethesda, MD, 20814",https://aledade.com/la-mssp-2016-enhanced/,Nadine Robin,nrobin@aledade.com,(202) 802-3797,Travis Broome,travis@aledade.com,(202) 742-5897,Jillyan Bacallao,Darrin Menard
A2918,"The Family Clinic of Crowley, Inc",Aledade A2918 LA MSSP Enhanced,LA,3,1/1/2016,1/1/2025,0,0,,1,0,1,0,0,0,0,0,1,"4550 Montgomery Ave, Suite 950N, Bethesda, MD, 20814",https://aledade.com/la-mssp-2016-enhanced/,Nadine Robin,nrobin@aledade.com,(202) 802-3797,Travis Broome,travis@aledade.com,(202) 742-5897,Jillyan Bacallao,Darrin Menard
A2918,"Warren J. Degatur, Jr. MD Inc",Aledade A2918 LA MSSP Enhanced,LA,3,1/1/2016,1/1/2025,0,0,,1,0,1,0,0,0,0,0,1,"4550 Montgomery Ave, Suite 950N, Bethesda, MD, 20814",https://aledade.com/la-mssp-2016-enhanced/,Nadine Robin,nrobin@aledade.com,(202) 802-3797,Travis Broome,travis@aledade.com,(202) 742-5897,Jillyan Bacallao,Darrin Menard
A5615,"COMMUNITY HEALTH CENTER OF CAPE COD, INC.",C3 MSSP Enhanced LLC,"MA, OR",1,1/1/2025,1/1/2025,0,0,,1,0,1,0,0,0,0,0,1,"75 Federal Street Fl 7th, Boston, MA, 02110",https://www.communitycarecooperative.org/providers/mssp-pc-flex-required-public-reporting/,Aditya Mahalingam Dhingra,amahalingam-dhingra@c3aco.org,(617) 869-2564,Ewa Szczotka-Gorn,egorn@c3aco.org,(857) 216-7865,Benjamin Janelli,Joseph Peppe
A5615,HOLYOKE HEALTH CENTER INC,C3 MSSP Enhanced LLC,"MA, OR",1,1/1/2025,1/1/2025,0,0,,1,0,1,0,0,0,0,0,1,"75 Federal Street Fl 7th, Boston, MA, 02110",https://www.communitycarecooperative.org/providers/mssp-pc-flex-required-public-reporting/,Aditya Mahalingam Dhingra,amahalingam-dhingra@c3aco.org,(617) 869-2564,Ewa Szczotka-Gorn,egorn@c3aco.org,(857) 216-7865,Benjamin Janelli,Joseph Peppe
A5615,ISLAND HEALTH INC.,C3 MSSP Enhanced LLC,"MA, OR",1,1/1/2025,1/1/2025,0,0,,1,0,1,0,0,0,0,0,1,"75 Federal Street Fl 7th, Boston, MA, 02110",https://www.communitycarecooperative.org/providers/mssp-pc-flex-required-public-reporting/,Aditya Mahalingam Dhingra,amahalingam-dhingra@c3aco.org,(617) 869-2564,Ewa Szczotka-Gorn,egorn@c3aco.org,(857) 216-7865,Benjamin Janelli,Joseph Peppe
A5615,LYNN COMMUNITY HEALTH INC,C3 MSSP Enhanced LLC,"MA, OR",1,1/1/2025,1/1/2025,0,0,,1,0,1,0,0,0,0,0,1,"75 Federal Street Fl 7th, Boston, MA, 02110",https://www.communitycarecooperative.org/providers/mssp-pc-flex-required-public-reporting/,Aditya Mahalingam Dhingra,amahalingam-dhingra@c3aco.org,(617) 869-2564,Ewa Szczotka-Gorn,egorn@c3aco.org,(857) 216-7865,Benjamin Janelli,Joseph Peppe
A5615,MOSAIC COMMUNITY HEALTH,C3 MSSP Enhanced LLC,"MA, OR",1,1/1/2025,1/1/2025,0,0,,1,0,1,0,0,0,0,0,1,"75 Federal Street Fl 7th, Boston, MA, 02110",https://www.communitycarecooperative.org/providers/mssp-pc-flex-required-public-reporting/,Aditya Mahalingam Dhingra,amahalingam-dhingra@c3aco.org,(617) 869-2564,Ewa Szczotka-Gorn,egorn@c3aco.org,(857) 216-7865,Benjamin Janelli,Joseph Peppe
A5615,NORTH SHORE COMMUNITY HEALTH INC,C3 MSSP Enhanced LLC,"MA, OR",1,1/1/2025,1/1/2025,0,0,,1,0,1,0,0,0,0,0,1,"75 Federal Street Fl 7th, Boston, MA, 02110",https://www.communitycarecooperative.org/providers/mssp-pc-flex-required-public-reporting/,Aditya Mahalingam Dhingra,amahalingam-dhingra@c3aco.org,(617) 869-2564,Ewa Szczotka-Gorn,egorn@c3aco.org,(857) 216-7865,Benjamin Janelli,Joseph Peppe
A5610,COLUMBIA BASIN HEALTH ASSOCIATION,CCCN ACO LLC,"AZ, WA",1,1/1/2025,1/1/2025,0,0,,1,0,1,0,0,0,0,1,0,"18 S Mission Street, STE #300, Wenatchee, WA, 98801",https://cccnaco.com/,Benjamin Potter,ben.potter@ccnwa.com,(208) 758-4183,Benjamin Potter,ben.potter@ccnwa.com,(208) 758-4183,Benjamin Potter,Jeffrey Gibbs
A5610,COLUMBIA VALLEY COMMUNITY HEALTH,CCCN ACO LLC,"AZ, WA",1,1/1/2025,1/1/2025,0,0,,1,0,1,0,0,0,0,1,0,"18 S Mission Street, STE #300, Wenatchee, WA, 98801",https://cccnaco.com/,Benjamin Potter,ben.potter@ccnwa.com,(208) 758-4183,Benjamin Potter,ben.potter@ccnwa.com,(208) 758-4183,Benjamin Potter,Jeffrey Gibbs
A5610,"MARIPOSA COMMUNITY HEALTH CENTER, INC",CCCN ACO LLC,"AZ, WA",1,1/1/2025,1/1/2025,0,0,,1,0,1,0,0,0,0,1,0,"18 S Mission Street, STE #300, Wenatchee, WA, 98801",https://cccnaco.com/,Benjamin Potter,ben.potter@ccnwa.com,(208) 758-4183,Benjamin Potter,ben.potter@ccnwa.com,(208) 758-4183,Benjamin Potter,Jeffrey Gibbs
A5610,SEA-MAR COMMUNITY HEALTH CENTER,CCCN ACO LLC,"AZ, WA",1,1/1/2025,1/1/2025,0,0,,1,0,1,0,0,0,0,1,0,"18 S Mission Street, STE #300, Wenatchee, WA, 98801",https://cccnaco.com/,Benjamin Potter,ben.potter@ccnwa.com,(208) 758-4183,Benjamin Potter,ben.potter@ccnwa.com,(208) 758-4183,Benjamin Potter,Jeffrey Gibbs
A5646,WHITE-WILSON MEDICAL CENTER PA,ElevateCare Network LLC,FL,1,1/1/2025,1/1/2025,0,0,,1,0,1,0,0,0,0,0,1,"4055 Valley View Lane, Dallas, TX, 75244",https://cvsaco.com/cms-reporting,Khue Nguyen,KNguyen@cvshealth.com,(925) 464-0701,KRISTINE MILLER,kristine.miller@cvshealth.com,(228) 224-3232,Kristen McKenna,
A5395,ATHENS FAMILY MEDICINE LLC,MPMG Aledade FL MSSP Enhanced,"FL, GA, SC",2,1/1/2024,1/1/2025,0,0,,1,0,1,0,0,0,1,0,1,"1732 South Congress Avenue, Suite 346, Palm Springs, FL, 33461",https://aledade.com/va-fqhc-2024-mssp-enhanced-copy/,Jordan Hall,jhall@sentrymedllc.com,(909) 653-6351,Jordan Hall,jhall@sentrymedllc.com,(909) 653-6351,Jillyan Bacallao,Jimmy Fernandez
A5395,BETTER ME HEALTHCARE LLC,MPMG Aledade FL MSSP Enhanced,"FL, GA, SC",2,1/1/2024,1/1/2025,0,0,,1,0,1,0,0,0,1,0,1,"1732 South Congress Avenue, Suite 346, Palm Springs, FL, 33461",https://aledade.com/va-fqhc-2024-mssp-enhanced-copy/,Jordan Hall,jhall@sentrymedllc.com,(909) 653-6351,Jordan Hall,jhall@sentrymedllc.com,(909) 653-6351,Jillyan Bacallao,Jimmy Fernandez
A5395,DAVID B HEVERT MD PA,MPMG Aledade FL MSSP Enhanced,"FL, GA, SC",2,1/1/2024,1/1/2025,0,0,,1,0,1,0,0,0,1,0,1,"1732 South Congress Avenue, Suite 346, Palm Springs, FL, 33461",https://aledade.com/va-fqhc-2024-mssp-enhanced-copy/,Jordan Hall,jhall@sentrymedllc.com,(909) 653-6351,Jordan Hall,jhall@sentrymedllc.com,(909) 653-6351,Jillyan Bacallao,Jimmy Fernandez
A5395,DUCARMEL AUGUSTIN MD PA,MPMG Aledade FL MSSP Enhanced,"FL, GA, SC",2,1/1/2024,1/1/2025,0,0,,1,0,1,0,0,0,1,0,1,"1732 South Congress Avenue, Suite 346, Palm Springs, FL, 33461",https://aledade.com/va-fqhc-2024-mssp-enhanced-copy/,Jordan Hall,jhall@sentrymedllc.com,(909) 653-6351,Jordan Hall,jhall@sentrymedllc.com,(909) 653-6351,Jillyan Bacallao,Jimmy Fernandez
A5395,"JEAN CLAUDE DUBOIS, P.A.",MPMG Aledade FL MSSP Enhanced,"FL, GA, SC",2,1/1/2024,1/1/2025,0,0,,1,0,1,0,0,0,1,0,1,"1732 South Congress Avenue, Suite 346, Palm Springs, FL, 33461",https://aledade.com/va-fqhc-2024-mssp-enhanced-copy/,Jordan Hall,jhall@sentrymedllc.com,(909) 653-6351,Jordan Hall,jhall@sentrymedllc.com,(909) 653-6351,Jillyan Bacallao,Jimmy Fernandez
A5395,"MADISON MEDICAL ASSOCIATES, PC",MPMG Aledade FL MSSP Enhanced,"FL, GA, SC",2,1/1/2024,1/1/2025,0,0,,1,0,1,0,0,0,1,0,1,"1732 South Congress Avenue, Suite 346, Palm Springs, FL, 33461",https://aledade.com/va-fqhc-2024-mssp-enhanced-copy/,Jordan Hall,jhall@sentrymedllc.com,(909) 653-6351,Jordan Hall,jhall@sentrymedllc.com,(909) 653-6351,Jillyan Bacallao,Jimmy Fernandez
A5395,MARTIN SPENCER STONE MD PA,MPMG Aledade FL MSSP Enhanced,"FL, GA, SC",2,1/1/2024,1/1/2025,0,0,,1,0,1,0,0,0,1,0,1,"1732 South Congress Avenue, Suite 346, Palm Springs, FL, 33461",https://aledade.com/va-fqhc-2024-mssp-enhanced-copy/,Jordan Hall,jhall@sentrymedllc.com,(909) 653-6351,Jordan Hall,jhall@sentrymedllc.com,(909) 653-6351,Jillyan Bacallao,Jimmy Fernandez
A5395,MESA MEDICAL LLC,MPMG Aledade FL MSSP Enhanced,"FL, GA, SC",2,1/1/2024,1/1/2025,0,0,,1,0,1,0,0,0,1,0,1,"1732 South Congress Avenue, Suite 346, Palm Springs, FL, 33461",https://aledade.com/va-fqhc-2024-mssp-enhanced-copy/,Jordan Hall,jhall@sentrymedllc.com,(909) 653-6351,Jordan Hall,jhall@sentrymedllc.com,(909) 653-6351,Jillyan Bacallao,Jimmy Fernandez
A5395,MIL-LAKE HEALTHCARE CENTER INC,MPMG Aledade FL MSSP Enhanced,"FL, GA, SC",2,1/1/2024,1/1/2025,0,0,,1,0,1,0,0,0,1,0,1,"1732 South Congress Avenue, Suite 346, Palm Springs, FL, 33461",https://aledade.com/va-fqhc-2024-mssp-enhanced-copy/,Jordan Hall,jhall@sentrymedllc.com,(909) 653-6351,Jordan Hall,jhall@sentrymedllc.com,(909) 653-6351,Jillyan Bacallao,Jimmy Fernandez
A5395,"OLYMPIA MEDICAL CENTER, INC.",MPMG Aledade FL MSSP Enhanced,"FL, GA, SC",2,1/1/2024,1/1/2025,0,0,,1,0,1,0,0,0,1,0,1,"1732 South Congress Avenue, Suite 346, Palm Springs, FL, 33461",https://aledade.com/va-fqhc-2024-mssp-enhanced-copy/,Jordan Hall,jhall@sentrymedllc.com,(909) 653-6351,Jordan Hall,jhall@sentrymedllc.com,(909) 653-6351,Jillyan Bacallao,Jimmy Fernandez
A5395,PCC MEDICAL HOLDINGS LLC,MPMG Aledade FL MSSP Enhanced,"FL, GA, SC",2,1/1/2024,1/1/2025,0,0,,1,0,1,0,0,0,1,0,1,"1732 South Congress Avenue, Suite 346, Palm Springs, FL, 33461",https://aledade.com/va-fqhc-2024-mssp-enhanced-copy/,Jordan Hall,jhall@sentrymedllc.com,(909) 653-6351,Jordan Hall,jhall@sentrymedllc.com,(909) 653-6351,Jillyan Bacallao,Jimmy Fernandez
A5395,PIEDMONT FAMILY PRACTICE LLC,MPMG Aledade FL MSSP Enhanced,"FL, GA, SC",2,1/1/2024,1/1/2025,0,0,,1,0,1,0,0,0,1,0,1,"1732 South Congress Avenue, Suite 346, Palm Springs, FL, 33461",https://aledade.com/va-fqhc-2024-mssp-enhanced-copy/,Jordan Hall,jhall@sentrymedllc.com,(909) 653-6351,Jordan Hall,jhall@sentrymedllc.com,(909) 653-6351,Jillyan Bacallao,Jimmy Fernandez
A5395,"PRINCE AVENUE PRIMARY CARE, L.L.C.",MPMG Aledade FL MSSP Enhanced,"FL, GA, SC",2,1/1/2024,1/1/2025,0,0,,1,0,1,0,0,0,1,0,1,"1732 South Congress Avenue, Suite 346, Palm Springs, FL, 33461",https://aledade.com/va-fqhc-2024-mssp-enhanced-copy/,Jordan Hall,jhall@sentrymedllc.com,(909) 653-6351,Jordan Hall,jhall@sentrymedllc.com,(909) 653-6351,Jillyan Bacallao,Jimmy Fernandez
A5395,ROSA M CUELLO SUAREZ MD PA,MPMG Aledade FL MSSP Enhanced,"FL, GA, SC",2,1/1/2024,1/1/2025,0,0,,1,0,1,0,0,0,1,0,1,"1732 South Congress Avenue, Suite 346, Palm Springs, FL, 33461",https://aledade.com/va-fqhc-2024-mssp-enhanced-copy/,Jordan Hall,jhall@sentrymedllc.com,(909) 653-6351,Jordan Hall,jhall@sentrymedllc.com,(909) 653-6351,Jillyan Bacallao,Jimmy Fernandez
A5395,SUSAN LEIGH JONES MD LLC,MPMG Aledade FL MSSP Enhanced,"FL, GA, SC",2,1/1/2024,1/1/2025,0,0,,1,0,1,0,0,0,1,0,1,"1732 South Congress Avenue, Suite 346, Palm Springs, FL, 33461",https://aledade.com/va-fqhc-2024-mssp-enhanced-copy/,Jordan Hall,jhall@sentrymedllc.com,(909) 653-6351,Jordan Hall,jhall@sentrymedllc.com,(909) 653-6351,Jillyan Bacallao,Jimmy Fernandez
A5395,THE KAUFMANN CLINIC INC,MPMG Aledade FL MSSP Enhanced,"FL, GA, SC",2,1/1/2024,1/1/2025,0,0,,1,0,1,0,0,0,1,0,1,"1732 South Congress Avenue, Suite 346, Palm Springs, FL, 33461",https://aledade.com/va-fqhc-2024-mssp-enhanced-copy/,Jordan Hall,jhall@sentrymedllc.com,(909) 653-6351,Jordan Hall,jhall@sentrymedllc.com,(909) 653-6351,Jillyan Bacallao,Jimmy Fernandez
A5395,"TREASURE COAST PRIMARY CARE, PA",MPMG Aledade FL MSSP Enhanced,"FL, GA, SC",2,1/1/2024,1/1/2025,0,0,,1,0,1,0,0,0,1,0,1,"1732 South Congress Avenue, Suite 346, Palm Springs, FL, 33461",https://aledade.com/va-fqhc-2024-mssp-enhanced-copy/,Jordan Hall,jhall@sentrymedllc.com,(909) 653-6351,Jordan Hall,jhall@sentrymedllc.com,(909) 653-6351,Jillyan Bacallao,Jimmy Fernandez
A5395,UNIVERSAL MEDICAL CENTRE PA,MPMG Aledade FL MSSP Enhanced,"FL, GA, SC",2,1/1/2024,1/1/2025,0,0,,1,0,1,0,0,0,1,0,1,"1732 South Congress Avenue, Suite 346, Palm Springs, FL, 33461",https://aledade.com/va-fqhc-2024-mssp-enhanced-copy/,Jordan Hall,jhall@sentrymedllc.com,(909) 653-6351,Jordan Hall,jhall@sentrymedllc.com,(909) 653-6351,Jillyan Bacallao,Jimmy Fernandez
A5395,"VINCENT C CHIN M.D., P.A.",MPMG Aledade FL MSSP Enhanced,"FL, GA, SC",2,1/1/2024,1/1/2025,0,0,,1,0,1,0,0,0,1,0,1,"1732 South Congress Avenue, Suite 346, Palm Springs, FL, 33461",https://aledade.com/va-fqhc-2024-mssp-enhanced-copy/,Jordan Hall,jhall@sentrymedllc.com,(909) 653-6351,Jordan Hall,jhall@sentrymedllc.com,(909) 653-6351,Jillyan Bacallao,Jimmy Fernandez
A5395,"W DANIEL ZANT,JR MD PC",MPMG Aledade FL MSSP Enhanced,"FL, GA, SC",2,1/1/2024,1/1/2025,0,0,,1,0,1,0,0,0,1,0,1,"1732 South Congress Avenue, Suite 346, Palm Springs, FL, 33461",https://aledade.com/va-fqhc-2024-mssp-enhanced-copy/,Jordan Hall,jhall@sentrymedllc.com,(909) 653-6351,Jordan Hall,jhall@sentrymedllc.com,(909) 653-6351,Jillyan Bacallao,Jimmy Fernandez
A5395,WEST KIRK MEDICAL PRACTICE PA,MPMG Aledade FL MSSP Enhanced,"FL, GA, SC",2,1/1/2024,1/1/2025,0,0,,1,0,1,0,0,0,1,0,1,"1732 South Congress Avenue, Suite 346, Palm Springs, FL, 33461",https://aledade.com/va-fqhc-2024-mssp-enhanced-copy/,Jordan Hall,jhall@sentrymedllc.com,(909) 653-6351,Jordan Hall,jhall@sentrymedllc.com,(909) 653-6351,Jillyan Bacallao,Jimmy Fernandez
A5395,YANELY PINEIRO PUEBLA MD. PA,MPMG Aledade FL MSSP Enhanced,"FL, GA, SC",2,1/1/2024,1/1/2025,0,0,,1,0,1,0,0,0,1,0,1,"1732 South Congress Avenue, Suite 346, Palm Springs, FL, 33461",https://aledade.com/va-fqhc-2024-mssp-enhanced-copy/,Jordan Hall,jhall@sentrymedllc.com,(909) 653-6351,Jordan Hall,jhall@sentrymedllc.com,(909) 653-6351,Jillyan Bacallao,Jimmy Fernandez
A5670,"CENTRO DE SALUD DE LA COMUNIDAD DE SAN YSIDRO, INC","My Choice Quality Care Network, LLC",CA,1,1/1/2025,1/1/2025,0,1,A,0,0,1,0,0,0,0,0,1,"3710 Ruffin Road, San Diego, CA, 92123",MyChoiceQualityCareNetworkACO.com,Amanda Simmons,asimmons@ihpsocal.org,(713) 859-9683,Amanda Simmons,asimmons@ihpsocal.org,(713) 859-9683,Tracy Garmer,Jay Lee
A5670,COMMUNITY HEALTH SYSTEMS INC,"My Choice Quality Care Network, LLC",CA,1,1/1/2025,1/1/2025,0,1,A,0,0,1,0,0,0,0,0,1,"3710 Ruffin Road, San Diego, CA, 92123",MyChoiceQualityCareNetworkACO.com,Amanda Simmons,asimmons@ihpsocal.org,(713) 859-9683,Amanda Simmons,asimmons@ihpsocal.org,(713) 859-9683,Tracy Garmer,Jay Lee
A5670,Imperial Beach Community Clinic,"My Choice Quality Care Network, LLC",CA,1,1/1/2025,1/1/2025,0,1,A,0,0,1,0,0,0,0,0,1,"3710 Ruffin Road, San Diego, CA, 92123",MyChoiceQualityCareNetworkACO.com,Amanda Simmons,asimmons@ihpsocal.org,(713) 859-9683,Amanda Simmons,asimmons@ihpsocal.org,(713) 859-9683,Tracy Garmer,Jay Lee
A5670,"NORTH COUNTY HEALTH PROJECT, INC.","My Choice Quality Care Network, LLC",CA,1,1/1/2025,1/1/2025,0,1,A,0,0,1,0,0,0,0,0,1,"3710 Ruffin Road, San Diego, CA, 92123",MyChoiceQualityCareNetworkACO.com,Amanda Simmons,asimmons@ihpsocal.org,(713) 859-9683,Amanda Simmons,asimmons@ihpsocal.org,(713) 859-9683,Tracy Garmer,Jay Lee
A5670,OPERATION SAMAHAN INC,"My Choice Quality Care Network, LLC",CA,1,1/1/2025,1/1/2025,0,1,A,0,0,1,0,0,0,0,0,1,"3710 Ruffin Road, San Diego, CA, 92123",MyChoiceQualityCareNetworkACO.com,Amanda Simmons,asimmons@ihpsocal.org,(713) 859-9683,Amanda Simmons,asimmons@ihpsocal.org,(713) 859-9683,Tracy Garmer,Jay Lee
A5670,SAN DIEGO FAMILY CARE,"My Choice Quality Care Network, LLC",CA,1,1/1/2025,1/1/2025,0,1,A,0,0,1,0,0,0,0,0,1,"3710 Ruffin Road, San Diego, CA, 92123",MyChoiceQualityCareNetworkACO.com,Amanda Simmons,asimmons@ihpsocal.org,(713) 859-9683,Amanda Simmons,asimmons@ihpsocal.org,(713) 859-9683,Tracy Garmer,Jay Lee
A5670,"ST. VINCENT DE PAUL VILLAGE, INC","My Choice Quality Care Network, LLC",CA,1,1/1/2025,1/1/2025,0,1,A,0,0,1,0,0,0,0,0,1,"3710 Ruffin Road, San Diego, CA, 92123",MyChoiceQualityCareNetworkACO.com,Amanda Simmons,asimmons@ihpsocal.org,(713) 859-9683,Amanda Simmons,asimmons@ihpsocal.org,(713) 859-9683,Tracy Garmer,Jay Lee
A5513,"CENTRUM MEDICAL HOLDINGS, LLC",NeueHealth Collaborative Care LLC,"CA, FL",1,1/1/2025,1/1/2025,0,0,,1,0,1,0,0,0,0,0,1,"8000 Norman Center Drive, Suite 900, Minneapolis, MN, 55437",https://www.neuehealth.com/reporting-aco/collaborative,Tomas Orozco,torozco@neuehealth.com,(305) 496-1146,Megan Mulligan,MMulligan@neuehealth.com,(201) 679-1158,Annette LaForge,
A5513,CHARLES RAINE,NeueHealth Collaborative Care LLC,"CA, FL",1,1/1/2025,1/1/2025,0,0,,1,0,1,0,0,0,0,0,1,"8000 Norman Center Drive, Suite 900, Minneapolis, MN, 55437",https://www.neuehealth.com/reporting-aco/collaborative,Tomas Orozco,torozco@neuehealth.com,(305) 496-1146,Megan Mulligan,MMulligan@neuehealth.com,(201) 679-1158,Annette LaForge,
A5513,CLINICA SIERRA VISTA,NeueHealth Collaborative Care LLC,"CA, FL",1,1/1/2025,1/1/2025,0,0,,1,0,1,0,0,0,0,0,1,"8000 Norman Center Drive, Suite 900, Minneapolis, MN, 55437",https://www.neuehealth.com/reporting-aco/collaborative,Tomas Orozco,torozco@neuehealth.com,(305) 496-1146,Megan Mulligan,MMulligan@neuehealth.com,(201) 679-1158,Annette LaForge,
A5513,GREEN NEAL,NeueHealth Collaborative Care LLC,"CA, FL",1,1/1/2025,1/1/2025,0,0,,1,0,1,0,0,0,0,0,1,"8000 Norman Center Drive, Suite 900, Minneapolis, MN, 55437",https://www.neuehealth.com/reporting-aco/collaborative,Tomas Orozco,torozco@neuehealth.com,(305) 496-1146,Megan Mulligan,MMulligan@neuehealth.com,(201) 679-1158,Annette LaForge,
A5513,PHYSICIAN PRACTICES OF MSMC LLC,NeueHealth Collaborative Care LLC,"CA, FL",1,1/1/2025,1/1/2025,0,0,,1,0,1,0,0,0,0,0,1,"8000 Norman Center Drive, Suite 900, Minneapolis, MN, 55437",https://www.neuehealth.com/reporting-aco/collaborative,Tomas Orozco,torozco@neuehealth.com,(305) 496-1146,Megan Mulligan,MMulligan@neuehealth.com,(201) 679-1158,Annette LaForge,
A5513,THADDEUS BELL,NeueHealth Collaborative Care LLC,"CA, FL",1,1/1/2025,1/1/2025,0,0,,1,0,1,0,0,0,0,0,1,"8000 Norman Center Drive, Suite 900, Minneapolis, MN, 55437",https://www.neuehealth.com/reporting-aco/collaborative,Tomas Orozco,torozco@neuehealth.com,(305) 496-1146,Megan Mulligan,MMulligan@neuehealth.com,(201) 679-1158,Annette LaForge,
A5513,WILL FAMILY MEDICAL GROUP A PROFESSIONAL CORPORATION,NeueHealth Collaborative Care LLC,"CA, FL",1,1/1/2025,1/1/2025,0,0,,1,0,1,0,0,0,0,0,1,"8000 Norman Center Drive, Suite 900, Minneapolis, MN, 55437",https://www.neuehealth.com/reporting-aco/collaborative,Tomas Orozco,torozco@neuehealth.com,(305) 496-1146,Megan Mulligan,MMulligan@neuehealth.com,(201) 679-1158,Annette LaForge,
A5702,"COMMUNITY MEDICAL ASSOCIATES, INC.",On Belay Health Solutions,"DE, MA, NV, NH, RI, SD, TX",1,1/1/2025,1/1/2025,0,0,,1,0,1,0,0,0,1,0,1,"100 Summer St., Suite 1600, Boston, MA, 02110",www.onbelayhealthsolutions.com/mssp2025,Andrew Allison,andrew@onbelayhealthsolutions.com,(617) 917-4408,Beth Patak,b_patak@obhs.com,(781) 697-5069,Beth Patak,Scott Early
A5702,FIRST CHOICE COMMUNITY MEDICAL SERVICES PC,On Belay Health Solutions,"DE, MA, NV, NH, RI, SD, TX",1,1/1/2025,1/1/2025,0,0,,1,0,1,0,0,0,1,0,1,"100 Summer St., Suite 1600, Boston, MA, 02110",www.onbelayhealthsolutions.com/mssp2025,Andrew Allison,andrew@onbelayhealthsolutions.com,(617) 917-4408,Beth Patak,b_patak@obhs.com,(781) 697-5069,Beth Patak,Scott Early
A5702,LAWRENCE G KIDD MD PC,On Belay Health Solutions,"DE, MA, NV, NH, RI, SD, TX",1,1/1/2025,1/1/2025,0,0,,1,0,1,0,0,0,1,0,1,"100 Summer St., Suite 1600, Boston, MA, 02110",www.onbelayhealthsolutions.com/mssp2025,Andrew Allison,andrew@onbelayhealthsolutions.com,(617) 917-4408,Beth Patak,b_patak@obhs.com,(781) 697-5069,Beth Patak,Scott Early
A5702,LAWRENCE HEALTH SOLUTIONS LLC,On Belay Health Solutions,"DE, MA, NV, NH, RI, SD, TX",1,1/1/2025,1/1/2025,0,0,,1,0,1,0,0,0,1,0,1,"100 Summer St., Suite 1600, Boston, MA, 02110",www.onbelayhealthsolutions.com/mssp2025,Andrew Allison,andrew@onbelayhealthsolutions.com,(617) 917-4408,Beth Patak,b_patak@obhs.com,(781) 697-5069,Beth Patak,Scott Early
A5702,LONE STAR CIRCLE OF CARE,On Belay Health Solutions,"DE, MA, NV, NH, RI, SD, TX",1,1/1/2025,1/1/2025,0,0,,1,0,1,0,0,0,1,0,1,"100 Summer St., Suite 1600, Boston, MA, 02110",www.onbelayhealthsolutions.com/mssp2025,Andrew Allison,andrew@onbelayhealthsolutions.com,(617) 917-4408,Beth Patak,b_patak@obhs.com,(781) 697-5069,Beth Patak,Scott Early
A5702,Northern Nevada HOPES,On Belay Health Solutions,"DE, MA, NV, NH, RI, SD, TX",1,1/1/2025,1/1/2025,0,0,,1,0,1,0,0,0,1,0,1,"100 Summer St., Suite 1600, Boston, MA, 02110",www.onbelayhealthsolutions.com/mssp2025,Andrew Allison,andrew@onbelayhealthsolutions.com,(617) 917-4408,Beth Patak,b_patak@obhs.com,(781) 697-5069,Beth Patak,Scott Early
A5702,NORTHWEST COMMUNITY HEALTH CARE,On Belay Health Solutions,"DE, MA, NV, NH, RI, SD, TX",1,1/1/2025,1/1/2025,0,0,,1,0,1,0,0,0,1,0,1,"100 Summer St., Suite 1600, Boston, MA, 02110",www.onbelayhealthsolutions.com/mssp2025,Andrew Allison,andrew@onbelayhealthsolutions.com,(617) 917-4408,Beth Patak,b_patak@obhs.com,(781) 697-5069,Beth Patak,Scott Early
A5702,RAPID CITY MEDICAL CENTER LLP,On Belay Health Solutions,"DE, MA, NV, NH, RI, SD, TX",1,1/1/2025,1/1/2025,0,0,,1,0,1,0,0,0,1,0,1,"100 Summer St., Suite 1600, Boston, MA, 02110",www.onbelayhealthsolutions.com/mssp2025,Andrew Allison,andrew@onbelayhealthsolutions.com,(617) 917-4408,Beth Patak,b_patak@obhs.com,(781) 697-5069,Beth Patak,Scott Early
A5702,VK NEW ENGLAND MANAGEMENT LLC,On Belay Health Solutions,"DE, MA, NV, NH, RI, SD, TX",1,1/1/2025,1/1/2025,0,0,,1,0,1,0,0,0,1,0,1,"100 Summer St., Suite 1600, Boston, MA, 02110",www.onbelayhealthsolutions.com/mssp2025,Andrew Allison,andrew@onbelayhealthsolutions.com,(617) 917-4408,Beth Patak,b_patak@obhs.com,(781) 697-5069,Beth Patak,Scott Early
A5702,ZAREK DONOHUE LLC,On Belay Health Solutions,"DE, MA, NV, NH, RI, SD, TX",1,1/1/2025,1/1/2025,0,0,,1,0,1,0,0,0,1,0,1,"100 Summer St., Suite 1600, Boston, MA, 02110",www.onbelayhealthsolutions.com/mssp2025,Andrew Allison,andrew@onbelayhealthsolutions.com,(617) 917-4408,Beth Patak,b_patak@obhs.com,(781) 697-5069,Beth Patak,Scott Early
A3547,ADIBA AHMED,Physician Partners of Western PA LLC,"NY, PA",3,1/1/2018,1/1/2025,0,0,,1,0,1,0,0,0,1,1,0,"120 Fifth Avenue Place, AHN-Corp, Pittsburgh, PA, 15222",www.physicianpartnerswpa.com/aco,Kristina Hahn,kristina.hahn@ahn.org,(412) 303-4639,Dan Laurent,dan.laurent@ahn.org,(412) 833-2567,Sandra Sessoms,William Johnjulio
A3547,Allegheny Clinic,Physician Partners of Western PA LLC,"NY, PA",3,1/1/2018,1/1/2025,0,0,,1,0,1,0,0,0,1,1,0,"120 Fifth Avenue Place, AHN-Corp, Pittsburgh, PA, 15222",www.physicianpartnerswpa.com/aco,Kristina Hahn,kristina.hahn@ahn.org,(412) 303-4639,Dan Laurent,dan.laurent@ahn.org,(412) 833-2567,Sandra Sessoms,William Johnjulio
A3547,Allegheny Clinic Radiology,Physician Partners of Western PA LLC,"NY, PA",3,1/1/2018,1/1/2025,0,0,,1,0,1,0,0,0,1,1,0,"120 Fifth Avenue Place, AHN-Corp, Pittsburgh, PA, 15222",www.physicianpartnerswpa.com/aco,Kristina Hahn,kristina.hahn@ahn.org,(412) 303-4639,Dan Laurent,dan.laurent@ahn.org,(412) 833-2567,Sandra Sessoms,William Johnjulio
A3547,ARMSTRONG COUNTY MEMORIAL HOSPITAL,Physician Partners of Western PA LLC,"NY, PA",3,1/1/2018,1/1/2025,0,0,,1,0,1,0,0,0,1,1,0,"120 Fifth Avenue Place, AHN-Corp, Pittsburgh, PA, 15222",www.physicianpartnerswpa.com/aco,Kristina Hahn,kristina.hahn@ahn.org,(412) 303-4639,Dan Laurent,dan.laurent@ahn.org,(412) 833-2567,Sandra Sessoms,William Johnjulio
A3547,ASSOCIATES IN NEUROLOGY OF PITTSBURGH,Physician Partners of Western PA LLC,"NY, PA",3,1/1/2018,1/1/2025,0,0,,1,0,1,0,0,0,1,1,0,"120 Fifth Avenue Place, AHN-Corp, Pittsburgh, PA, 15222",www.physicianpartnerswpa.com/aco,Kristina Hahn,kristina.hahn@ahn.org,(412) 303-4639,Dan Laurent,dan.laurent@ahn.org,(412) 833-2567,Sandra Sessoms,William Johnjulio
A3547,"Brentwood Medical Group, Inc",Physician Partners of Western PA LLC,"NY, PA",3,1/1/2018,1/1/2025,0,0,,1,0,1,0,0,0,1,1,0,"120 Fifth Avenue Place, AHN-Corp, Pittsburgh, PA, 15222",www.physicianpartnerswpa.com/aco,Kristina Hahn,kristina.hahn@ahn.org,(412) 303-4639,Dan Laurent,dan.laurent@ahn.org,(412) 833-2567,Sandra Sessoms,William Johnjulio
A3547,CARDIOVASCULAR DISEASE SPECIALISTS OF PITTSBURGH PC,Physician Partners of Western PA LLC,"NY, PA",3,1/1/2018,1/1/2025,0,0,,1,0,1,0,0,0,1,1,0,"120 Fifth Avenue Place, AHN-Corp, Pittsburgh, PA, 15222",www.physicianpartnerswpa.com/aco,Kristina Hahn,kristina.hahn@ahn.org,(412) 303-4639,Dan Laurent,dan.laurent@ahn.org,(412) 833-2567,Sandra Sessoms,William Johnjulio
A3547,CENTER FOR ORTHOPAEDIC AND SPORTS MEDICINE PC,Physician Partners of Western PA LLC,"NY, PA",3,1/1/2018,1/1/2025,0,0,,1,0,1,0,0,0,1,1,0,"120 Fifth Avenue Place, AHN-Corp, Pittsburgh, PA, 15222",www.physicianpartnerswpa.com/aco,Kristina Hahn,kristina.hahn@ahn.org,(412) 303-4639,Dan Laurent,dan.laurent@ahn.org,(412) 833-2567,Sandra Sessoms,William Johnjulio
A3547,CHAUTAUQUA MEDICAL PRACTICE PC,Physician Partners of Western PA LLC,"NY, PA",3,1/1/2018,1/1/2025,0,0,,1,0,1,0,0,0,1,1,0,"120 Fifth Avenue Place, AHN-Corp, Pittsburgh, PA, 15222",www.physicianpartnerswpa.com/aco,Kristina Hahn,kristina.hahn@ahn.org,(412) 303-4639,Dan Laurent,dan.laurent@ahn.org,(412) 833-2567,Sandra Sessoms,William Johnjulio
A3547,Cherry Tree Medical Associates Inc,Physician Partners of Western PA LLC,"NY, PA",3,1/1/2018,1/1/2025,0,0,,1,0,1,0,0,0,1,1,0,"120 Fifth Avenue Place, AHN-Corp, Pittsburgh, PA, 15222",www.physicianpartnerswpa.com/aco,Kristina Hahn,kristina.hahn@ahn.org,(412) 303-4639,Dan Laurent,dan.laurent@ahn.org,(412) 833-2567,Sandra Sessoms,William Johnjulio
A3547,D. SINGH MD AND ASSOCIATES,Physician Partners of Western PA LLC,"NY, PA",3,1/1/2018,1/1/2025,0,0,,1,0,1,0,0,0,1,1,0,"120 Fifth Avenue Place, AHN-Corp, Pittsburgh, PA, 15222",www.physicianpartnerswpa.com/aco,Kristina Hahn,kristina.hahn@ahn.org,(412) 303-4639,Dan Laurent,dan.laurent@ahn.org,(412) 833-2567,Sandra Sessoms,William Johnjulio
A3547,"Decker Family Medicine, LLC",Physician Partners of Western PA LLC,"NY, PA",3,1/1/2018,1/1/2025,0,0,,1,0,1,0,0,0,1,1,0,"120 Fifth Avenue Place, AHN-Corp, Pittsburgh, PA, 15222",www.physicianpartnerswpa.com/aco,Kristina Hahn,kristina.hahn@ahn.org,(412) 303-4639,Dan Laurent,dan.laurent@ahn.org,(412) 833-2567,Sandra Sessoms,William Johnjulio
A3547,DR EDWARD JEW III INTERNAL MEDICINE,Physician Partners of Western PA LLC,"NY, PA",3,1/1/2018,1/1/2025,0,0,,1,0,1,0,0,0,1,1,0,"120 Fifth Avenue Place, AHN-Corp, Pittsburgh, PA, 15222",www.physicianpartnerswpa.com/aco,Kristina Hahn,kristina.hahn@ahn.org,(412) 303-4639,Dan Laurent,dan.laurent@ahn.org,(412) 833-2567,Sandra Sessoms,William Johnjulio
A3547,"Dudzinski Enterprises, Inc",Physician Partners of Western PA LLC,"NY, PA",3,1/1/2018,1/1/2025,0,0,,1,0,1,0,0,0,1,1,0,"120 Fifth Avenue Place, AHN-Corp, Pittsburgh, PA, 15222",www.physicianpartnerswpa.com/aco,Kristina Hahn,kristina.hahn@ahn.org,(412) 303-4639,Dan Laurent,dan.laurent@ahn.org,(412) 833-2567,Sandra Sessoms,William Johnjulio
A3547,"EMMANUEL FAMILY PRACTICE ASSOCIATES, PC",Physician Partners of Western PA LLC,"NY, PA",3,1/1/2018,1/1/2025,0,0,,1,0,1,0,0,0,1,1,0,"120 Fifth Avenue Place, AHN-Corp, Pittsburgh, PA, 15222",www.physicianpartnerswpa.com/aco,Kristina Hahn,kristina.hahn@ahn.org,(412) 303-4639,Dan Laurent,dan.laurent@ahn.org,(412) 833-2567,Sandra Sessoms,William Johnjulio
A3547,"ERIE OSTEOPATHIC MEDICINE, LLC",Physician Partners of Western PA LLC,"NY, PA",3,1/1/2018,1/1/2025,0,0,,1,0,1,0,0,0,1,1,0,"120 Fifth Avenue Place, AHN-Corp, Pittsburgh, PA, 15222",www.physicianpartnerswpa.com/aco,Kristina Hahn,kristina.hahn@ahn.org,(412) 303-4639,Dan Laurent,dan.laurent@ahn.org,(412) 833-2567,Sandra Sessoms,William Johnjulio
A3547,Family Practice Medical Associate South Inc,Physician Partners of Western PA LLC,"NY, PA",3,1/1/2018,1/1/2025,0,0,,1,0,1,0,0,0,1,1,0,"120 Fifth Avenue Place, AHN-Corp, Pittsburgh, PA, 15222",www.physicianpartnerswpa.com/aco,Kristina Hahn,kristina.hahn@ahn.org,(412) 303-4639,Dan Laurent,dan.laurent@ahn.org,(412) 833-2567,Sandra Sessoms,William Johnjulio
A3547,FLORES & FLORES MEDICAL ASSOCIATES,Physician Partners of Western PA LLC,"NY, PA",3,1/1/2018,1/1/2025,0,0,,1,0,1,0,0,0,1,1,0,"120 Fifth Avenue Place, AHN-Corp, Pittsburgh, PA, 15222",www.physicianpartnerswpa.com/aco,Kristina Hahn,kristina.hahn@ahn.org,(412) 303-4639,Dan Laurent,dan.laurent@ahn.org,(412) 833-2567,Sandra Sessoms,William Johnjulio
A3547,Gary Esper,Physician Partners of Western PA LLC,"NY, PA",3,1/1/2018,1/1/2025,0,0,,1,0,1,0,0,0,1,1,0,"120 Fifth Avenue Place, AHN-Corp, Pittsburgh, PA, 15222",www.physicianpartnerswpa.com/aco,Kristina Hahn,kristina.hahn@ahn.org,(412) 303-4639,Dan Laurent,dan.laurent@ahn.org,(412) 833-2567,Sandra Sessoms,William Johnjulio
A3547,GESKIN MEDICAL LLC,Physician Partners of Western PA LLC,"NY, PA",3,1/1/2018,1/1/2025,0,0,,1,0,1,0,0,0,1,1,0,"120 Fifth Avenue Place, AHN-Corp, Pittsburgh, PA, 15222",www.physicianpartnerswpa.com/aco,Kristina Hahn,kristina.hahn@ahn.org,(412) 303-4639,Dan Laurent,dan.laurent@ahn.org,(412) 833-2567,Sandra Sessoms,William Johnjulio
A3547,GLADE RUN MEDICAL ASSOCIATES INC,Physician Partners of Western PA LLC,"NY, PA",3,1/1/2018,1/1/2025,0,0,,1,0,1,0,0,0,1,1,0,"120 Fifth Avenue Place, AHN-Corp, Pittsburgh, PA, 15222",www.physicianpartnerswpa.com/aco,Kristina Hahn,kristina.hahn@ahn.org,(412) 303-4639,Dan Laurent,dan.laurent@ahn.org,(412) 833-2567,Sandra Sessoms,William Johnjulio
A3547,GOLLA ENT,Physician Partners of Western PA LLC,"NY, PA",3,1/1/2018,1/1/2025,0,0,,1,0,1,0,0,0,1,1,0,"120 Fifth Avenue Place, AHN-Corp, Pittsburgh, PA, 15222",www.physicianpartnerswpa.com/aco,Kristina Hahn,kristina.hahn@ahn.org,(412) 303-4639,Dan Laurent,dan.laurent@ahn.org,(412) 833-2567,Sandra Sessoms,William Johnjulio
A3547,INDIANA DIABETES & ENDOCRINOLOGY,Physician Partners of Western PA LLC,"NY, PA",3,1/1/2018,1/1/2025,0,0,,1,0,1,0,0,0,1,1,0,"120 Fifth Avenue Place, AHN-Corp, Pittsburgh, PA, 15222",www.physicianpartnerswpa.com/aco,Kristina Hahn,kristina.hahn@ahn.org,(412) 303-4639,Dan Laurent,dan.laurent@ahn.org,(412) 833-2567,Sandra Sessoms,William Johnjulio
A3547,INDIANA HEALTHCARE PHYSICIAN SERVICES INC,Physician Partners of Western PA LLC,"NY, PA",3,1/1/2018,1/1/2025,0,0,,1,0,1,0,0,0,1,1,0,"120 Fifth Avenue Place, AHN-Corp, Pittsburgh, PA, 15222",www.physicianpartnerswpa.com/aco,Kristina Hahn,kristina.hahn@ahn.org,(412) 303-4639,Dan Laurent,dan.laurent@ahn.org,(412) 833-2567,Sandra Sessoms,William Johnjulio
A3547,Irwin Family Care Pc,Physician Partners of Western PA LLC,"NY, PA",3,1/1/2018,1/1/2025,0,0,,1,0,1,0,0,0,1,1,0,"120 Fifth Avenue Place, AHN-Corp, Pittsburgh, PA, 15222",www.physicianpartnerswpa.com/aco,Kristina Hahn,kristina.hahn@ahn.org,(412) 303-4639,Dan Laurent,dan.laurent@ahn.org,(412) 833-2567,Sandra Sessoms,William Johnjulio
A3547,IZZO FOOT AND ANKLE PC,Physician Partners of Western PA LLC,"NY, PA",3,1/1/2018,1/1/2025,0,0,,1,0,1,0,0,0,1,1,0,"120 Fifth Avenue Place, AHN-Corp, Pittsburgh, PA, 15222",www.physicianpartnerswpa.com/aco,Kristina Hahn,kristina.hahn@ahn.org,(412) 303-4639,Dan Laurent,dan.laurent@ahn.org,(412) 833-2567,Sandra Sessoms,William Johnjulio
A3547,Jawdat Nikoula,Physician Partners of Western PA LLC,"NY, PA",3,1/1/2018,1/1/2025,0,0,,1,0,1,0,0,0,1,1,0,"120 Fifth Avenue Place, AHN-Corp, Pittsburgh, PA, 15222",www.physicianpartnerswpa.com/aco,Kristina Hahn,kristina.hahn@ahn.org,(412) 303-4639,Dan Laurent,dan.laurent@ahn.org,(412) 833-2567,Sandra Sessoms,William Johnjulio
A3547,JEFFERSON CARDIOLOGY ASSOCATION,Physician Partners of Western PA LLC,"NY, PA",3,1/1/2018,1/1/2025,0,0,,1,0,1,0,0,0,1,1,0,"120 Fifth Avenue Place, AHN-Corp, Pittsburgh, PA, 15222",www.physicianpartnerswpa.com/aco,Kristina Hahn,kristina.hahn@ahn.org,(412) 303-4639,Dan Laurent,dan.laurent@ahn.org,(412) 833-2567,Sandra Sessoms,William Johnjulio
A3547,Jefferson Hills Surgical Specialists,Physician Partners of Western PA LLC,"NY, PA",3,1/1/2018,1/1/2025,0,0,,1,0,1,0,0,0,1,1,0,"120 Fifth Avenue Place, AHN-Corp, Pittsburgh, PA, 15222",www.physicianpartnerswpa.com/aco,Kristina Hahn,kristina.hahn@ahn.org,(412) 303-4639,Dan Laurent,dan.laurent@ahn.org,(412) 833-2567,Sandra Sessoms,William Johnjulio
A3547,Jefferson Internal Medicine PC,Physician Partners of Western PA LLC,"NY, PA",3,1/1/2018,1/1/2025,0,0,,1,0,1,0,0,0,1,1,0,"120 Fifth Avenue Place, AHN-Corp, Pittsburgh, PA, 15222",www.physicianpartnerswpa.com/aco,Kristina Hahn,kristina.hahn@ahn.org,(412) 303-4639,Dan Laurent,dan.laurent@ahn.org,(412) 833-2567,Sandra Sessoms,William Johnjulio
A3547,"JOHNSTOWN HEART AND VASCULAR CENTER, INC",Physician Partners of Western PA LLC,"NY, PA",3,1/1/2018,1/1/2025,0,0,,1,0,1,0,0,0,1,1,0,"120 Fifth Avenue Place, AHN-Corp, Pittsburgh, PA, 15222",www.physicianpartnerswpa.com/aco,Kristina Hahn,kristina.hahn@ahn.org,(412) 303-4639,Dan Laurent,dan.laurent@ahn.org,(412) 833-2567,Sandra Sessoms,William Johnjulio
A3547,JRMC Specialty Group Practice,Physician Partners of Western PA LLC,"NY, PA",3,1/1/2018,1/1/2025,0,0,,1,0,1,0,0,0,1,1,0,"120 Fifth Avenue Place, AHN-Corp, Pittsburgh, PA, 15222",www.physicianpartnerswpa.com/aco,Kristina Hahn,kristina.hahn@ahn.org,(412) 303-4639,Dan Laurent,dan.laurent@ahn.org,(412) 833-2567,Sandra Sessoms,William Johnjulio
A3547,"KLAIN, HEASLEY, NETTLETON MD, PC",Physician Partners of Western PA LLC,"NY, PA",3,1/1/2018,1/1/2025,0,0,,1,0,1,0,0,0,1,1,0,"120 Fifth Avenue Place, AHN-Corp, Pittsburgh, PA, 15222",www.physicianpartnerswpa.com/aco,Kristina Hahn,kristina.hahn@ahn.org,(412) 303-4639,Dan Laurent,dan.laurent@ahn.org,(412) 833-2567,Sandra Sessoms,William Johnjulio
A3547,"Levi Walker, M.D., P.C.",Physician Partners of Western PA LLC,"NY, PA",3,1/1/2018,1/1/2025,0,0,,1,0,1,0,0,0,1,1,0,"120 Fifth Avenue Place, AHN-Corp, Pittsburgh, PA, 15222",www.physicianpartnerswpa.com/aco,Kristina Hahn,kristina.hahn@ahn.org,(412) 303-4639,Dan Laurent,dan.laurent@ahn.org,(412) 833-2567,Sandra Sessoms,William Johnjulio
A3547,MACISAAC FAMILY MEDICINE,Physician Partners of Western PA LLC,"NY, PA",3,1/1/2018,1/1/2025,0,0,,1,0,1,0,0,0,1,1,0,"120 Fifth Avenue Place, AHN-Corp, Pittsburgh, PA, 15222",www.physicianpartnerswpa.com/aco,Kristina Hahn,kristina.hahn@ahn.org,(412) 303-4639,Dan Laurent,dan.laurent@ahn.org,(412) 833-2567,Sandra Sessoms,William Johnjulio
A3547,MARTIN G GREGORIO MD AND ASSOCIATES PC,Physician Partners of Western PA LLC,"NY, PA",3,1/1/2018,1/1/2025,0,0,,1,0,1,0,0,0,1,1,0,"120 Fifth Avenue Place, AHN-Corp, Pittsburgh, PA, 15222",www.physicianpartnerswpa.com/aco,Kristina Hahn,kristina.hahn@ahn.org,(412) 303-4639,Dan Laurent,dan.laurent@ahn.org,(412) 833-2567,Sandra Sessoms,William Johnjulio
A3547,"Montgomery Medical, Inc",Physician Partners of Western PA LLC,"NY, PA",3,1/1/2018,1/1/2025,0,0,,1,0,1,0,0,0,1,1,0,"120 Fifth Avenue Place, AHN-Corp, Pittsburgh, PA, 15222",www.physicianpartnerswpa.com/aco,Kristina Hahn,kristina.hahn@ahn.org,(412) 303-4639,Dan Laurent,dan.laurent@ahn.org,(412) 833-2567,Sandra Sessoms,William Johnjulio
A3547,"OB-GYN Associates of Erie, PC",Physician Partners of Western PA LLC,"NY, PA",3,1/1/2018,1/1/2025,0,0,,1,0,1,0,0,0,1,1,0,"120 Fifth Avenue Place, AHN-Corp, Pittsburgh, PA, 15222",www.physicianpartnerswpa.com/aco,Kristina Hahn,kristina.hahn@ahn.org,(412) 303-4639,Dan Laurent,dan.laurent@ahn.org,(412) 833-2567,Sandra Sessoms,William Johnjulio
A3547,Park Cardiothoracic And Vascular Institute,Physician Partners of Western PA LLC,"NY, PA",3,1/1/2018,1/1/2025,0,0,,1,0,1,0,0,0,1,1,0,"120 Fifth Avenue Place, AHN-Corp, Pittsburgh, PA, 15222",www.physicianpartnerswpa.com/aco,Kristina Hahn,kristina.hahn@ahn.org,(412) 303-4639,Dan Laurent,dan.laurent@ahn.org,(412) 833-2567,Sandra Sessoms,William Johnjulio
A3547,PARTNERS IN FAMILY CARE P C,Physician Partners of Western PA LLC,"NY, PA",3,1/1/2018,1/1/2025,0,0,,1,0,1,0,0,0,1,1,0,"120 Fifth Avenue Place, AHN-Corp, Pittsburgh, PA, 15222",www.physicianpartnerswpa.com/aco,Kristina Hahn,kristina.hahn@ahn.org,(412) 303-4639,Dan Laurent,dan.laurent@ahn.org,(412) 833-2567,Sandra Sessoms,William Johnjulio
A3547,"PAUL G. LINDER,M.D. & ASSOCIATES, P.C.",Physician Partners of Western PA LLC,"NY, PA",3,1/1/2018,1/1/2025,0,0,,1,0,1,0,0,0,1,1,0,"120 Fifth Avenue Place, AHN-Corp, Pittsburgh, PA, 15222",www.physicianpartnerswpa.com/aco,Kristina Hahn,kristina.hahn@ahn.org,(412) 303-4639,Dan Laurent,dan.laurent@ahn.org,(412) 833-2567,Sandra Sessoms,William Johnjulio
A3547,Prabhat Seth,Physician Partners of Western PA LLC,"NY, PA",3,1/1/2018,1/1/2025,0,0,,1,0,1,0,0,0,1,1,0,"120 Fifth Avenue Place, AHN-Corp, Pittsburgh, PA, 15222",www.physicianpartnerswpa.com/aco,Kristina Hahn,kristina.hahn@ahn.org,(412) 303-4639,Dan Laurent,dan.laurent@ahn.org,(412) 833-2567,Sandra Sessoms,William Johnjulio
A3547,Premier Medical Associates PC,Physician Partners of Western PA LLC,"NY, PA",3,1/1/2018,1/1/2025,0,0,,1,0,1,0,0,0,1,1,0,"120 Fifth Avenue Place, AHN-Corp, Pittsburgh, PA, 15222",www.physicianpartnerswpa.com/aco,Kristina Hahn,kristina.hahn@ahn.org,(412) 303-4639,Dan Laurent,dan.laurent@ahn.org,(412) 833-2567,Sandra Sessoms,William Johnjulio
A3547,Primary Care Group 11 Inc,Physician Partners of Western PA LLC,"NY, PA",3,1/1/2018,1/1/2025,0,0,,1,0,1,0,0,0,1,1,0,"120 Fifth Avenue Place, AHN-Corp, Pittsburgh, PA, 15222",www.physicianpartnerswpa.com/aco,Kristina Hahn,kristina.hahn@ahn.org,(412) 303-4639,Dan Laurent,dan.laurent@ahn.org,(412) 833-2567,Sandra Sessoms,William Johnjulio
A3547,Primary Care Group 3 Inc,Physician Partners of Western PA LLC,"NY, PA",3,1/1/2018,1/1/2025,0,0,,1,0,1,0,0,0,1,1,0,"120 Fifth Avenue Place, AHN-Corp, Pittsburgh, PA, 15222",www.physicianpartnerswpa.com/aco,Kristina Hahn,kristina.hahn@ahn.org,(412) 303-4639,Dan Laurent,dan.laurent@ahn.org,(412) 833-2567,Sandra Sessoms,William Johnjulio
A3547,"Primary Care Group 7, Inc",Physician Partners of Western PA LLC,"NY, PA",3,1/1/2018,1/1/2025,0,0,,1,0,1,0,0,0,1,1,0,"120 Fifth Avenue Place, AHN-Corp, Pittsburgh, PA, 15222",www.physicianpartnerswpa.com/aco,Kristina Hahn,kristina.hahn@ahn.org,(412) 303-4639,Dan Laurent,dan.laurent@ahn.org,(412) 833-2567,Sandra Sessoms,William Johnjulio
A3547,Prime Medical Group PCG1,Physician Partners of Western PA LLC,"NY, PA",3,1/1/2018,1/1/2025,0,0,,1,0,1,0,0,0,1,1,0,"120 Fifth Avenue Place, AHN-Corp, Pittsburgh, PA, 15222",www.physicianpartnerswpa.com/aco,Kristina Hahn,kristina.hahn@ahn.org,(412) 303-4639,Dan Laurent,dan.laurent@ahn.org,(412) 833-2567,Sandra Sessoms,William Johnjulio
A3547,PUNXSUTAWNEY AREA HOSPITAL INC,Physician Partners of Western PA LLC,"NY, PA",3,1/1/2018,1/1/2025,0,0,,1,0,1,0,0,0,1,1,0,"120 Fifth Avenue Place, AHN-Corp, Pittsburgh, PA, 15222",www.physicianpartnerswpa.com/aco,Kristina Hahn,kristina.hahn@ahn.org,(412) 303-4639,Dan Laurent,dan.laurent@ahn.org,(412) 833-2567,Sandra Sessoms,William Johnjulio
A3547,Raja Chakrapani,Physician Partners of Western PA LLC,"NY, PA",3,1/1/2018,1/1/2025,0,0,,1,0,1,0,0,0,1,1,0,"120 Fifth Avenue Place, AHN-Corp, Pittsburgh, PA, 15222",www.physicianpartnerswpa.com/aco,Kristina Hahn,kristina.hahn@ahn.org,(412) 303-4639,Dan Laurent,dan.laurent@ahn.org,(412) 833-2567,Sandra Sessoms,William Johnjulio
A3547,Rc Medical Associates Pc,Physician Partners of Western PA LLC,"NY, PA",3,1/1/2018,1/1/2025,0,0,,1,0,1,0,0,0,1,1,0,"120 Fifth Avenue Place, AHN-Corp, Pittsburgh, PA, 15222",www.physicianpartnerswpa.com/aco,Kristina Hahn,kristina.hahn@ahn.org,(412) 303-4639,Dan Laurent,dan.laurent@ahn.org,(412) 833-2567,Sandra Sessoms,William Johnjulio
A3547,Saint Vincent Consultants In Cardiovascular Diseases,Physician Partners of Western PA LLC,"NY, PA",3,1/1/2018,1/1/2025,0,0,,1,0,1,0,0,0,1,1,0,"120 Fifth Avenue Place, AHN-Corp, Pittsburgh, PA, 15222",www.physicianpartnerswpa.com/aco,Kristina Hahn,kristina.hahn@ahn.org,(412) 303-4639,Dan Laurent,dan.laurent@ahn.org,(412) 833-2567,Sandra Sessoms,William Johnjulio
A3547,SCIAMANDA TOTAL HEALTH AND WELLNESS,Physician Partners of Western PA LLC,"NY, PA",3,1/1/2018,1/1/2025,0,0,,1,0,1,0,0,0,1,1,0,"120 Fifth Avenue Place, AHN-Corp, Pittsburgh, PA, 15222",www.physicianpartnerswpa.com/aco,Kristina Hahn,kristina.hahn@ahn.org,(412) 303-4639,Dan Laurent,dan.laurent@ahn.org,(412) 833-2567,Sandra Sessoms,William Johnjulio
A3547,SHADYSIDE CARDIOVASCULAR PLLC,Physician Partners of Western PA LLC,"NY, PA",3,1/1/2018,1/1/2025,0,0,,1,0,1,0,0,0,1,1,0,"120 Fifth Avenue Place, AHN-Corp, Pittsburgh, PA, 15222",www.physicianpartnerswpa.com/aco,Kristina Hahn,kristina.hahn@ahn.org,(412) 303-4639,Dan Laurent,dan.laurent@ahn.org,(412) 833-2567,Sandra Sessoms,William Johnjulio
A3547,"SOUTH HILLS FAMILY MEDICINE, LLC",Physician Partners of Western PA LLC,"NY, PA",3,1/1/2018,1/1/2025,0,0,,1,0,1,0,0,0,1,1,0,"120 Fifth Avenue Place, AHN-Corp, Pittsburgh, PA, 15222",www.physicianpartnerswpa.com/aco,Kristina Hahn,kristina.hahn@ahn.org,(412) 303-4639,Dan Laurent,dan.laurent@ahn.org,(412) 833-2567,Sandra Sessoms,William Johnjulio
A3547,South Pittsburgh Urology Associates,Physician Partners of Western PA LLC,"NY, PA",3,1/1/2018,1/1/2025,0,0,,1,0,1,0,0,0,1,1,0,"120 Fifth Avenue Place, AHN-Corp, Pittsburgh, PA, 15222",www.physicianpartnerswpa.com/aco,Kristina Hahn,kristina.hahn@ahn.org,(412) 303-4639,Dan Laurent,dan.laurent@ahn.org,(412) 833-2567,Sandra Sessoms,William Johnjulio
A3547,St Vincent Medical Education And Research Institute Inc,Physician Partners of Western PA LLC,"NY, PA",3,1/1/2018,1/1/2025,0,0,,1,0,1,0,0,0,1,1,0,"120 Fifth Avenue Place, AHN-Corp, Pittsburgh, PA, 15222",www.physicianpartnerswpa.com/aco,Kristina Hahn,kristina.hahn@ahn.org,(412) 303-4639,Dan Laurent,dan.laurent@ahn.org,(412) 833-2567,Sandra Sessoms,William Johnjulio
A3547,WARREN GENERAL HOSPITAL,Physician Partners of Western PA LLC,"NY, PA",3,1/1/2018,1/1/2025,0,0,,1,0,1,0,0,0,1,1,0,"120 Fifth Avenue Place, AHN-Corp, Pittsburgh, PA, 15222",www.physicianpartnerswpa.com/aco,Kristina Hahn,kristina.hahn@ahn.org,(412) 303-4639,Dan Laurent,dan.laurent@ahn.org,(412) 833-2567,Sandra Sessoms,William Johnjulio
A5561,"ALVIN C. BACON, INC",RIPC Population Management LLC,"CT, MA, RI",1,1/1/2025,1/1/2025,0,1,E,0,0,1,0,0,0,0,1,0,"1150 New London Avenue, Ste. 20, Cranston, RI, 02920",https://www.ripcpc.com/about/ripc-population-management-public-reporting,Noah Benedict,nbenedict@ripcpc.com,(401) 654-4000,Noah Benedict,nbenedict@ripcpc.com,(401) 654-4000,Candace Bonnis,Jeffrey Wilson
A5561,"AMIR ALIZADEH, MD, INC",RIPC Population Management LLC,"CT, MA, RI",1,1/1/2025,1/1/2025,0,1,E,0,0,1,0,0,0,0,1,0,"1150 New London Avenue, Ste. 20, Cranston, RI, 02920",https://www.ripcpc.com/about/ripc-population-management-public-reporting,Noah Benedict,nbenedict@ripcpc.com,(401) 654-4000,Noah Benedict,nbenedict@ripcpc.com,(401) 654-4000,Candace Bonnis,Jeffrey Wilson
A5561,BENJAMIN P LICHTENFELS DO PC,RIPC Population Management LLC,"CT, MA, RI",1,1/1/2025,1/1/2025,0,1,E,0,0,1,0,0,0,0,1,0,"1150 New London Avenue, Ste. 20, Cranston, RI, 02920",https://www.ripcpc.com/about/ripc-population-management-public-reporting,Noah Benedict,nbenedict@ripcpc.com,(401) 654-4000,Noah Benedict,nbenedict@ripcpc.com,(401) 654-4000,Candace Bonnis,Jeffrey Wilson
A5561,BERGHELLI INTERNAL MEDICINE LLC,RIPC Population Management LLC,"CT, MA, RI",1,1/1/2025,1/1/2025,0,1,E,0,0,1,0,0,0,0,1,0,"1150 New London Avenue, Ste. 20, Cranston, RI, 02920",https://www.ripcpc.com/about/ripc-population-management-public-reporting,Noah Benedict,nbenedict@ripcpc.com,(401) 654-4000,Noah Benedict,nbenedict@ripcpc.com,(401) 654-4000,Candace Bonnis,Jeffrey Wilson
A5561,"BLACKSTONE VALLEY CENTER FOR INTERNAL MEDICINE, INC",RIPC Population Management LLC,"CT, MA, RI",1,1/1/2025,1/1/2025,0,1,E,0,0,1,0,0,0,0,1,0,"1150 New London Avenue, Ste. 20, Cranston, RI, 02920",https://www.ripcpc.com/about/ripc-population-management-public-reporting,Noah Benedict,nbenedict@ripcpc.com,(401) 654-4000,Noah Benedict,nbenedict@ripcpc.com,(401) 654-4000,Candace Bonnis,Jeffrey Wilson
A5561,"BLOCK ISLAND HEALTH SERVICES, INC.",RIPC Population Management LLC,"CT, MA, RI",1,1/1/2025,1/1/2025,0,1,E,0,0,1,0,0,0,0,1,0,"1150 New London Avenue, Ste. 20, Cranston, RI, 02920",https://www.ripcpc.com/about/ripc-population-management-public-reporting,Noah Benedict,nbenedict@ripcpc.com,(401) 654-4000,Noah Benedict,nbenedict@ripcpc.com,(401) 654-4000,Candace Bonnis,Jeffrey Wilson
A5561,CHAD LAMENDOLA,RIPC Population Management LLC,"CT, MA, RI",1,1/1/2025,1/1/2025,0,1,E,0,0,1,0,0,0,0,1,0,"1150 New London Avenue, Ste. 20, Cranston, RI, 02920",https://www.ripcpc.com/about/ripc-population-management-public-reporting,Noah Benedict,nbenedict@ripcpc.com,(401) 654-4000,Noah Benedict,nbenedict@ripcpc.com,(401) 654-4000,Candace Bonnis,Jeffrey Wilson
A5561,CHARLES L CRONIN III DO INC,RIPC Population Management LLC,"CT, MA, RI",1,1/1/2025,1/1/2025,0,1,E,0,0,1,0,0,0,0,1,0,"1150 New London Avenue, Ste. 20, Cranston, RI, 02920",https://www.ripcpc.com/about/ripc-population-management-public-reporting,Noah Benedict,nbenedict@ripcpc.com,(401) 654-4000,Noah Benedict,nbenedict@ripcpc.com,(401) 654-4000,Candace Bonnis,Jeffrey Wilson
A5561,COIA COMPREHENSIVE PRIMARY CARE LLC,RIPC Population Management LLC,"CT, MA, RI",1,1/1/2025,1/1/2025,0,1,E,0,0,1,0,0,0,0,1,0,"1150 New London Avenue, Ste. 20, Cranston, RI, 02920",https://www.ripcpc.com/about/ripc-population-management-public-reporting,Noah Benedict,nbenedict@ripcpc.com,(401) 654-4000,Noah Benedict,nbenedict@ripcpc.com,(401) 654-4000,Candace Bonnis,Jeffrey Wilson
A5561,CUMBERLAND PRIMARY CARE INC,RIPC Population Management LLC,"CT, MA, RI",1,1/1/2025,1/1/2025,0,1,E,0,0,1,0,0,0,0,1,0,"1150 New London Avenue, Ste. 20, Cranston, RI, 02920",https://www.ripcpc.com/about/ripc-population-management-public-reporting,Noah Benedict,nbenedict@ripcpc.com,(401) 654-4000,Noah Benedict,nbenedict@ripcpc.com,(401) 654-4000,Candace Bonnis,Jeffrey Wilson
A5561,DRS DUBOIS & DUBOIS LTD,RIPC Population Management LLC,"CT, MA, RI",1,1/1/2025,1/1/2025,0,1,E,0,0,1,0,0,0,0,1,0,"1150 New London Avenue, Ste. 20, Cranston, RI, 02920",https://www.ripcpc.com/about/ripc-population-management-public-reporting,Noah Benedict,nbenedict@ripcpc.com,(401) 654-4000,Noah Benedict,nbenedict@ripcpc.com,(401) 654-4000,Candace Bonnis,Jeffrey Wilson
A5561,FAIRLAWN PRIMARY CARE INC,RIPC Population Management LLC,"CT, MA, RI",1,1/1/2025,1/1/2025,0,1,E,0,0,1,0,0,0,0,1,0,"1150 New London Avenue, Ste. 20, Cranston, RI, 02920",https://www.ripcpc.com/about/ripc-population-management-public-reporting,Noah Benedict,nbenedict@ripcpc.com,(401) 654-4000,Noah Benedict,nbenedict@ripcpc.com,(401) 654-4000,Candace Bonnis,Jeffrey Wilson
A5561,"FAMILY DOCTORS GROUP, PC",RIPC Population Management LLC,"CT, MA, RI",1,1/1/2025,1/1/2025,0,1,E,0,0,1,0,0,0,0,1,0,"1150 New London Avenue, Ste. 20, Cranston, RI, 02920",https://www.ripcpc.com/about/ripc-population-management-public-reporting,Noah Benedict,nbenedict@ripcpc.com,(401) 654-4000,Noah Benedict,nbenedict@ripcpc.com,(401) 654-4000,Candace Bonnis,Jeffrey Wilson
A5561,FAMILY HEALTH & SPORTS MEDICINE LLC,RIPC Population Management LLC,"CT, MA, RI",1,1/1/2025,1/1/2025,0,1,E,0,0,1,0,0,0,0,1,0,"1150 New London Avenue, Ste. 20, Cranston, RI, 02920",https://www.ripcpc.com/about/ripc-population-management-public-reporting,Noah Benedict,nbenedict@ripcpc.com,(401) 654-4000,Noah Benedict,nbenedict@ripcpc.com,(401) 654-4000,Candace Bonnis,Jeffrey Wilson
A5561,GREENWICH MEDICAL ASSOCIATES INC,RIPC Population Management LLC,"CT, MA, RI",1,1/1/2025,1/1/2025,0,1,E,0,0,1,0,0,0,0,1,0,"1150 New London Avenue, Ste. 20, Cranston, RI, 02920",https://www.ripcpc.com/about/ripc-population-management-public-reporting,Noah Benedict,nbenedict@ripcpc.com,(401) 654-4000,Noah Benedict,nbenedict@ripcpc.com,(401) 654-4000,Candace Bonnis,Jeffrey Wilson
A5561,HERBERT J BRENNAN DO LTD,RIPC Population Management LLC,"CT, MA, RI",1,1/1/2025,1/1/2025,0,1,E,0,0,1,0,0,0,0,1,0,"1150 New London Avenue, Ste. 20, Cranston, RI, 02920",https://www.ripcpc.com/about/ripc-population-management-public-reporting,Noah Benedict,nbenedict@ripcpc.com,(401) 654-4000,Noah Benedict,nbenedict@ripcpc.com,(401) 654-4000,Candace Bonnis,Jeffrey Wilson
A5561,HERMAN AYVAZYAN,RIPC Population Management LLC,"CT, MA, RI",1,1/1/2025,1/1/2025,0,1,E,0,0,1,0,0,0,0,1,0,"1150 New London Avenue, Ste. 20, Cranston, RI, 02920",https://www.ripcpc.com/about/ripc-population-management-public-reporting,Noah Benedict,nbenedict@ripcpc.com,(401) 654-4000,Noah Benedict,nbenedict@ripcpc.com,(401) 654-4000,Candace Bonnis,Jeffrey Wilson
A5561,"JAMES G STUART, D.O. LLC",RIPC Population Management LLC,"CT, MA, RI",1,1/1/2025,1/1/2025,0,1,E,0,0,1,0,0,0,0,1,0,"1150 New London Avenue, Ste. 20, Cranston, RI, 02920",https://www.ripcpc.com/about/ripc-population-management-public-reporting,Noah Benedict,nbenedict@ripcpc.com,(401) 654-4000,Noah Benedict,nbenedict@ripcpc.com,(401) 654-4000,Candace Bonnis,Jeffrey Wilson
A5561,JAMIEL AMBRAD,RIPC Population Management LLC,"CT, MA, RI",1,1/1/2025,1/1/2025,0,1,E,0,0,1,0,0,0,0,1,0,"1150 New London Avenue, Ste. 20, Cranston, RI, 02920",https://www.ripcpc.com/about/ripc-population-management-public-reporting,Noah Benedict,nbenedict@ripcpc.com,(401) 654-4000,Noah Benedict,nbenedict@ripcpc.com,(401) 654-4000,Candace Bonnis,Jeffrey Wilson
A5561,JASON BOUDJOUK,RIPC Population Management LLC,"CT, MA, RI",1,1/1/2025,1/1/2025,0,1,E,0,0,1,0,0,0,0,1,0,"1150 New London Avenue, Ste. 20, Cranston, RI, 02920",https://www.ripcpc.com/about/ripc-population-management-public-reporting,Noah Benedict,nbenedict@ripcpc.com,(401) 654-4000,Noah Benedict,nbenedict@ripcpc.com,(401) 654-4000,Candace Bonnis,Jeffrey Wilson
A5561,JOHN SLATTERY,RIPC Population Management LLC,"CT, MA, RI",1,1/1/2025,1/1/2025,0,1,E,0,0,1,0,0,0,0,1,0,"1150 New London Avenue, Ste. 20, Cranston, RI, 02920",https://www.ripcpc.com/about/ripc-population-management-public-reporting,Noah Benedict,nbenedict@ripcpc.com,(401) 654-4000,Noah Benedict,nbenedict@ripcpc.com,(401) 654-4000,Candace Bonnis,Jeffrey Wilson
A5561,JOHN SOLOMON,RIPC Population Management LLC,"CT, MA, RI",1,1/1/2025,1/1/2025,0,1,E,0,0,1,0,0,0,0,1,0,"1150 New London Avenue, Ste. 20, Cranston, RI, 02920",https://www.ripcpc.com/about/ripc-population-management-public-reporting,Noah Benedict,nbenedict@ripcpc.com,(401) 654-4000,Noah Benedict,nbenedict@ripcpc.com,(401) 654-4000,Candace Bonnis,Jeffrey Wilson
A5561,"KEITH L. CALLAHAN M.D., P.C.",RIPC Population Management LLC,"CT, MA, RI",1,1/1/2025,1/1/2025,0,1,E,0,0,1,0,0,0,0,1,0,"1150 New London Avenue, Ste. 20, Cranston, RI, 02920",https://www.ripcpc.com/about/ripc-population-management-public-reporting,Noah Benedict,nbenedict@ripcpc.com,(401) 654-4000,Noah Benedict,nbenedict@ripcpc.com,(401) 654-4000,Candace Bonnis,Jeffrey Wilson
A5561,KIMBERLY HUMULOCK,RIPC Population Management LLC,"CT, MA, RI",1,1/1/2025,1/1/2025,0,1,E,0,0,1,0,0,0,0,1,0,"1150 New London Avenue, Ste. 20, Cranston, RI, 02920",https://www.ripcpc.com/about/ripc-population-management-public-reporting,Noah Benedict,nbenedict@ripcpc.com,(401) 654-4000,Noah Benedict,nbenedict@ripcpc.com,(401) 654-4000,Candace Bonnis,Jeffrey Wilson
A5561,KRISTINE CUNNIFF,RIPC Population Management LLC,"CT, MA, RI",1,1/1/2025,1/1/2025,0,1,E,0,0,1,0,0,0,0,1,0,"1150 New London Avenue, Ste. 20, Cranston, RI, 02920",https://www.ripcpc.com/about/ripc-population-management-public-reporting,Noah Benedict,nbenedict@ripcpc.com,(401) 654-4000,Noah Benedict,nbenedict@ripcpc.com,(401) 654-4000,Candace Bonnis,Jeffrey Wilson
A5561,LYNN SOMMERVILLE,RIPC Population Management LLC,"CT, MA, RI",1,1/1/2025,1/1/2025,0,1,E,0,0,1,0,0,0,0,1,0,"1150 New London Avenue, Ste. 20, Cranston, RI, 02920",https://www.ripcpc.com/about/ripc-population-management-public-reporting,Noah Benedict,nbenedict@ripcpc.com,(401) 654-4000,Noah Benedict,nbenedict@ripcpc.com,(401) 654-4000,Candace Bonnis,Jeffrey Wilson
A5561,"MATTHEW K. ROCHELEAU, DO LLC",RIPC Population Management LLC,"CT, MA, RI",1,1/1/2025,1/1/2025,0,1,E,0,0,1,0,0,0,0,1,0,"1150 New London Avenue, Ste. 20, Cranston, RI, 02920",https://www.ripcpc.com/about/ripc-population-management-public-reporting,Noah Benedict,nbenedict@ripcpc.com,(401) 654-4000,Noah Benedict,nbenedict@ripcpc.com,(401) 654-4000,Candace Bonnis,Jeffrey Wilson
A5561,MIHAELA IOVANEL MD INC,RIPC Population Management LLC,"CT, MA, RI",1,1/1/2025,1/1/2025,0,1,E,0,0,1,0,0,0,0,1,0,"1150 New London Avenue, Ste. 20, Cranston, RI, 02920",https://www.ripcpc.com/about/ripc-population-management-public-reporting,Noah Benedict,nbenedict@ripcpc.com,(401) 654-4000,Noah Benedict,nbenedict@ripcpc.com,(401) 654-4000,Candace Bonnis,Jeffrey Wilson
A5561,MUHAMMAD AKHTAR,RIPC Population Management LLC,"CT, MA, RI",1,1/1/2025,1/1/2025,0,1,E,0,0,1,0,0,0,0,1,0,"1150 New London Avenue, Ste. 20, Cranston, RI, 02920",https://www.ripcpc.com/about/ripc-population-management-public-reporting,Noah Benedict,nbenedict@ripcpc.com,(401) 654-4000,Noah Benedict,nbenedict@ripcpc.com,(401) 654-4000,Candace Bonnis,Jeffrey Wilson
A5561,NORTHEAST INTERNAL MEDICINE INC,RIPC Population Management LLC,"CT, MA, RI",1,1/1/2025,1/1/2025,0,1,E,0,0,1,0,0,0,0,1,0,"1150 New London Avenue, Ste. 20, Cranston, RI, 02920",https://www.ripcpc.com/about/ripc-population-management-public-reporting,Noah Benedict,nbenedict@ripcpc.com,(401) 654-4000,Noah Benedict,nbenedict@ripcpc.com,(401) 654-4000,Candace Bonnis,Jeffrey Wilson
A5561,"NRI MEDICAL SERVICES, INCORPORATED",RIPC Population Management LLC,"CT, MA, RI",1,1/1/2025,1/1/2025,0,1,E,0,0,1,0,0,0,0,1,0,"1150 New London Avenue, Ste. 20, Cranston, RI, 02920",https://www.ripcpc.com/about/ripc-population-management-public-reporting,Noah Benedict,nbenedict@ripcpc.com,(401) 654-4000,Noah Benedict,nbenedict@ripcpc.com,(401) 654-4000,Candace Bonnis,Jeffrey Wilson
A5561,OCEAN MEDICAL PRACTICE INC,RIPC Population Management LLC,"CT, MA, RI",1,1/1/2025,1/1/2025,0,1,E,0,0,1,0,0,0,0,1,0,"1150 New London Avenue, Ste. 20, Cranston, RI, 02920",https://www.ripcpc.com/about/ripc-population-management-public-reporting,Noah Benedict,nbenedict@ripcpc.com,(401) 654-4000,Noah Benedict,nbenedict@ripcpc.com,(401) 654-4000,Candace Bonnis,Jeffrey Wilson
A5561,OCEAN STATE PRIMARY CARE LLC,RIPC Population Management LLC,"CT, MA, RI",1,1/1/2025,1/1/2025,0,1,E,0,0,1,0,0,0,0,1,0,"1150 New London Avenue, Ste. 20, Cranston, RI, 02920",https://www.ripcpc.com/about/ripc-population-management-public-reporting,Noah Benedict,nbenedict@ripcpc.com,(401) 654-4000,Noah Benedict,nbenedict@ripcpc.com,(401) 654-4000,Candace Bonnis,Jeffrey Wilson
A5561,OLGA TVERSKAYA,RIPC Population Management LLC,"CT, MA, RI",1,1/1/2025,1/1/2025,0,1,E,0,0,1,0,0,0,0,1,0,"1150 New London Avenue, Ste. 20, Cranston, RI, 02920",https://www.ripcpc.com/about/ripc-population-management-public-reporting,Noah Benedict,nbenedict@ripcpc.com,(401) 654-4000,Noah Benedict,nbenedict@ripcpc.com,(401) 654-4000,Candace Bonnis,Jeffrey Wilson
A5561,OSTEOPATHIC FAMILY MEDICINE LLC,RIPC Population Management LLC,"CT, MA, RI",1,1/1/2025,1/1/2025,0,1,E,0,0,1,0,0,0,0,1,0,"1150 New London Avenue, Ste. 20, Cranston, RI, 02920",https://www.ripcpc.com/about/ripc-population-management-public-reporting,Noah Benedict,nbenedict@ripcpc.com,(401) 654-4000,Noah Benedict,nbenedict@ripcpc.com,(401) 654-4000,Candace Bonnis,Jeffrey Wilson
A5561,PILGRIM PARK MEDICAL ASSOCIATES LTD,RIPC Population Management LLC,"CT, MA, RI",1,1/1/2025,1/1/2025,0,1,E,0,0,1,0,0,0,0,1,0,"1150 New London Avenue, Ste. 20, Cranston, RI, 02920",https://www.ripcpc.com/about/ripc-population-management-public-reporting,Noah Benedict,nbenedict@ripcpc.com,(401) 654-4000,Noah Benedict,nbenedict@ripcpc.com,(401) 654-4000,Candace Bonnis,Jeffrey Wilson
A5561,PLAIN STREET PRIMARYCARE LLC,RIPC Population Management LLC,"CT, MA, RI",1,1/1/2025,1/1/2025,0,1,E,0,0,1,0,0,0,0,1,0,"1150 New London Avenue, Ste. 20, Cranston, RI, 02920",https://www.ripcpc.com/about/ripc-population-management-public-reporting,Noah Benedict,nbenedict@ripcpc.com,(401) 654-4000,Noah Benedict,nbenedict@ripcpc.com,(401) 654-4000,Candace Bonnis,Jeffrey Wilson
A5561,"PREMIER MEDICAL GROUP, PROFESSIONAL CORPORATION",RIPC Population Management LLC,"CT, MA, RI",1,1/1/2025,1/1/2025,0,1,E,0,0,1,0,0,0,0,1,0,"1150 New London Avenue, Ste. 20, Cranston, RI, 02920",https://www.ripcpc.com/about/ripc-population-management-public-reporting,Noah Benedict,nbenedict@ripcpc.com,(401) 654-4000,Noah Benedict,nbenedict@ripcpc.com,(401) 654-4000,Candace Bonnis,Jeffrey Wilson
A5561,RHODE ISLAND MEDICINE INC,RIPC Population Management LLC,"CT, MA, RI",1,1/1/2025,1/1/2025,0,1,E,0,0,1,0,0,0,0,1,0,"1150 New London Avenue, Ste. 20, Cranston, RI, 02920",https://www.ripcpc.com/about/ripc-population-management-public-reporting,Noah Benedict,nbenedict@ripcpc.com,(401) 654-4000,Noah Benedict,nbenedict@ripcpc.com,(401) 654-4000,Candace Bonnis,Jeffrey Wilson
A5561,RI RHEUMATOLOGY LLC,RIPC Population Management LLC,"CT, MA, RI",1,1/1/2025,1/1/2025,0,1,E,0,0,1,0,0,0,0,1,0,"1150 New London Avenue, Ste. 20, Cranston, RI, 02920",https://www.ripcpc.com/about/ripc-population-management-public-reporting,Noah Benedict,nbenedict@ripcpc.com,(401) 654-4000,Noah Benedict,nbenedict@ripcpc.com,(401) 654-4000,Candace Bonnis,Jeffrey Wilson
A5561,RICHARD M DELSESTO MD MS LTD,RIPC Population Management LLC,"CT, MA, RI",1,1/1/2025,1/1/2025,0,1,E,0,0,1,0,0,0,0,1,0,"1150 New London Avenue, Ste. 20, Cranston, RI, 02920",https://www.ripcpc.com/about/ripc-population-management-public-reporting,Noah Benedict,nbenedict@ripcpc.com,(401) 654-4000,Noah Benedict,nbenedict@ripcpc.com,(401) 654-4000,Candace Bonnis,Jeffrey Wilson
A5561,RYAN S ALLEN DO LLC,RIPC Population Management LLC,"CT, MA, RI",1,1/1/2025,1/1/2025,0,1,E,0,0,1,0,0,0,0,1,0,"1150 New London Avenue, Ste. 20, Cranston, RI, 02920",https://www.ripcpc.com/about/ripc-population-management-public-reporting,Noah Benedict,nbenedict@ripcpc.com,(401) 654-4000,Noah Benedict,nbenedict@ripcpc.com,(401) 654-4000,Candace Bonnis,Jeffrey Wilson
A5561,SILVER SPRING HEALTH CARE MANAGEMENT INC,RIPC Population Management LLC,"CT, MA, RI",1,1/1/2025,1/1/2025,0,1,E,0,0,1,0,0,0,0,1,0,"1150 New London Avenue, Ste. 20, Cranston, RI, 02920",https://www.ripcpc.com/about/ripc-population-management-public-reporting,Noah Benedict,nbenedict@ripcpc.com,(401) 654-4000,Noah Benedict,nbenedict@ripcpc.com,(401) 654-4000,Candace Bonnis,Jeffrey Wilson
A5561,"SNOW FAMILY MEDICINE, LLC",RIPC Population Management LLC,"CT, MA, RI",1,1/1/2025,1/1/2025,0,1,E,0,0,1,0,0,0,0,1,0,"1150 New London Avenue, Ste. 20, Cranston, RI, 02920",https://www.ripcpc.com/about/ripc-population-management-public-reporting,Noah Benedict,nbenedict@ripcpc.com,(401) 654-4000,Noah Benedict,nbenedict@ripcpc.com,(401) 654-4000,Candace Bonnis,Jeffrey Wilson
A5561,"SOUTH COUNTY PRIMARY CARE, INC.",RIPC Population Management LLC,"CT, MA, RI",1,1/1/2025,1/1/2025,0,1,E,0,0,1,0,0,0,0,1,0,"1150 New London Avenue, Ste. 20, Cranston, RI, 02920",https://www.ripcpc.com/about/ripc-population-management-public-reporting,Noah Benedict,nbenedict@ripcpc.com,(401) 654-4000,Noah Benedict,nbenedict@ripcpc.com,(401) 654-4000,Candace Bonnis,Jeffrey Wilson
A5561,STUART V DEMIRS MD LLC,RIPC Population Management LLC,"CT, MA, RI",1,1/1/2025,1/1/2025,0,1,E,0,0,1,0,0,0,0,1,0,"1150 New London Avenue, Ste. 20, Cranston, RI, 02920",https://www.ripcpc.com/about/ripc-population-management-public-reporting,Noah Benedict,nbenedict@ripcpc.com,(401) 654-4000,Noah Benedict,nbenedict@ripcpc.com,(401) 654-4000,Candace Bonnis,Jeffrey Wilson
A5561,UNIVERSITY FAMILY MEDICINE INC,RIPC Population Management LLC,"CT, MA, RI",1,1/1/2025,1/1/2025,0,1,E,0,0,1,0,0,0,0,1,0,"1150 New London Avenue, Ste. 20, Cranston, RI, 02920",https://www.ripcpc.com/about/ripc-population-management-public-reporting,Noah Benedict,nbenedict@ripcpc.com,(401) 654-4000,Noah Benedict,nbenedict@ripcpc.com,(401) 654-4000,Candace Bonnis,Jeffrey Wilson
A5561,WELLNORTH MEDICAL LLC,RIPC Population Management LLC,"CT, MA, RI",1,1/1/2025,1/1/2025,0,1,E,0,0,1,0,0,0,0,1,0,"1150 New London Avenue, Ste. 20, Cranston, RI, 02920",https://www.ripcpc.com/about/ripc-population-management-public-reporting,Noah Benedict,nbenedict@ripcpc.com,(401) 654-4000,Noah Benedict,nbenedict@ripcpc.com,(401) 654-4000,Candace Bonnis,Jeffrey Wilson
A5561,YOUR HEALTH,RIPC Population Management LLC,"CT, MA, RI",1,1/1/2025,1/1/2025,0,1,E,0,0,1,0,0,0,0,1,0,"1150 New London Avenue, Ste. 20, Cranston, RI, 02920",https://www.ripcpc.com/about/ripc-population-management-public-reporting,Noah Benedict,nbenedict@ripcpc.com,(401) 654-4000,Noah Benedict,nbenedict@ripcpc.com,(401) 654-4000,Candace Bonnis,Jeffrey Wilson
A5372,WARREN CLINIC INC,Saint Francis Accountable Health Alliance LLC,OK,2,1/1/2024,1/1/2025,0,0,,1,0,1,0,0,0,1,0,1,"6161 South Yale Avenue, Tulsa, OK, 74136",www.saintfrancis.com/medicareaco,Scott Ptacnik,svptacnik@saintfrancis.com,(310) 590-8790,Scott Ptacnik,svptacnik@saintfrancis.com,(310) 590-8790,Cathy Johnson,Brent Dennis
