aco_id,par_lbn,aco_name,aco_service_area,agreement_period_num,initial_start_date,current_start_date,reentering_aco,basic_track,basic_track_level,enhanced_track,high_revenue_aco,low_revenue_aco,adv_pay,aim,aip,pss,snf_3day_rule_waiver,prospective_assignment,retrospective_assignment,aco_address,aco_public_reporting_website,aco_exec_name,aco_exec_email,aco_exec_phone,aco_public_name,aco_public_email,aco_public_phone,aco_compliance_contact_name,aco_medical_director_name,pc_flex_agreement_status
A4749,ADDISON MIZNER MEDICAL LLC,"ACMG Health Systems, Inc.","FL, NY, TX",4,01/01/2020,01/01/2025,1,0,,1,0,1,0,0,0,0,0,0,1,"806 South Douglas Road, Suite 700, Coral Gables, FL, 33134",https://www.genuinehealthgroup.com/aco-reporting,Roger Rodriguez,rr@genuinehealthgroup.com,(786) 878-5500,Stephany Nino,snino@genuinehealthgroup.com,(786) 878-5500,Annette onorati,Pedro Carballo,1
A4749,AIZER HEALTH INC,"ACMG Health Systems, Inc.","FL, NY, TX",4,01/01/2020,01/01/2025,1,0,,1,0,1,0,0,0,0,0,0,1,"806 South Douglas Road, Suite 700, Coral Gables, FL, 33134",https://www.genuinehealthgroup.com/aco-reporting,Roger Rodriguez,rr@genuinehealthgroup.com,(786) 878-5500,Stephany Nino,snino@genuinehealthgroup.com,(786) 878-5500,Annette onorati,Pedro Carballo,1
A4749,BEHNAM BIRGANI DO PA,"ACMG Health Systems, Inc.","FL, NY, TX",4,01/01/2020,01/01/2025,1,0,,1,0,1,0,0,0,0,0,0,1,"806 South Douglas Road, Suite 700, Coral Gables, FL, 33134",https://www.genuinehealthgroup.com/aco-reporting,Roger Rodriguez,rr@genuinehealthgroup.com,(786) 878-5500,Stephany Nino,snino@genuinehealthgroup.com,(786) 878-5500,Annette onorati,Pedro Carballo,1
A4749,"COMMUNITY HEALTH PROJECT, INC.","ACMG Health Systems, Inc.","FL, NY, TX",4,01/01/2020,01/01/2025,1,0,,1,0,1,0,0,0,0,0,0,1,"806 South Douglas Road, Suite 700, Coral Gables, FL, 33134",https://www.genuinehealthgroup.com/aco-reporting,Roger Rodriguez,rr@genuinehealthgroup.com,(786) 878-5500,Stephany Nino,snino@genuinehealthgroup.com,(786) 878-5500,Annette onorati,Pedro Carballo,1
A4749,DAMIAN FAMILY CARE CENTER INC,"ACMG Health Systems, Inc.","FL, NY, TX",4,01/01/2020,01/01/2025,1,0,,1,0,1,0,0,0,0,0,0,1,"806 South Douglas Road, Suite 700, Coral Gables, FL, 33134",https://www.genuinehealthgroup.com/aco-reporting,Roger Rodriguez,rr@genuinehealthgroup.com,(786) 878-5500,Stephany Nino,snino@genuinehealthgroup.com,(786) 878-5500,Annette onorati,Pedro Carballo,1
A4749,DIA HEALTH PLLC,"ACMG Health Systems, Inc.","FL, NY, TX",4,01/01/2020,01/01/2025,1,0,,1,0,1,0,0,0,0,0,0,1,"806 South Douglas Road, Suite 700, Coral Gables, FL, 33134",https://www.genuinehealthgroup.com/aco-reporting,Roger Rodriguez,rr@genuinehealthgroup.com,(786) 878-5500,Stephany Nino,snino@genuinehealthgroup.com,(786) 878-5500,Annette onorati,Pedro Carballo,1
A4749,EAST HARLEM COUNCIL FOR HUMAN SERVICES INC,"ACMG Health Systems, Inc.","FL, NY, TX",4,01/01/2020,01/01/2025,1,0,,1,0,1,0,0,0,0,0,0,1,"806 South Douglas Road, Suite 700, Coral Gables, FL, 33134",https://www.genuinehealthgroup.com/aco-reporting,Roger Rodriguez,rr@genuinehealthgroup.com,(786) 878-5500,Stephany Nino,snino@genuinehealthgroup.com,(786) 878-5500,Annette onorati,Pedro Carballo,1
A4749,FAMILY PHYSICIANS ASSOCIATES INC,"ACMG Health Systems, Inc.","FL, NY, TX",4,01/01/2020,01/01/2025,1,0,,1,0,1,0,0,0,0,0,0,1,"806 South Douglas Road, Suite 700, Coral Gables, FL, 33134",https://www.genuinehealthgroup.com/aco-reporting,Roger Rodriguez,rr@genuinehealthgroup.com,(786) 878-5500,Stephany Nino,snino@genuinehealthgroup.com,(786) 878-5500,Annette onorati,Pedro Carballo,1
A4749,FATHIMA SYED MD PLLC,"ACMG Health Systems, Inc.","FL, NY, TX",4,01/01/2020,01/01/2025,1,0,,1,0,1,0,0,0,0,0,0,1,"806 South Douglas Road, Suite 700, Coral Gables, FL, 33134",https://www.genuinehealthgroup.com/aco-reporting,Roger Rodriguez,rr@genuinehealthgroup.com,(786) 878-5500,Stephany Nino,snino@genuinehealthgroup.com,(786) 878-5500,Annette onorati,Pedro Carballo,1
A4749,GOOD BUSINESS LLC,"ACMG Health Systems, Inc.","FL, NY, TX",4,01/01/2020,01/01/2025,1,0,,1,0,1,0,0,0,0,0,0,1,"806 South Douglas Road, Suite 700, Coral Gables, FL, 33134",https://www.genuinehealthgroup.com/aco-reporting,Roger Rodriguez,rr@genuinehealthgroup.com,(786) 878-5500,Stephany Nino,snino@genuinehealthgroup.com,(786) 878-5500,Annette onorati,Pedro Carballo,1
A4749,GREGORY A. CISNEROS MD PA,"ACMG Health Systems, Inc.","FL, NY, TX",4,01/01/2020,01/01/2025,1,0,,1,0,1,0,0,0,0,0,0,1,"806 South Douglas Road, Suite 700, Coral Gables, FL, 33134",https://www.genuinehealthgroup.com/aco-reporting,Roger Rodriguez,rr@genuinehealthgroup.com,(786) 878-5500,Stephany Nino,snino@genuinehealthgroup.com,(786) 878-5500,Annette onorati,Pedro Carballo,1
A4749,GRISEL MAC WILLIAMS MD PA,"ACMG Health Systems, Inc.","FL, NY, TX",4,01/01/2020,01/01/2025,1,0,,1,0,1,0,0,0,0,0,0,1,"806 South Douglas Road, Suite 700, Coral Gables, FL, 33134",https://www.genuinehealthgroup.com/aco-reporting,Roger Rodriguez,rr@genuinehealthgroup.com,(786) 878-5500,Stephany Nino,snino@genuinehealthgroup.com,(786) 878-5500,Annette onorati,Pedro Carballo,1
A4749,HOUSING WORKS HEALTH SERVICES III INC,"ACMG Health Systems, Inc.","FL, NY, TX",4,01/01/2020,01/01/2025,1,0,,1,0,1,0,0,0,0,0,0,1,"806 South Douglas Road, Suite 700, Coral Gables, FL, 33134",https://www.genuinehealthgroup.com/aco-reporting,Roger Rodriguez,rr@genuinehealthgroup.com,(786) 878-5500,Stephany Nino,snino@genuinehealthgroup.com,(786) 878-5500,Annette onorati,Pedro Carballo,1
A4749,HOUSING WORKS SERVICES II INC,"ACMG Health Systems, Inc.","FL, NY, TX",4,01/01/2020,01/01/2025,1,0,,1,0,1,0,0,0,0,0,0,1,"806 South Douglas Road, Suite 700, Coral Gables, FL, 33134",https://www.genuinehealthgroup.com/aco-reporting,Roger Rodriguez,rr@genuinehealthgroup.com,(786) 878-5500,Stephany Nino,snino@genuinehealthgroup.com,(786) 878-5500,Annette onorati,Pedro Carballo,1
A4749,HOUSING WORKS SERVICES INC.,"ACMG Health Systems, Inc.","FL, NY, TX",4,01/01/2020,01/01/2025,1,0,,1,0,1,0,0,0,0,0,0,1,"806 South Douglas Road, Suite 700, Coral Gables, FL, 33134",https://www.genuinehealthgroup.com/aco-reporting,Roger Rodriguez,rr@genuinehealthgroup.com,(786) 878-5500,Stephany Nino,snino@genuinehealthgroup.com,(786) 878-5500,Annette onorati,Pedro Carballo,1
A4749,IVAN ESPAILLAT MD PA,"ACMG Health Systems, Inc.","FL, NY, TX",4,01/01/2020,01/01/2025,1,0,,1,0,1,0,0,0,0,0,0,1,"806 South Douglas Road, Suite 700, Coral Gables, FL, 33134",https://www.genuinehealthgroup.com/aco-reporting,Roger Rodriguez,rr@genuinehealthgroup.com,(786) 878-5500,Stephany Nino,snino@genuinehealthgroup.com,(786) 878-5500,Annette onorati,Pedro Carballo,1
A4749,JEFFREY PAUL GALLY MD PA,"ACMG Health Systems, Inc.","FL, NY, TX",4,01/01/2020,01/01/2025,1,0,,1,0,1,0,0,0,0,0,0,1,"806 South Douglas Road, Suite 700, Coral Gables, FL, 33134",https://www.genuinehealthgroup.com/aco-reporting,Roger Rodriguez,rr@genuinehealthgroup.com,(786) 878-5500,Stephany Nino,snino@genuinehealthgroup.com,(786) 878-5500,Annette onorati,Pedro Carballo,1
A4749,LIFETIME FAMILY URGENT CARE LLC,"ACMG Health Systems, Inc.","FL, NY, TX",4,01/01/2020,01/01/2025,1,0,,1,0,1,0,0,0,0,0,0,1,"806 South Douglas Road, Suite 700, Coral Gables, FL, 33134",https://www.genuinehealthgroup.com/aco-reporting,Roger Rodriguez,rr@genuinehealthgroup.com,(786) 878-5500,Stephany Nino,snino@genuinehealthgroup.com,(786) 878-5500,Annette onorati,Pedro Carballo,1
A4749,MCDAVID M MAHAFFEY MD PA,"ACMG Health Systems, Inc.","FL, NY, TX",4,01/01/2020,01/01/2025,1,0,,1,0,1,0,0,0,0,0,0,1,"806 South Douglas Road, Suite 700, Coral Gables, FL, 33134",https://www.genuinehealthgroup.com/aco-reporting,Roger Rodriguez,rr@genuinehealthgroup.com,(786) 878-5500,Stephany Nino,snino@genuinehealthgroup.com,(786) 878-5500,Annette onorati,Pedro Carballo,1
A4749,"MEDICAL CLINIC OF HOUSTON, LLP","ACMG Health Systems, Inc.","FL, NY, TX",4,01/01/2020,01/01/2025,1,0,,1,0,1,0,0,0,0,0,0,1,"806 South Douglas Road, Suite 700, Coral Gables, FL, 33134",https://www.genuinehealthgroup.com/aco-reporting,Roger Rodriguez,rr@genuinehealthgroup.com,(786) 878-5500,Stephany Nino,snino@genuinehealthgroup.com,(786) 878-5500,Annette onorati,Pedro Carballo,1
A4749,PARTNERS IN INTERNAL MEDICINE PA,"ACMG Health Systems, Inc.","FL, NY, TX",4,01/01/2020,01/01/2025,1,0,,1,0,1,0,0,0,0,0,0,1,"806 South Douglas Road, Suite 700, Coral Gables, FL, 33134",https://www.genuinehealthgroup.com/aco-reporting,Roger Rodriguez,rr@genuinehealthgroup.com,(786) 878-5500,Stephany Nino,snino@genuinehealthgroup.com,(786) 878-5500,Annette onorati,Pedro Carballo,1
A4749,PEDRO P CARBALLO MD PA,"ACMG Health Systems, Inc.","FL, NY, TX",4,01/01/2020,01/01/2025,1,0,,1,0,1,0,0,0,0,0,0,1,"806 South Douglas Road, Suite 700, Coral Gables, FL, 33134",https://www.genuinehealthgroup.com/aco-reporting,Roger Rodriguez,rr@genuinehealthgroup.com,(786) 878-5500,Stephany Nino,snino@genuinehealthgroup.com,(786) 878-5500,Annette onorati,Pedro Carballo,1
A4749,RODOLFO J CEPERO MD PA,"ACMG Health Systems, Inc.","FL, NY, TX",4,01/01/2020,01/01/2025,1,0,,1,0,1,0,0,0,0,0,0,1,"806 South Douglas Road, Suite 700, Coral Gables, FL, 33134",https://www.genuinehealthgroup.com/aco-reporting,Roger Rodriguez,rr@genuinehealthgroup.com,(786) 878-5500,Stephany Nino,snino@genuinehealthgroup.com,(786) 878-5500,Annette onorati,Pedro Carballo,1
A4749,SAMANTHA S LINDSAY MD PA,"ACMG Health Systems, Inc.","FL, NY, TX",4,01/01/2020,01/01/2025,1,0,,1,0,1,0,0,0,0,0,0,1,"806 South Douglas Road, Suite 700, Coral Gables, FL, 33134",https://www.genuinehealthgroup.com/aco-reporting,Roger Rodriguez,rr@genuinehealthgroup.com,(786) 878-5500,Stephany Nino,snino@genuinehealthgroup.com,(786) 878-5500,Annette onorati,Pedro Carballo,1
A4749,"SIMCARE, PLLC","ACMG Health Systems, Inc.","FL, NY, TX",4,01/01/2020,01/01/2025,1,0,,1,0,1,0,0,0,0,0,0,1,"806 South Douglas Road, Suite 700, Coral Gables, FL, 33134",https://www.genuinehealthgroup.com/aco-reporting,Roger Rodriguez,rr@genuinehealthgroup.com,(786) 878-5500,Stephany Nino,snino@genuinehealthgroup.com,(786) 878-5500,Annette onorati,Pedro Carballo,1
A5002,APPALACHIAN MOUNTAIN COMMUNITY HEALTH CENTERS,Aledade 102 NC TN CHC MSSP Enhanced,"NC, TN",4,01/01/2022,01/01/2025,1,0,,1,0,1,0,0,0,0,0,0,1,"4550 Montgomery Ave, Suite 1050N, Bethesda, MD, 20814",https://aledade.com/nc-tn-mssp-community-health-center/,Alexander Mullineaux,amullineaux@aledade.com,(202) 803-7979,Travis Broome,travis@aledade.com,(202) 803-7979,Adam Barker,Mickel Anglin,1
A5002,BERTIE COUNTY RURAL HEALTH ASSOCIATION,Aledade 102 NC TN CHC MSSP Enhanced,"NC, TN",4,01/01/2022,01/01/2025,1,0,,1,0,1,0,0,0,0,0,0,1,"4550 Montgomery Ave, Suite 1050N, Bethesda, MD, 20814",https://aledade.com/nc-tn-mssp-community-health-center/,Alexander Mullineaux,amullineaux@aledade.com,(202) 803-7979,Travis Broome,travis@aledade.com,(202) 803-7979,Adam Barker,Mickel Anglin,1
A5002,"CABARRUS ROWAN COMMUNITY HEALTH CENTERS, INC.",Aledade 102 NC TN CHC MSSP Enhanced,"NC, TN",4,01/01/2022,01/01/2025,1,0,,1,0,1,0,0,0,0,0,0,1,"4550 Montgomery Ave, Suite 1050N, Bethesda, MD, 20814",https://aledade.com/nc-tn-mssp-community-health-center/,Alexander Mullineaux,amullineaux@aledade.com,(202) 803-7979,Travis Broome,travis@aledade.com,(202) 803-7979,Adam Barker,Mickel Anglin,1
A5002,"CHARLOTTE COMMUNITY HEALTH CLINIC, INC.",Aledade 102 NC TN CHC MSSP Enhanced,"NC, TN",4,01/01/2022,01/01/2025,1,0,,1,0,1,0,0,0,0,0,0,1,"4550 Montgomery Ave, Suite 1050N, Bethesda, MD, 20814",https://aledade.com/nc-tn-mssp-community-health-center/,Alexander Mullineaux,amullineaux@aledade.com,(202) 803-7979,Travis Broome,travis@aledade.com,(202) 803-7979,Adam Barker,Mickel Anglin,1
A5002,CHOTA COMMUNITY HEALTH SERVICES,Aledade 102 NC TN CHC MSSP Enhanced,"NC, TN",4,01/01/2022,01/01/2025,1,0,,1,0,1,0,0,0,0,0,0,1,"4550 Montgomery Ave, Suite 1050N, Bethesda, MD, 20814",https://aledade.com/nc-tn-mssp-community-health-center/,Alexander Mullineaux,amullineaux@aledade.com,(202) 803-7979,Travis Broome,travis@aledade.com,(202) 803-7979,Adam Barker,Mickel Anglin,1
A5002,CHRIST COMMUNITY HEALTH SERVICES INC.,Aledade 102 NC TN CHC MSSP Enhanced,"NC, TN",4,01/01/2022,01/01/2025,1,0,,1,0,1,0,0,0,0,0,0,1,"4550 Montgomery Ave, Suite 1050N, Bethesda, MD, 20814",https://aledade.com/nc-tn-mssp-community-health-center/,Alexander Mullineaux,amullineaux@aledade.com,(202) 803-7979,Travis Broome,travis@aledade.com,(202) 803-7979,Adam Barker,Mickel Anglin,1
A5002,COMMUNITY HEALTH OF EAST TENNESSEE INC,Aledade 102 NC TN CHC MSSP Enhanced,"NC, TN",4,01/01/2022,01/01/2025,1,0,,1,0,1,0,0,0,0,0,0,1,"4550 Montgomery Ave, Suite 1050N, Bethesda, MD, 20814",https://aledade.com/nc-tn-mssp-community-health-center/,Alexander Mullineaux,amullineaux@aledade.com,(202) 803-7979,Travis Broome,travis@aledade.com,(202) 803-7979,Adam Barker,Mickel Anglin,1
A5002,COMPASSION HEALTH CARE INC,Aledade 102 NC TN CHC MSSP Enhanced,"NC, TN",4,01/01/2022,01/01/2025,1,0,,1,0,1,0,0,0,0,0,0,1,"4550 Montgomery Ave, Suite 1050N, Bethesda, MD, 20814",https://aledade.com/nc-tn-mssp-community-health-center/,Alexander Mullineaux,amullineaux@aledade.com,(202) 803-7979,Travis Broome,travis@aledade.com,(202) 803-7979,Adam Barker,Mickel Anglin,1
A5002,GOSHEN MEDICAL CENTER INCORPORATED,Aledade 102 NC TN CHC MSSP Enhanced,"NC, TN",4,01/01/2022,01/01/2025,1,0,,1,0,1,0,0,0,0,0,0,1,"4550 Montgomery Ave, Suite 1050N, Bethesda, MD, 20814",https://aledade.com/nc-tn-mssp-community-health-center/,Alexander Mullineaux,amullineaux@aledade.com,(202) 803-7979,Travis Broome,travis@aledade.com,(202) 803-7979,Adam Barker,Mickel Anglin,1
A5002,HARDIN COUNTY REGIONAL HEALTH CENTER,Aledade 102 NC TN CHC MSSP Enhanced,"NC, TN",4,01/01/2022,01/01/2025,1,0,,1,0,1,0,0,0,0,0,0,1,"4550 Montgomery Ave, Suite 1050N, Bethesda, MD, 20814",https://aledade.com/nc-tn-mssp-community-health-center/,Alexander Mullineaux,amullineaux@aledade.com,(202) 803-7979,Travis Broome,travis@aledade.com,(202) 803-7979,Adam Barker,Mickel Anglin,1
A5002,HOPE FAMILY HEALTH SERVICES,Aledade 102 NC TN CHC MSSP Enhanced,"NC, TN",4,01/01/2022,01/01/2025,1,0,,1,0,1,0,0,0,0,0,0,1,"4550 Montgomery Ave, Suite 1050N, Bethesda, MD, 20814",https://aledade.com/nc-tn-mssp-community-health-center/,Alexander Mullineaux,amullineaux@aledade.com,(202) 803-7979,Travis Broome,travis@aledade.com,(202) 803-7979,Adam Barker,Mickel Anglin,1
A5002,KINSTON COMMUNITY HEALTH CENTER INC,Aledade 102 NC TN CHC MSSP Enhanced,"NC, TN",4,01/01/2022,01/01/2025,1,0,,1,0,1,0,0,0,0,0,0,1,"4550 Montgomery Ave, Suite 1050N, Bethesda, MD, 20814",https://aledade.com/nc-tn-mssp-community-health-center/,Alexander Mullineaux,amullineaux@aledade.com,(202) 803-7979,Travis Broome,travis@aledade.com,(202) 803-7979,Adam Barker,Mickel Anglin,1
A5002,METROPOLITAN COMMUNITY HEALTH SERVICES INC,Aledade 102 NC TN CHC MSSP Enhanced,"NC, TN",4,01/01/2022,01/01/2025,1,0,,1,0,1,0,0,0,0,0,0,1,"4550 Montgomery Ave, Suite 1050N, Bethesda, MD, 20814",https://aledade.com/nc-tn-mssp-community-health-center/,Alexander Mullineaux,amullineaux@aledade.com,(202) 803-7979,Travis Broome,travis@aledade.com,(202) 803-7979,Adam Barker,Mickel Anglin,1
A5002,"OCRACOKE HEALTH CENTER, INC.",Aledade 102 NC TN CHC MSSP Enhanced,"NC, TN",4,01/01/2022,01/01/2025,1,0,,1,0,1,0,0,0,0,0,0,1,"4550 Montgomery Ave, Suite 1050N, Bethesda, MD, 20814",https://aledade.com/nc-tn-mssp-community-health-center/,Alexander Mullineaux,amullineaux@aledade.com,(202) 803-7979,Travis Broome,travis@aledade.com,(202) 803-7979,Adam Barker,Mickel Anglin,1
A5002,RURAL HEALTH GROUP INC,Aledade 102 NC TN CHC MSSP Enhanced,"NC, TN",4,01/01/2022,01/01/2025,1,0,,1,0,1,0,0,0,0,0,0,1,"4550 Montgomery Ave, Suite 1050N, Bethesda, MD, 20814",https://aledade.com/nc-tn-mssp-community-health-center/,Alexander Mullineaux,amullineaux@aledade.com,(202) 803-7979,Travis Broome,travis@aledade.com,(202) 803-7979,Adam Barker,Mickel Anglin,1
A5002,"RURAL MEDICAL SERVICES, INC.",Aledade 102 NC TN CHC MSSP Enhanced,"NC, TN",4,01/01/2022,01/01/2025,1,0,,1,0,1,0,0,0,0,0,0,1,"4550 Montgomery Ave, Suite 1050N, Bethesda, MD, 20814",https://aledade.com/nc-tn-mssp-community-health-center/,Alexander Mullineaux,amullineaux@aledade.com,(202) 803-7979,Travis Broome,travis@aledade.com,(202) 803-7979,Adam Barker,Mickel Anglin,1
A5002,"STEDMAN - WADE HEALTH SERVICES, INC",Aledade 102 NC TN CHC MSSP Enhanced,"NC, TN",4,01/01/2022,01/01/2025,1,0,,1,0,1,0,0,0,0,0,0,1,"4550 Montgomery Ave, Suite 1050N, Bethesda, MD, 20814",https://aledade.com/nc-tn-mssp-community-health-center/,Alexander Mullineaux,amullineaux@aledade.com,(202) 803-7979,Travis Broome,travis@aledade.com,(202) 803-7979,Adam Barker,Mickel Anglin,1
A5002,TRIAD ADULT AND PEDIATRIC MEDICINE INC,Aledade 102 NC TN CHC MSSP Enhanced,"NC, TN",4,01/01/2022,01/01/2025,1,0,,1,0,1,0,0,0,0,0,0,1,"4550 Montgomery Ave, Suite 1050N, Bethesda, MD, 20814",https://aledade.com/nc-tn-mssp-community-health-center/,Alexander Mullineaux,amullineaux@aledade.com,(202) 803-7979,Travis Broome,travis@aledade.com,(202) 803-7979,Adam Barker,Mickel Anglin,1
A5002,UNITED HEALTH CENTER,Aledade 102 NC TN CHC MSSP Enhanced,"NC, TN",4,01/01/2022,01/01/2025,1,0,,1,0,1,0,0,0,0,0,0,1,"4550 Montgomery Ave, Suite 1050N, Bethesda, MD, 20814",https://aledade.com/nc-tn-mssp-community-health-center/,Alexander Mullineaux,amullineaux@aledade.com,(202) 803-7979,Travis Broome,travis@aledade.com,(202) 803-7979,Adam Barker,Mickel Anglin,1
A5002,"UNITED NEIGHBORHOOD HEALTH SERVICES, INC",Aledade 102 NC TN CHC MSSP Enhanced,"NC, TN",4,01/01/2022,01/01/2025,1,0,,1,0,1,0,0,0,0,0,0,1,"4550 Montgomery Ave, Suite 1050N, Bethesda, MD, 20814",https://aledade.com/nc-tn-mssp-community-health-center/,Alexander Mullineaux,amullineaux@aledade.com,(202) 803-7979,Travis Broome,travis@aledade.com,(202) 803-7979,Adam Barker,Mickel Anglin,1
A5348,"B-K HEALTH CENTER, INC",Aledade 150 PACHC MSSP Enhanced,PA,2,01/01/2024,01/01/2025,0,0,,1,0,1,0,0,0,0,0,0,1,"4550 Montgomery Ave, Suite 1050N, Bethesda, MD, 20814",https://aledade.com/pa-chc-mssp-enhanced/,Jeffrey Mandel,jmandel@aledade.com,(202) 803-7979,Travis Broome,travis@aledade.com,(202) 803-7979,Adam Barker,Anne-Marie Derrico,1
A5348,BERKS COMMUNITY HEALTH CENTER,Aledade 150 PACHC MSSP Enhanced,PA,2,01/01/2024,01/01/2025,0,0,,1,0,1,0,0,0,0,0,0,1,"4550 Montgomery Ave, Suite 1050N, Bethesda, MD, 20814",https://aledade.com/pa-chc-mssp-enhanced/,Jeffrey Mandel,jmandel@aledade.com,(202) 803-7979,Travis Broome,travis@aledade.com,(202) 803-7979,Adam Barker,Anne-Marie Derrico,1
A5348,BROAD TOP AREA MEDICAL CENTER INC,Aledade 150 PACHC MSSP Enhanced,PA,2,01/01/2024,01/01/2025,0,0,,1,0,1,0,0,0,0,0,0,1,"4550 Montgomery Ave, Suite 1050N, Bethesda, MD, 20814",https://aledade.com/pa-chc-mssp-enhanced/,Jeffrey Mandel,jmandel@aledade.com,(202) 803-7979,Travis Broome,travis@aledade.com,(202) 803-7979,Adam Barker,Anne-Marie Derrico,1
A5348,CENTERVILLE CLINICS INC,Aledade 150 PACHC MSSP Enhanced,PA,2,01/01/2024,01/01/2025,0,0,,1,0,1,0,0,0,0,0,0,1,"4550 Montgomery Ave, Suite 1050N, Bethesda, MD, 20814",https://aledade.com/pa-chc-mssp-enhanced/,Jeffrey Mandel,jmandel@aledade.com,(202) 803-7979,Travis Broome,travis@aledade.com,(202) 803-7979,Adam Barker,Anne-Marie Derrico,1
A5348,CHESPENN HEALTH SERVICES,Aledade 150 PACHC MSSP Enhanced,PA,2,01/01/2024,01/01/2025,0,0,,1,0,1,0,0,0,0,0,0,1,"4550 Montgomery Ave, Suite 1050N, Bethesda, MD, 20814",https://aledade.com/pa-chc-mssp-enhanced/,Jeffrey Mandel,jmandel@aledade.com,(202) 803-7979,Travis Broome,travis@aledade.com,(202) 803-7979,Adam Barker,Anne-Marie Derrico,1
A5348,COMMUNITY HEALTH AND DENTAL CARE INC,Aledade 150 PACHC MSSP Enhanced,PA,2,01/01/2024,01/01/2025,0,0,,1,0,1,0,0,0,0,0,0,1,"4550 Montgomery Ave, Suite 1050N, Bethesda, MD, 20814",https://aledade.com/pa-chc-mssp-enhanced/,Jeffrey Mandel,jmandel@aledade.com,(202) 803-7979,Travis Broome,travis@aledade.com,(202) 803-7979,Adam Barker,Anne-Marie Derrico,1
A5348,"COMMUNITY HEALTH CLINIC, INC.",Aledade 150 PACHC MSSP Enhanced,PA,2,01/01/2024,01/01/2025,0,0,,1,0,1,0,0,0,0,0,0,1,"4550 Montgomery Ave, Suite 1050N, Bethesda, MD, 20814",https://aledade.com/pa-chc-mssp-enhanced/,Jeffrey Mandel,jmandel@aledade.com,(202) 803-7979,Travis Broome,travis@aledade.com,(202) 803-7979,Adam Barker,Anne-Marie Derrico,1
A5348,COMMUNITY HEALTH NET,Aledade 150 PACHC MSSP Enhanced,PA,2,01/01/2024,01/01/2025,0,0,,1,0,1,0,0,0,0,0,0,1,"4550 Montgomery Ave, Suite 1050N, Bethesda, MD, 20814",https://aledade.com/pa-chc-mssp-enhanced/,Jeffrey Mandel,jmandel@aledade.com,(202) 803-7979,Travis Broome,travis@aledade.com,(202) 803-7979,Adam Barker,Anne-Marie Derrico,1
A5348,CORNERSTONE CARE INC.,Aledade 150 PACHC MSSP Enhanced,PA,2,01/01/2024,01/01/2025,0,0,,1,0,1,0,0,0,0,0,0,1,"4550 Montgomery Ave, Suite 1050N, Bethesda, MD, 20814",https://aledade.com/pa-chc-mssp-enhanced/,Jeffrey Mandel,jmandel@aledade.com,(202) 803-7979,Travis Broome,travis@aledade.com,(202) 803-7979,Adam Barker,Anne-Marie Derrico,1
A5348,"DELAWARE VALLEY COMMUNITY HEALTH, INC.",Aledade 150 PACHC MSSP Enhanced,PA,2,01/01/2024,01/01/2025,0,0,,1,0,1,0,0,0,0,0,0,1,"4550 Montgomery Ave, Suite 1050N, Bethesda, MD, 20814",https://aledade.com/pa-chc-mssp-enhanced/,Jeffrey Mandel,jmandel@aledade.com,(202) 803-7979,Travis Broome,travis@aledade.com,(202) 803-7979,Adam Barker,Anne-Marie Derrico,1
A5348,"ESPERANZA HEALTH CENTER, INC.",Aledade 150 PACHC MSSP Enhanced,PA,2,01/01/2024,01/01/2025,0,0,,1,0,1,0,0,0,0,0,0,1,"4550 Montgomery Ave, Suite 1050N, Bethesda, MD, 20814",https://aledade.com/pa-chc-mssp-enhanced/,Jeffrey Mandel,jmandel@aledade.com,(202) 803-7979,Travis Broome,travis@aledade.com,(202) 803-7979,Adam Barker,Anne-Marie Derrico,1
A5348,"Family Practice & Counseling Services Network, Inc",Aledade 150 PACHC MSSP Enhanced,PA,2,01/01/2024,01/01/2025,0,0,,1,0,1,0,0,0,0,0,0,1,"4550 Montgomery Ave, Suite 1050N, Bethesda, MD, 20814",https://aledade.com/pa-chc-mssp-enhanced/,Jeffrey Mandel,jmandel@aledade.com,(202) 803-7979,Travis Broome,travis@aledade.com,(202) 803-7979,Adam Barker,Anne-Marie Derrico,1
A5348,GLENDALE AREA MEDICAL ASSOCIATION INC,Aledade 150 PACHC MSSP Enhanced,PA,2,01/01/2024,01/01/2025,0,0,,1,0,1,0,0,0,0,0,0,1,"4550 Montgomery Ave, Suite 1050N, Bethesda, MD, 20814",https://aledade.com/pa-chc-mssp-enhanced/,Jeffrey Mandel,jmandel@aledade.com,(202) 803-7979,Travis Broome,travis@aledade.com,(202) 803-7979,Adam Barker,Anne-Marie Derrico,1
A5348,GREATER PHILADELPHIA HEALTH ACTION INC,Aledade 150 PACHC MSSP Enhanced,PA,2,01/01/2024,01/01/2025,0,0,,1,0,1,0,0,0,0,0,0,1,"4550 Montgomery Ave, Suite 1050N, Bethesda, MD, 20814",https://aledade.com/pa-chc-mssp-enhanced/,Jeffrey Mandel,jmandel@aledade.com,(202) 803-7979,Travis Broome,travis@aledade.com,(202) 803-7979,Adam Barker,Anne-Marie Derrico,1
A5348,"HAMILTON HEALTH CENTER, INC.",Aledade 150 PACHC MSSP Enhanced,PA,2,01/01/2024,01/01/2025,0,0,,1,0,1,0,0,0,0,0,0,1,"4550 Montgomery Ave, Suite 1050N, Bethesda, MD, 20814",https://aledade.com/pa-chc-mssp-enhanced/,Jeffrey Mandel,jmandel@aledade.com,(202) 803-7979,Travis Broome,travis@aledade.com,(202) 803-7979,Adam Barker,Anne-Marie Derrico,1
A5348,HYNDMAN AREA HEALTH CENTER INC,Aledade 150 PACHC MSSP Enhanced,PA,2,01/01/2024,01/01/2025,0,0,,1,0,1,0,0,0,0,0,0,1,"4550 Montgomery Ave, Suite 1050N, Bethesda, MD, 20814",https://aledade.com/pa-chc-mssp-enhanced/,Jeffrey Mandel,jmandel@aledade.com,(202) 803-7979,Travis Broome,travis@aledade.com,(202) 803-7979,Adam Barker,Anne-Marie Derrico,1
A5348,LCH HEALTH AND COMMUNITY SERVICES,Aledade 150 PACHC MSSP Enhanced,PA,2,01/01/2024,01/01/2025,0,0,,1,0,1,0,0,0,0,0,0,1,"4550 Montgomery Ave, Suite 1050N, Bethesda, MD, 20814",https://aledade.com/pa-chc-mssp-enhanced/,Jeffrey Mandel,jmandel@aledade.com,(202) 803-7979,Travis Broome,travis@aledade.com,(202) 803-7979,Adam Barker,Anne-Marie Derrico,1
A5348,MULTI-CULTURAL HEALTH EVALUATION DELIVERY SYSTEMS INC,Aledade 150 PACHC MSSP Enhanced,PA,2,01/01/2024,01/01/2025,0,0,,1,0,1,0,0,0,0,0,0,1,"4550 Montgomery Ave, Suite 1050N, Bethesda, MD, 20814",https://aledade.com/pa-chc-mssp-enhanced/,Jeffrey Mandel,jmandel@aledade.com,(202) 803-7979,Travis Broome,travis@aledade.com,(202) 803-7979,Adam Barker,Anne-Marie Derrico,1
A5348,NEIGHBORHOOD HEALTH CENTERS OF THE LEHIGH VALLEY,Aledade 150 PACHC MSSP Enhanced,PA,2,01/01/2024,01/01/2025,0,0,,1,0,1,0,0,0,0,0,0,1,"4550 Montgomery Ave, Suite 1050N, Bethesda, MD, 20814",https://aledade.com/pa-chc-mssp-enhanced/,Jeffrey Mandel,jmandel@aledade.com,(202) 803-7979,Travis Broome,travis@aledade.com,(202) 803-7979,Adam Barker,Anne-Marie Derrico,1
A5348,NORTH PENN COMPREHENSIVE HEALTH SERVICES,Aledade 150 PACHC MSSP Enhanced,PA,2,01/01/2024,01/01/2025,0,0,,1,0,1,0,0,0,0,0,0,1,"4550 Montgomery Ave, Suite 1050N, Bethesda, MD, 20814",https://aledade.com/pa-chc-mssp-enhanced/,Jeffrey Mandel,jmandel@aledade.com,(202) 803-7979,Travis Broome,travis@aledade.com,(202) 803-7979,Adam Barker,Anne-Marie Derrico,1
A5348,NORTH SIDE CHRISTIAN HEALTH CENTER,Aledade 150 PACHC MSSP Enhanced,PA,2,01/01/2024,01/01/2025,0,0,,1,0,1,0,0,0,0,0,0,1,"4550 Montgomery Ave, Suite 1050N, Bethesda, MD, 20814",https://aledade.com/pa-chc-mssp-enhanced/,Jeffrey Mandel,jmandel@aledade.com,(202) 803-7979,Travis Broome,travis@aledade.com,(202) 803-7979,Adam Barker,Anne-Marie Derrico,1
A5348,"PRIMARY CARE HEALTH SERVICES, INC.",Aledade 150 PACHC MSSP Enhanced,PA,2,01/01/2024,01/01/2025,0,0,,1,0,1,0,0,0,0,0,0,1,"4550 Montgomery Ave, Suite 1050N, Bethesda, MD, 20814",https://aledade.com/pa-chc-mssp-enhanced/,Jeffrey Mandel,jmandel@aledade.com,(202) 803-7979,Travis Broome,travis@aledade.com,(202) 803-7979,Adam Barker,Anne-Marie Derrico,1
A5348,PUBLIC HEALTH MANAGEMENT CORPORATION,Aledade 150 PACHC MSSP Enhanced,PA,2,01/01/2024,01/01/2025,0,0,,1,0,1,0,0,0,0,0,0,1,"4550 Montgomery Ave, Suite 1050N, Bethesda, MD, 20814",https://aledade.com/pa-chc-mssp-enhanced/,Jeffrey Mandel,jmandel@aledade.com,(202) 803-7979,Travis Broome,travis@aledade.com,(202) 803-7979,Adam Barker,Anne-Marie Derrico,1
A5348,RIVER VALLEY HEALTH,Aledade 150 PACHC MSSP Enhanced,PA,2,01/01/2024,01/01/2025,0,0,,1,0,1,0,0,0,0,0,0,1,"4550 Montgomery Ave, Suite 1050N, Bethesda, MD, 20814",https://aledade.com/pa-chc-mssp-enhanced/,Jeffrey Mandel,jmandel@aledade.com,(202) 803-7979,Travis Broome,travis@aledade.com,(202) 803-7979,Adam Barker,Anne-Marie Derrico,1
A5348,RURAL HEALTH CORPORATION OF NORTHEASTERN PENNSYLVANIA,Aledade 150 PACHC MSSP Enhanced,PA,2,01/01/2024,01/01/2025,0,0,,1,0,1,0,0,0,0,0,0,1,"4550 Montgomery Ave, Suite 1050N, Bethesda, MD, 20814",https://aledade.com/pa-chc-mssp-enhanced/,Jeffrey Mandel,jmandel@aledade.com,(202) 803-7979,Travis Broome,travis@aledade.com,(202) 803-7979,Adam Barker,Anne-Marie Derrico,1
A5348,SADLER HEALTH CENTER CORPORATION,Aledade 150 PACHC MSSP Enhanced,PA,2,01/01/2024,01/01/2025,0,0,,1,0,1,0,0,0,0,0,0,1,"4550 Montgomery Ave, Suite 1050N, Bethesda, MD, 20814",https://aledade.com/pa-chc-mssp-enhanced/,Jeffrey Mandel,jmandel@aledade.com,(202) 803-7979,Travis Broome,travis@aledade.com,(202) 803-7979,Adam Barker,Anne-Marie Derrico,1
A5348,SCRANTON PRIMARY HEALTH CARE CENTER INC,Aledade 150 PACHC MSSP Enhanced,PA,2,01/01/2024,01/01/2025,0,0,,1,0,1,0,0,0,0,0,0,1,"4550 Montgomery Ave, Suite 1050N, Bethesda, MD, 20814",https://aledade.com/pa-chc-mssp-enhanced/,Jeffrey Mandel,jmandel@aledade.com,(202) 803-7979,Travis Broome,travis@aledade.com,(202) 803-7979,Adam Barker,Anne-Marie Derrico,1
A5348,SPECTRUM HEALTH SERVICES INC,Aledade 150 PACHC MSSP Enhanced,PA,2,01/01/2024,01/01/2025,0,0,,1,0,1,0,0,0,0,0,0,1,"4550 Montgomery Ave, Suite 1050N, Bethesda, MD, 20814",https://aledade.com/pa-chc-mssp-enhanced/,Jeffrey Mandel,jmandel@aledade.com,(202) 803-7979,Travis Broome,travis@aledade.com,(202) 803-7979,Adam Barker,Anne-Marie Derrico,1
A5348,SQUIRREL HILL HEALTH CENTER,Aledade 150 PACHC MSSP Enhanced,PA,2,01/01/2024,01/01/2025,0,0,,1,0,1,0,0,0,0,0,0,1,"4550 Montgomery Ave, Suite 1050N, Bethesda, MD, 20814",https://aledade.com/pa-chc-mssp-enhanced/,Jeffrey Mandel,jmandel@aledade.com,(202) 803-7979,Travis Broome,travis@aledade.com,(202) 803-7979,Adam Barker,Anne-Marie Derrico,1
A5348,WAYNE MEMORIAL COMMUNITY HEALTH CENTERS,Aledade 150 PACHC MSSP Enhanced,PA,2,01/01/2024,01/01/2025,0,0,,1,0,1,0,0,0,0,0,0,1,"4550 Montgomery Ave, Suite 1050N, Bethesda, MD, 20814",https://aledade.com/pa-chc-mssp-enhanced/,Jeffrey Mandel,jmandel@aledade.com,(202) 803-7979,Travis Broome,travis@aledade.com,(202) 803-7979,Adam Barker,Anne-Marie Derrico,1
A5348,WELSH MOUNTAIN HEALTH CENTERS,Aledade 150 PACHC MSSP Enhanced,PA,2,01/01/2024,01/01/2025,0,0,,1,0,1,0,0,0,0,0,0,1,"4550 Montgomery Ave, Suite 1050N, Bethesda, MD, 20814",https://aledade.com/pa-chc-mssp-enhanced/,Jeffrey Mandel,jmandel@aledade.com,(202) 803-7979,Travis Broome,travis@aledade.com,(202) 803-7979,Adam Barker,Anne-Marie Derrico,1
A5349,AUBURN FAMILY HEALTH CENTER PC,Aledade 151 Northern Territories MSSP Enhanced,"ID, MT, NE, SD, WY",2,01/01/2024,01/01/2025,0,0,,1,0,1,0,0,0,0,0,0,1,"4550 Montgomery Ave, Suite 1050N, Bethesda, MD, 20814",https://aledade.com/northern-territories-mssp-enhanced/,Cathi Lewis,cllewis@aledade.com,(202) 803-7979,Travis Broome,travis@aledade.com,(202) 803-7979,Adam Barker,Michael Zaruba,1
A5349,BMH INC,Aledade 151 Northern Territories MSSP Enhanced,"ID, MT, NE, SD, WY",2,01/01/2024,01/01/2025,0,0,,1,0,1,0,0,0,0,0,0,1,"4550 Montgomery Ave, Suite 1050N, Bethesda, MD, 20814",https://aledade.com/northern-territories-mssp-enhanced/,Cathi Lewis,cllewis@aledade.com,(202) 803-7979,Travis Broome,travis@aledade.com,(202) 803-7979,Adam Barker,Michael Zaruba,1
A5349,CODY CLINIC,Aledade 151 Northern Territories MSSP Enhanced,"ID, MT, NE, SD, WY",2,01/01/2024,01/01/2025,0,0,,1,0,1,0,0,0,0,0,0,1,"4550 Montgomery Ave, Suite 1050N, Bethesda, MD, 20814",https://aledade.com/northern-territories-mssp-enhanced/,Cathi Lewis,cllewis@aledade.com,(202) 803-7979,Travis Broome,travis@aledade.com,(202) 803-7979,Adam Barker,Michael Zaruba,1
A5349,"COLUMBUS FAMILY PRACTICE ASSOCIATES, P.C.",Aledade 151 Northern Territories MSSP Enhanced,"ID, MT, NE, SD, WY",2,01/01/2024,01/01/2025,0,0,,1,0,1,0,0,0,0,0,0,1,"4550 Montgomery Ave, Suite 1050N, Bethesda, MD, 20814",https://aledade.com/northern-territories-mssp-enhanced/,Cathi Lewis,cllewis@aledade.com,(202) 803-7979,Travis Broome,travis@aledade.com,(202) 803-7979,Adam Barker,Michael Zaruba,1
A5349,COMMUNITY HEALTH CENTER OF CENTRAL WYOMING INC,Aledade 151 Northern Territories MSSP Enhanced,"ID, MT, NE, SD, WY",2,01/01/2024,01/01/2025,0,0,,1,0,1,0,0,0,0,0,0,1,"4550 Montgomery Ave, Suite 1050N, Bethesda, MD, 20814",https://aledade.com/northern-territories-mssp-enhanced/,Cathi Lewis,cllewis@aledade.com,(202) 803-7979,Travis Broome,travis@aledade.com,(202) 803-7979,Adam Barker,Michael Zaruba,1
A5349,DAVID WISE,Aledade 151 Northern Territories MSSP Enhanced,"ID, MT, NE, SD, WY",2,01/01/2024,01/01/2025,0,0,,1,0,1,0,0,0,0,0,0,1,"4550 Montgomery Ave, Suite 1050N, Bethesda, MD, 20814",https://aledade.com/northern-territories-mssp-enhanced/,Cathi Lewis,cllewis@aledade.com,(202) 803-7979,Travis Broome,travis@aledade.com,(202) 803-7979,Adam Barker,Michael Zaruba,1
A5349,MERCURY STREET MEDICAL GROUP PLLC,Aledade 151 Northern Territories MSSP Enhanced,"ID, MT, NE, SD, WY",2,01/01/2024,01/01/2025,0,0,,1,0,1,0,0,0,0,0,0,1,"4550 Montgomery Ave, Suite 1050N, Bethesda, MD, 20814",https://aledade.com/northern-territories-mssp-enhanced/,Cathi Lewis,cllewis@aledade.com,(202) 803-7979,Travis Broome,travis@aledade.com,(202) 803-7979,Adam Barker,Michael Zaruba,1
A5349,MVH BMC LLC,Aledade 151 Northern Territories MSSP Enhanced,"ID, MT, NE, SD, WY",2,01/01/2024,01/01/2025,0,0,,1,0,1,0,0,0,0,0,0,1,"4550 Montgomery Ave, Suite 1050N, Bethesda, MD, 20814",https://aledade.com/northern-territories-mssp-enhanced/,Cathi Lewis,cllewis@aledade.com,(202) 803-7979,Travis Broome,travis@aledade.com,(202) 803-7979,Adam Barker,Michael Zaruba,1
A5349,RIDGEVIEW FAMILY HEALTH INC,Aledade 151 Northern Territories MSSP Enhanced,"ID, MT, NE, SD, WY",2,01/01/2024,01/01/2025,0,0,,1,0,1,0,0,0,0,0,0,1,"4550 Montgomery Ave, Suite 1050N, Bethesda, MD, 20814",https://aledade.com/northern-territories-mssp-enhanced/,Cathi Lewis,cllewis@aledade.com,(202) 803-7979,Travis Broome,travis@aledade.com,(202) 803-7979,Adam Barker,Michael Zaruba,1
A5349,"ROCKY MOUNTAIN FAMILY MEDICINE, LLC",Aledade 151 Northern Territories MSSP Enhanced,"ID, MT, NE, SD, WY",2,01/01/2024,01/01/2025,0,0,,1,0,1,0,0,0,0,0,0,1,"4550 Montgomery Ave, Suite 1050N, Bethesda, MD, 20814",https://aledade.com/northern-territories-mssp-enhanced/,Cathi Lewis,cllewis@aledade.com,(202) 803-7979,Travis Broome,travis@aledade.com,(202) 803-7979,Adam Barker,Michael Zaruba,1
A5349,SANDPOINT FAMILY MEDICINE PA,Aledade 151 Northern Territories MSSP Enhanced,"ID, MT, NE, SD, WY",2,01/01/2024,01/01/2025,0,0,,1,0,1,0,0,0,0,0,0,1,"4550 Montgomery Ave, Suite 1050N, Bethesda, MD, 20814",https://aledade.com/northern-territories-mssp-enhanced/,Cathi Lewis,cllewis@aledade.com,(202) 803-7979,Travis Broome,travis@aledade.com,(202) 803-7979,Adam Barker,Michael Zaruba,1
A5349,SOUTHERN HILLS FAMILY MEDICINE PROF LLC,Aledade 151 Northern Territories MSSP Enhanced,"ID, MT, NE, SD, WY",2,01/01/2024,01/01/2025,0,0,,1,0,1,0,0,0,0,0,0,1,"4550 Montgomery Ave, Suite 1050N, Bethesda, MD, 20814",https://aledade.com/northern-territories-mssp-enhanced/,Cathi Lewis,cllewis@aledade.com,(202) 803-7979,Travis Broome,travis@aledade.com,(202) 803-7979,Adam Barker,Michael Zaruba,1
A5349,THE CENTER FOR HEALTH LLC,Aledade 151 Northern Territories MSSP Enhanced,"ID, MT, NE, SD, WY",2,01/01/2024,01/01/2025,0,0,,1,0,1,0,0,0,0,0,0,1,"4550 Montgomery Ave, Suite 1050N, Bethesda, MD, 20814",https://aledade.com/northern-territories-mssp-enhanced/,Cathi Lewis,cllewis@aledade.com,(202) 803-7979,Travis Broome,travis@aledade.com,(202) 803-7979,Adam Barker,Michael Zaruba,1
A5349,TONY C ROISUM MD PA,Aledade 151 Northern Territories MSSP Enhanced,"ID, MT, NE, SD, WY",2,01/01/2024,01/01/2025,0,0,,1,0,1,0,0,0,0,0,0,1,"4550 Montgomery Ave, Suite 1050N, Bethesda, MD, 20814",https://aledade.com/northern-territories-mssp-enhanced/,Cathi Lewis,cllewis@aledade.com,(202) 803-7979,Travis Broome,travis@aledade.com,(202) 803-7979,Adam Barker,Michael Zaruba,1
A5349,YANKTON MEDICAL CLINIC PC,Aledade 151 Northern Territories MSSP Enhanced,"ID, MT, NE, SD, WY",2,01/01/2024,01/01/2025,0,0,,1,0,1,0,0,0,0,0,0,1,"4550 Montgomery Ave, Suite 1050N, Bethesda, MD, 20814",https://aledade.com/northern-territories-mssp-enhanced/,Cathi Lewis,cllewis@aledade.com,(202) 803-7979,Travis Broome,travis@aledade.com,(202) 803-7979,Adam Barker,Michael Zaruba,1
A5361,"ADOLFO BENITEZ, MD, PA",Aledade 158 TX MSSP Enhanced,TX,2,01/01/2024,01/01/2025,0,0,,1,0,1,0,0,0,0,0,0,1,"4550 Montgomery Ave, Suite 1050N, Bethseda, MD, 20814",https://aledade.com/texas-mssp-enhanced/,Nadine Robin,nrobin@aledade.com,(202) 802-3797,Nadine Robin,nrobin@aledade.com,(202) 802-3797,Adam Barker,Brenda Vozza,1
A5361,APRIL GATSON,Aledade 158 TX MSSP Enhanced,TX,2,01/01/2024,01/01/2025,0,0,,1,0,1,0,0,0,0,0,0,1,"4550 Montgomery Ave, Suite 1050N, Bethseda, MD, 20814",https://aledade.com/texas-mssp-enhanced/,Nadine Robin,nrobin@aledade.com,(202) 802-3797,Nadine Robin,nrobin@aledade.com,(202) 802-3797,Adam Barker,Brenda Vozza,1
A5361,"BROOKRIDGE INTERNAL MEDICINE ASSOCIATES, PA",Aledade 158 TX MSSP Enhanced,TX,2,01/01/2024,01/01/2025,0,0,,1,0,1,0,0,0,0,0,0,1,"4550 Montgomery Ave, Suite 1050N, Bethseda, MD, 20814",https://aledade.com/texas-mssp-enhanced/,Nadine Robin,nrobin@aledade.com,(202) 802-3797,Nadine Robin,nrobin@aledade.com,(202) 802-3797,Adam Barker,Brenda Vozza,1
A5361,BROWNSVILLE COMMUNITY HEALTH CLINIC CORPORATION,Aledade 158 TX MSSP Enhanced,TX,2,01/01/2024,01/01/2025,0,0,,1,0,1,0,0,0,0,0,0,1,"4550 Montgomery Ave, Suite 1050N, Bethseda, MD, 20814",https://aledade.com/texas-mssp-enhanced/,Nadine Robin,nrobin@aledade.com,(202) 802-3797,Nadine Robin,nrobin@aledade.com,(202) 802-3797,Adam Barker,Brenda Vozza,1
A5361,"CAPITAL MEDICAL CLINIC, LLP",Aledade 158 TX MSSP Enhanced,TX,2,01/01/2024,01/01/2025,0,0,,1,0,1,0,0,0,0,0,0,1,"4550 Montgomery Ave, Suite 1050N, Bethseda, MD, 20814",https://aledade.com/texas-mssp-enhanced/,Nadine Robin,nrobin@aledade.com,(202) 802-3797,Nadine Robin,nrobin@aledade.com,(202) 802-3797,Adam Barker,Brenda Vozza,1
A5361,CARLOS CAMPOS MD PA,Aledade 158 TX MSSP Enhanced,TX,2,01/01/2024,01/01/2025,0,0,,1,0,1,0,0,0,0,0,0,1,"4550 Montgomery Ave, Suite 1050N, Bethseda, MD, 20814",https://aledade.com/texas-mssp-enhanced/,Nadine Robin,nrobin@aledade.com,(202) 802-3797,Nadine Robin,nrobin@aledade.com,(202) 802-3797,Adam Barker,Brenda Vozza,1
A5361,CARMEN PURL MD PLLC,Aledade 158 TX MSSP Enhanced,TX,2,01/01/2024,01/01/2025,0,0,,1,0,1,0,0,0,0,0,0,1,"4550 Montgomery Ave, Suite 1050N, Bethseda, MD, 20814",https://aledade.com/texas-mssp-enhanced/,Nadine Robin,nrobin@aledade.com,(202) 802-3797,Nadine Robin,nrobin@aledade.com,(202) 802-3797,Adam Barker,Brenda Vozza,1
A5361,CONROE WILLIS FAMILY MEDICINE PLLC,Aledade 158 TX MSSP Enhanced,TX,2,01/01/2024,01/01/2025,0,0,,1,0,1,0,0,0,0,0,0,1,"4550 Montgomery Ave, Suite 1050N, Bethseda, MD, 20814",https://aledade.com/texas-mssp-enhanced/,Nadine Robin,nrobin@aledade.com,(202) 802-3797,Nadine Robin,nrobin@aledade.com,(202) 802-3797,Adam Barker,Brenda Vozza,1
A5361,DANIEL M BRUDNAK MD FAAFP PA,Aledade 158 TX MSSP Enhanced,TX,2,01/01/2024,01/01/2025,0,0,,1,0,1,0,0,0,0,0,0,1,"4550 Montgomery Ave, Suite 1050N, Bethseda, MD, 20814",https://aledade.com/texas-mssp-enhanced/,Nadine Robin,nrobin@aledade.com,(202) 802-3797,Nadine Robin,nrobin@aledade.com,(202) 802-3797,Adam Barker,Brenda Vozza,1
A5361,"DECISION HEIGHT, INC",Aledade 158 TX MSSP Enhanced,TX,2,01/01/2024,01/01/2025,0,0,,1,0,1,0,0,0,0,0,0,1,"4550 Montgomery Ave, Suite 1050N, Bethseda, MD, 20814",https://aledade.com/texas-mssp-enhanced/,Nadine Robin,nrobin@aledade.com,(202) 802-3797,Nadine Robin,nrobin@aledade.com,(202) 802-3797,Adam Barker,Brenda Vozza,1
A5361,DICKINSON FAMILY MEDICINE CLINIC,Aledade 158 TX MSSP Enhanced,TX,2,01/01/2024,01/01/2025,0,0,,1,0,1,0,0,0,0,0,0,1,"4550 Montgomery Ave, Suite 1050N, Bethseda, MD, 20814",https://aledade.com/texas-mssp-enhanced/,Nadine Robin,nrobin@aledade.com,(202) 802-3797,Nadine Robin,nrobin@aledade.com,(202) 802-3797,Adam Barker,Brenda Vozza,1
A5361,EAST TEXAS FAMILY MEDICINE PA,Aledade 158 TX MSSP Enhanced,TX,2,01/01/2024,01/01/2025,0,0,,1,0,1,0,0,0,0,0,0,1,"4550 Montgomery Ave, Suite 1050N, Bethseda, MD, 20814",https://aledade.com/texas-mssp-enhanced/,Nadine Robin,nrobin@aledade.com,(202) 802-3797,Nadine Robin,nrobin@aledade.com,(202) 802-3797,Adam Barker,Brenda Vozza,1
A5361,EPIPHANY MEDICAL SERVICES PA,Aledade 158 TX MSSP Enhanced,TX,2,01/01/2024,01/01/2025,0,0,,1,0,1,0,0,0,0,0,0,1,"4550 Montgomery Ave, Suite 1050N, Bethseda, MD, 20814",https://aledade.com/texas-mssp-enhanced/,Nadine Robin,nrobin@aledade.com,(202) 802-3797,Nadine Robin,nrobin@aledade.com,(202) 802-3797,Adam Barker,Brenda Vozza,1
A5361,GALO A RODARTE MD PA,Aledade 158 TX MSSP Enhanced,TX,2,01/01/2024,01/01/2025,0,0,,1,0,1,0,0,0,0,0,0,1,"4550 Montgomery Ave, Suite 1050N, Bethseda, MD, 20814",https://aledade.com/texas-mssp-enhanced/,Nadine Robin,nrobin@aledade.com,(202) 802-3797,Nadine Robin,nrobin@aledade.com,(202) 802-3797,Adam Barker,Brenda Vozza,1
A5361,"GUADALUPE FAMILY HEALTH, PA",Aledade 158 TX MSSP Enhanced,TX,2,01/01/2024,01/01/2025,0,0,,1,0,1,0,0,0,0,0,0,1,"4550 Montgomery Ave, Suite 1050N, Bethseda, MD, 20814",https://aledade.com/texas-mssp-enhanced/,Nadine Robin,nrobin@aledade.com,(202) 802-3797,Nadine Robin,nrobin@aledade.com,(202) 802-3797,Adam Barker,Brenda Vozza,1
A5361,"HONG-I SHEN, M.D., P.A.",Aledade 158 TX MSSP Enhanced,TX,2,01/01/2024,01/01/2025,0,0,,1,0,1,0,0,0,0,0,0,1,"4550 Montgomery Ave, Suite 1050N, Bethseda, MD, 20814",https://aledade.com/texas-mssp-enhanced/,Nadine Robin,nrobin@aledade.com,(202) 802-3797,Nadine Robin,nrobin@aledade.com,(202) 802-3797,Adam Barker,Brenda Vozza,1
A5361,JAY L GRUHLKEY MD PA,Aledade 158 TX MSSP Enhanced,TX,2,01/01/2024,01/01/2025,0,0,,1,0,1,0,0,0,0,0,0,1,"4550 Montgomery Ave, Suite 1050N, Bethseda, MD, 20814",https://aledade.com/texas-mssp-enhanced/,Nadine Robin,nrobin@aledade.com,(202) 802-3797,Nadine Robin,nrobin@aledade.com,(202) 802-3797,Adam Barker,Brenda Vozza,1
A5361,"JUAREZ & JUAREZ FAMILY MEDICAL CLINIC, INC.",Aledade 158 TX MSSP Enhanced,TX,2,01/01/2024,01/01/2025,0,0,,1,0,1,0,0,0,0,0,0,1,"4550 Montgomery Ave, Suite 1050N, Bethseda, MD, 20814",https://aledade.com/texas-mssp-enhanced/,Nadine Robin,nrobin@aledade.com,(202) 802-3797,Nadine Robin,nrobin@aledade.com,(202) 802-3797,Adam Barker,Brenda Vozza,1
A5361,"LEON SPRINGS FAMILY PRACTICE, PA",Aledade 158 TX MSSP Enhanced,TX,2,01/01/2024,01/01/2025,0,0,,1,0,1,0,0,0,0,0,0,1,"4550 Montgomery Ave, Suite 1050N, Bethseda, MD, 20814",https://aledade.com/texas-mssp-enhanced/,Nadine Robin,nrobin@aledade.com,(202) 802-3797,Nadine Robin,nrobin@aledade.com,(202) 802-3797,Adam Barker,Brenda Vozza,1
A5361,LINDA I ESQUIVEL MD PA,Aledade 158 TX MSSP Enhanced,TX,2,01/01/2024,01/01/2025,0,0,,1,0,1,0,0,0,0,0,0,1,"4550 Montgomery Ave, Suite 1050N, Bethseda, MD, 20814",https://aledade.com/texas-mssp-enhanced/,Nadine Robin,nrobin@aledade.com,(202) 802-3797,Nadine Robin,nrobin@aledade.com,(202) 802-3797,Adam Barker,Brenda Vozza,1
A5361,"LLOYD P VAN WINKLE, MD, PA",Aledade 158 TX MSSP Enhanced,TX,2,01/01/2024,01/01/2025,0,0,,1,0,1,0,0,0,0,0,0,1,"4550 Montgomery Ave, Suite 1050N, Bethseda, MD, 20814",https://aledade.com/texas-mssp-enhanced/,Nadine Robin,nrobin@aledade.com,(202) 802-3797,Nadine Robin,nrobin@aledade.com,(202) 802-3797,Adam Barker,Brenda Vozza,1
A5361,LUKNER MEDICAL CLINIC PLLC,Aledade 158 TX MSSP Enhanced,TX,2,01/01/2024,01/01/2025,0,0,,1,0,1,0,0,0,0,0,0,1,"4550 Montgomery Ave, Suite 1050N, Bethseda, MD, 20814",https://aledade.com/texas-mssp-enhanced/,Nadine Robin,nrobin@aledade.com,(202) 802-3797,Nadine Robin,nrobin@aledade.com,(202) 802-3797,Adam Barker,Brenda Vozza,1
A5361,"MARK E. QUIRING, MD, PA",Aledade 158 TX MSSP Enhanced,TX,2,01/01/2024,01/01/2025,0,0,,1,0,1,0,0,0,0,0,0,1,"4550 Montgomery Ave, Suite 1050N, Bethseda, MD, 20814",https://aledade.com/texas-mssp-enhanced/,Nadine Robin,nrobin@aledade.com,(202) 802-3797,Nadine Robin,nrobin@aledade.com,(202) 802-3797,Adam Barker,Brenda Vozza,1
A5361,MERCY WELLNESS PLLC,Aledade 158 TX MSSP Enhanced,TX,2,01/01/2024,01/01/2025,0,0,,1,0,1,0,0,0,0,0,0,1,"4550 Montgomery Ave, Suite 1050N, Bethseda, MD, 20814",https://aledade.com/texas-mssp-enhanced/,Nadine Robin,nrobin@aledade.com,(202) 802-3797,Nadine Robin,nrobin@aledade.com,(202) 802-3797,Adam Barker,Brenda Vozza,1
A5361,NORTH SAN ANTONIO FAMILY MEDICINE,Aledade 158 TX MSSP Enhanced,TX,2,01/01/2024,01/01/2025,0,0,,1,0,1,0,0,0,0,0,0,1,"4550 Montgomery Ave, Suite 1050N, Bethseda, MD, 20814",https://aledade.com/texas-mssp-enhanced/,Nadine Robin,nrobin@aledade.com,(202) 802-3797,Nadine Robin,nrobin@aledade.com,(202) 802-3797,Adam Barker,Brenda Vozza,1
A5361,PRANAV BHATT MD PLLC,Aledade 158 TX MSSP Enhanced,TX,2,01/01/2024,01/01/2025,0,0,,1,0,1,0,0,0,0,0,0,1,"4550 Montgomery Ave, Suite 1050N, Bethseda, MD, 20814",https://aledade.com/texas-mssp-enhanced/,Nadine Robin,nrobin@aledade.com,(202) 802-3797,Nadine Robin,nrobin@aledade.com,(202) 802-3797,Adam Barker,Brenda Vozza,1
A5361,RAJ DALAL MD PA,Aledade 158 TX MSSP Enhanced,TX,2,01/01/2024,01/01/2025,0,0,,1,0,1,0,0,0,0,0,0,1,"4550 Montgomery Ave, Suite 1050N, Bethseda, MD, 20814",https://aledade.com/texas-mssp-enhanced/,Nadine Robin,nrobin@aledade.com,(202) 802-3797,Nadine Robin,nrobin@aledade.com,(202) 802-3797,Adam Barker,Brenda Vozza,1
A5361,REGINA K LEE MD PA,Aledade 158 TX MSSP Enhanced,TX,2,01/01/2024,01/01/2025,0,0,,1,0,1,0,0,0,0,0,0,1,"4550 Montgomery Ave, Suite 1050N, Bethseda, MD, 20814",https://aledade.com/texas-mssp-enhanced/,Nadine Robin,nrobin@aledade.com,(202) 802-3797,Nadine Robin,nrobin@aledade.com,(202) 802-3797,Adam Barker,Brenda Vozza,1
A5361,SREEMAN JAMPANA MD PLLC,Aledade 158 TX MSSP Enhanced,TX,2,01/01/2024,01/01/2025,0,0,,1,0,1,0,0,0,0,0,0,1,"4550 Montgomery Ave, Suite 1050N, Bethseda, MD, 20814",https://aledade.com/texas-mssp-enhanced/,Nadine Robin,nrobin@aledade.com,(202) 802-3797,Nadine Robin,nrobin@aledade.com,(202) 802-3797,Adam Barker,Brenda Vozza,1
A5361,SURYA LANKA,Aledade 158 TX MSSP Enhanced,TX,2,01/01/2024,01/01/2025,0,0,,1,0,1,0,0,0,0,0,0,1,"4550 Montgomery Ave, Suite 1050N, Bethseda, MD, 20814",https://aledade.com/texas-mssp-enhanced/,Nadine Robin,nrobin@aledade.com,(202) 802-3797,Nadine Robin,nrobin@aledade.com,(202) 802-3797,Adam Barker,Brenda Vozza,1
A5361,THE BRADLEY CLINIC OF TEXAS PLLC,Aledade 158 TX MSSP Enhanced,TX,2,01/01/2024,01/01/2025,0,0,,1,0,1,0,0,0,0,0,0,1,"4550 Montgomery Ave, Suite 1050N, Bethseda, MD, 20814",https://aledade.com/texas-mssp-enhanced/,Nadine Robin,nrobin@aledade.com,(202) 802-3797,Nadine Robin,nrobin@aledade.com,(202) 802-3797,Adam Barker,Brenda Vozza,1
A5361,THE CAMERON CLINIC PLLC,Aledade 158 TX MSSP Enhanced,TX,2,01/01/2024,01/01/2025,0,0,,1,0,1,0,0,0,0,0,0,1,"4550 Montgomery Ave, Suite 1050N, Bethseda, MD, 20814",https://aledade.com/texas-mssp-enhanced/,Nadine Robin,nrobin@aledade.com,(202) 802-3797,Nadine Robin,nrobin@aledade.com,(202) 802-3797,Adam Barker,Brenda Vozza,1
A5361,TOMBALL REGIONAL INTERNAL MEDICINE ASSOCIATES,Aledade 158 TX MSSP Enhanced,TX,2,01/01/2024,01/01/2025,0,0,,1,0,1,0,0,0,0,0,0,1,"4550 Montgomery Ave, Suite 1050N, Bethseda, MD, 20814",https://aledade.com/texas-mssp-enhanced/,Nadine Robin,nrobin@aledade.com,(202) 802-3797,Nadine Robin,nrobin@aledade.com,(202) 802-3797,Adam Barker,Brenda Vozza,1
A5361,VERNON CLINIC PLLC,Aledade 158 TX MSSP Enhanced,TX,2,01/01/2024,01/01/2025,0,0,,1,0,1,0,0,0,0,0,0,1,"4550 Montgomery Ave, Suite 1050N, Bethseda, MD, 20814",https://aledade.com/texas-mssp-enhanced/,Nadine Robin,nrobin@aledade.com,(202) 802-3797,Nadine Robin,nrobin@aledade.com,(202) 802-3797,Adam Barker,Brenda Vozza,1
A5361,"WELL LIFE FAMILY MEDICINE, P.A.",Aledade 158 TX MSSP Enhanced,TX,2,01/01/2024,01/01/2025,0,0,,1,0,1,0,0,0,0,0,0,1,"4550 Montgomery Ave, Suite 1050N, Bethseda, MD, 20814",https://aledade.com/texas-mssp-enhanced/,Nadine Robin,nrobin@aledade.com,(202) 802-3797,Nadine Robin,nrobin@aledade.com,(202) 802-3797,Adam Barker,Brenda Vozza,1
A5361,"WILLIAM B. SHAY, M.D., P.A.",Aledade 158 TX MSSP Enhanced,TX,2,01/01/2024,01/01/2025,0,0,,1,0,1,0,0,0,0,0,0,1,"4550 Montgomery Ave, Suite 1050N, Bethseda, MD, 20814",https://aledade.com/texas-mssp-enhanced/,Nadine Robin,nrobin@aledade.com,(202) 802-3797,Nadine Robin,nrobin@aledade.com,(202) 802-3797,Adam Barker,Brenda Vozza,1
A5361,YOLANDA MARCOS MD PA,Aledade 158 TX MSSP Enhanced,TX,2,01/01/2024,01/01/2025,0,0,,1,0,1,0,0,0,0,0,0,1,"4550 Montgomery Ave, Suite 1050N, Bethseda, MD, 20814",https://aledade.com/texas-mssp-enhanced/,Nadine Robin,nrobin@aledade.com,(202) 802-3797,Nadine Robin,nrobin@aledade.com,(202) 802-3797,Adam Barker,Brenda Vozza,1
A5363,BLAND COUNTY MEDICAL CLINIC INC,Aledade 160 VA CHC MSSP Enhanced,"VA, WV",2,01/01/2024,01/01/2025,0,0,,1,0,1,0,0,0,0,0,0,1,"4550 Montgomery Ave, Suite 1050N, Bethseda, MD, 20814",https://aledade.com/va-fqhc-2024-mssp-enhanced/,Kevin Van Dyke,kvandyke@aledade.com,(202) 803-7979,Travis Broome,travis@aledade.com,(202) 803-7979,Adam Barker,JEFFREY PEELE,1
A5363,CENTRAL VIRGINIA HEALTH SERVICES INC.,Aledade 160 VA CHC MSSP Enhanced,"VA, WV",2,01/01/2024,01/01/2025,0,0,,1,0,1,0,0,0,0,0,0,1,"4550 Montgomery Ave, Suite 1050N, Bethseda, MD, 20814",https://aledade.com/va-fqhc-2024-mssp-enhanced/,Kevin Van Dyke,kvandyke@aledade.com,(202) 803-7979,Travis Broome,travis@aledade.com,(202) 803-7979,Adam Barker,JEFFREY PEELE,1
A5363,EASTERN SHORE RURAL HEALTH SYSTEM INCORPORATED,Aledade 160 VA CHC MSSP Enhanced,"VA, WV",2,01/01/2024,01/01/2025,0,0,,1,0,1,0,0,0,0,0,0,1,"4550 Montgomery Ave, Suite 1050N, Bethseda, MD, 20814",https://aledade.com/va-fqhc-2024-mssp-enhanced/,Kevin Van Dyke,kvandyke@aledade.com,(202) 803-7979,Travis Broome,travis@aledade.com,(202) 803-7979,Adam Barker,JEFFREY PEELE,1
A5363,FREE CLINIC OF THE NEW RIVER VALLEY INC,Aledade 160 VA CHC MSSP Enhanced,"VA, WV",2,01/01/2024,01/01/2025,0,0,,1,0,1,0,0,0,0,0,0,1,"4550 Montgomery Ave, Suite 1050N, Bethseda, MD, 20814",https://aledade.com/va-fqhc-2024-mssp-enhanced/,Kevin Van Dyke,kvandyke@aledade.com,(202) 803-7979,Travis Broome,travis@aledade.com,(202) 803-7979,Adam Barker,JEFFREY PEELE,1
A5363,HARRISONBURG COMMUNITY HEALTH CENTER,Aledade 160 VA CHC MSSP Enhanced,"VA, WV",2,01/01/2024,01/01/2025,0,0,,1,0,1,0,0,0,0,0,0,1,"4550 Montgomery Ave, Suite 1050N, Bethseda, MD, 20814",https://aledade.com/va-fqhc-2024-mssp-enhanced/,Kevin Van Dyke,kvandyke@aledade.com,(202) 803-7979,Travis Broome,travis@aledade.com,(202) 803-7979,Adam Barker,JEFFREY PEELE,1
A5363,JOHNSON HEALTH CENTER,Aledade 160 VA CHC MSSP Enhanced,"VA, WV",2,01/01/2024,01/01/2025,0,0,,1,0,1,0,0,0,0,0,0,1,"4550 Montgomery Ave, Suite 1050N, Bethseda, MD, 20814",https://aledade.com/va-fqhc-2024-mssp-enhanced/,Kevin Van Dyke,kvandyke@aledade.com,(202) 803-7979,Travis Broome,travis@aledade.com,(202) 803-7979,Adam Barker,JEFFREY PEELE,1
A5363,MARTINSVILLE HENRY COUNTY COALITION FOR HEALTH AND WELLNESS,Aledade 160 VA CHC MSSP Enhanced,"VA, WV",2,01/01/2024,01/01/2025,0,0,,1,0,1,0,0,0,0,0,0,1,"4550 Montgomery Ave, Suite 1050N, Bethseda, MD, 20814",https://aledade.com/va-fqhc-2024-mssp-enhanced/,Kevin Van Dyke,kvandyke@aledade.com,(202) 803-7979,Travis Broome,travis@aledade.com,(202) 803-7979,Adam Barker,JEFFREY PEELE,1
A5363,PATRICK COUNTY FAMILY PRACTICE PC,Aledade 160 VA CHC MSSP Enhanced,"VA, WV",2,01/01/2024,01/01/2025,0,0,,1,0,1,0,0,0,0,0,0,1,"4550 Montgomery Ave, Suite 1050N, Bethseda, MD, 20814",https://aledade.com/va-fqhc-2024-mssp-enhanced/,Kevin Van Dyke,kvandyke@aledade.com,(202) 803-7979,Travis Broome,travis@aledade.com,(202) 803-7979,Adam Barker,JEFFREY PEELE,1
A5363,PENINSULA INSTITUTE FOR COMMUNITY HEALTH INC,Aledade 160 VA CHC MSSP Enhanced,"VA, WV",2,01/01/2024,01/01/2025,0,0,,1,0,1,0,0,0,0,0,0,1,"4550 Montgomery Ave, Suite 1050N, Bethseda, MD, 20814",https://aledade.com/va-fqhc-2024-mssp-enhanced/,Kevin Van Dyke,kvandyke@aledade.com,(202) 803-7979,Travis Broome,travis@aledade.com,(202) 803-7979,Adam Barker,JEFFREY PEELE,1
A5363,PORTSMOUTH COMMUNITY HEALTH CENTER INC,Aledade 160 VA CHC MSSP Enhanced,"VA, WV",2,01/01/2024,01/01/2025,0,0,,1,0,1,0,0,0,0,0,0,1,"4550 Montgomery Ave, Suite 1050N, Bethseda, MD, 20814",https://aledade.com/va-fqhc-2024-mssp-enhanced/,Kevin Van Dyke,kvandyke@aledade.com,(202) 803-7979,Travis Broome,travis@aledade.com,(202) 803-7979,Adam Barker,JEFFREY PEELE,1
A5363,ROCKBRIDGE AREA FREE CLINIC,Aledade 160 VA CHC MSSP Enhanced,"VA, WV",2,01/01/2024,01/01/2025,0,0,,1,0,1,0,0,0,0,0,0,1,"4550 Montgomery Ave, Suite 1050N, Bethseda, MD, 20814",https://aledade.com/va-fqhc-2024-mssp-enhanced/,Kevin Van Dyke,kvandyke@aledade.com,(202) 803-7979,Travis Broome,travis@aledade.com,(202) 803-7979,Adam Barker,JEFFREY PEELE,1
A5363,SOUTHWEST VIRGINIA COMMUNITY HEALTH SYSTEMS INCORPORATED,Aledade 160 VA CHC MSSP Enhanced,"VA, WV",2,01/01/2024,01/01/2025,0,0,,1,0,1,0,0,0,0,0,0,1,"4550 Montgomery Ave, Suite 1050N, Bethseda, MD, 20814",https://aledade.com/va-fqhc-2024-mssp-enhanced/,Kevin Van Dyke,kvandyke@aledade.com,(202) 803-7979,Travis Broome,travis@aledade.com,(202) 803-7979,Adam Barker,JEFFREY PEELE,1
A5363,ST. CHARLES HEALTH COUNCIL INC,Aledade 160 VA CHC MSSP Enhanced,"VA, WV",2,01/01/2024,01/01/2025,0,0,,1,0,1,0,0,0,0,0,0,1,"4550 Montgomery Ave, Suite 1050N, Bethseda, MD, 20814",https://aledade.com/va-fqhc-2024-mssp-enhanced/,Kevin Van Dyke,kvandyke@aledade.com,(202) 803-7979,Travis Broome,travis@aledade.com,(202) 803-7979,Adam Barker,JEFFREY PEELE,1
A5363,TRI AREA COMMUNITY HEALTH,Aledade 160 VA CHC MSSP Enhanced,"VA, WV",2,01/01/2024,01/01/2025,0,0,,1,0,1,0,0,0,0,0,0,1,"4550 Montgomery Ave, Suite 1050N, Bethseda, MD, 20814",https://aledade.com/va-fqhc-2024-mssp-enhanced/,Kevin Van Dyke,kvandyke@aledade.com,(202) 803-7979,Travis Broome,travis@aledade.com,(202) 803-7979,Adam Barker,JEFFREY PEELE,1
A5363,VERNON J HARRIS EAST END COMMUNITY HEALTH CENTER,Aledade 160 VA CHC MSSP Enhanced,"VA, WV",2,01/01/2024,01/01/2025,0,0,,1,0,1,0,0,0,0,0,0,1,"4550 Montgomery Ave, Suite 1050N, Bethseda, MD, 20814",https://aledade.com/va-fqhc-2024-mssp-enhanced/,Kevin Van Dyke,kvandyke@aledade.com,(202) 803-7979,Travis Broome,travis@aledade.com,(202) 803-7979,Adam Barker,JEFFREY PEELE,1
A5364,ADVOCARE LLC,Aledade 196 Advocare Collaborative Health MSSP,"NJ, PA",2,01/01/2024,01/01/2025,0,0,,1,0,1,0,0,0,0,0,0,1,"4550 Montgomery Ave, Suite 1050N, Bethesda, MD, 20814",https://aledade.com/pa-nj-advocare-mssp-2024-enhanced/,Jeffrey Mandel,jmandel@aledade.com,(202) 803-7979,Travis Broome,travis@aledade.com,(202) 803-7979,Adam Barker,Mohammad Abdeljawad,1
A5522,ALDO CICCOTELLI M.D.P.C.,Aledade 201 National MSSP,"CA, CO, FL, GA, KS, MO, NC, NE, NH, NJ, NY, OH, PA, SC, TX, VA, VT",1,01/01/2025,01/01/2025,0,1,E,0,0,1,0,0,0,0,0,0,1,"4550 Montgomery Ave, Suite 1050N, Bethesda, MD, 20814",https://aledade.com/aledade-201-National-MSSP,Victoria Njoku-Anokam,vnjokuanokam@aledade.com,(202) 803-7979,Victoria Njoku-Anokam,vnjokuanokam@aledade.com,(202) 803-7979,Adam Barker,Margaret Coughlan,1
A5522,ALFONSO I GONZALEZ MD PA,Aledade 201 National MSSP,"CA, CO, FL, GA, KS, MO, NC, NE, NH, NJ, NY, OH, PA, SC, TX, VA, VT",1,01/01/2025,01/01/2025,0,1,E,0,0,1,0,0,0,0,0,0,1,"4550 Montgomery Ave, Suite 1050N, Bethesda, MD, 20814",https://aledade.com/aledade-201-National-MSSP,Victoria Njoku-Anokam,vnjokuanokam@aledade.com,(202) 803-7979,Victoria Njoku-Anokam,vnjokuanokam@aledade.com,(202) 803-7979,Adam Barker,Margaret Coughlan,1
A5522,ALI SHEYBANI MEDICAL INC,Aledade 201 National MSSP,"CA, CO, FL, GA, KS, MO, NC, NE, NH, NJ, NY, OH, PA, SC, TX, VA, VT",1,01/01/2025,01/01/2025,0,1,E,0,0,1,0,0,0,0,0,0,1,"4550 Montgomery Ave, Suite 1050N, Bethesda, MD, 20814",https://aledade.com/aledade-201-National-MSSP,Victoria Njoku-Anokam,vnjokuanokam@aledade.com,(202) 803-7979,Victoria Njoku-Anokam,vnjokuanokam@aledade.com,(202) 803-7979,Adam Barker,Margaret Coughlan,1
A5522,"Allison H. Steinmetz MD, INC",Aledade 201 National MSSP,"CA, CO, FL, GA, KS, MO, NC, NE, NH, NJ, NY, OH, PA, SC, TX, VA, VT",1,01/01/2025,01/01/2025,0,1,E,0,0,1,0,0,0,0,0,0,1,"4550 Montgomery Ave, Suite 1050N, Bethesda, MD, 20814",https://aledade.com/aledade-201-National-MSSP,Victoria Njoku-Anokam,vnjokuanokam@aledade.com,(202) 803-7979,Victoria Njoku-Anokam,vnjokuanokam@aledade.com,(202) 803-7979,Adam Barker,Margaret Coughlan,1
A5522,"ALTITUDE FAMILY & INTERNAL MEDICINE, LLC",Aledade 201 National MSSP,"CA, CO, FL, GA, KS, MO, NC, NE, NH, NJ, NY, OH, PA, SC, TX, VA, VT",1,01/01/2025,01/01/2025,0,1,E,0,0,1,0,0,0,0,0,0,1,"4550 Montgomery Ave, Suite 1050N, Bethesda, MD, 20814",https://aledade.com/aledade-201-National-MSSP,Victoria Njoku-Anokam,vnjokuanokam@aledade.com,(202) 803-7979,Victoria Njoku-Anokam,vnjokuanokam@aledade.com,(202) 803-7979,Adam Barker,Margaret Coughlan,1
A5522,AMA MEDICAL GROUP LLC,Aledade 201 National MSSP,"CA, CO, FL, GA, KS, MO, NC, NE, NH, NJ, NY, OH, PA, SC, TX, VA, VT",1,01/01/2025,01/01/2025,0,1,E,0,0,1,0,0,0,0,0,0,1,"4550 Montgomery Ave, Suite 1050N, Bethesda, MD, 20814",https://aledade.com/aledade-201-National-MSSP,Victoria Njoku-Anokam,vnjokuanokam@aledade.com,(202) 803-7979,Victoria Njoku-Anokam,vnjokuanokam@aledade.com,(202) 803-7979,Adam Barker,Margaret Coughlan,1
A5522,"ANAND & ANAND M.D., LLP",Aledade 201 National MSSP,"CA, CO, FL, GA, KS, MO, NC, NE, NH, NJ, NY, OH, PA, SC, TX, VA, VT",1,01/01/2025,01/01/2025,0,1,E,0,0,1,0,0,0,0,0,0,1,"4550 Montgomery Ave, Suite 1050N, Bethesda, MD, 20814",https://aledade.com/aledade-201-National-MSSP,Victoria Njoku-Anokam,vnjokuanokam@aledade.com,(202) 803-7979,Victoria Njoku-Anokam,vnjokuanokam@aledade.com,(202) 803-7979,Adam Barker,Margaret Coughlan,1
A5522,ANDROSCOGGIN VALLEY HOSPITAL INC,Aledade 201 National MSSP,"CA, CO, FL, GA, KS, MO, NC, NE, NH, NJ, NY, OH, PA, SC, TX, VA, VT",1,01/01/2025,01/01/2025,0,1,E,0,0,1,0,0,0,0,0,0,1,"4550 Montgomery Ave, Suite 1050N, Bethesda, MD, 20814",https://aledade.com/aledade-201-National-MSSP,Victoria Njoku-Anokam,vnjokuanokam@aledade.com,(202) 803-7979,Victoria Njoku-Anokam,vnjokuanokam@aledade.com,(202) 803-7979,Adam Barker,Margaret Coughlan,1
A5522,ANIBAL AVILA MD PROFESSIONAL CORPORATION PC,Aledade 201 National MSSP,"CA, CO, FL, GA, KS, MO, NC, NE, NH, NJ, NY, OH, PA, SC, TX, VA, VT",1,01/01/2025,01/01/2025,0,1,E,0,0,1,0,0,0,0,0,0,1,"4550 Montgomery Ave, Suite 1050N, Bethesda, MD, 20814",https://aledade.com/aledade-201-National-MSSP,Victoria Njoku-Anokam,vnjokuanokam@aledade.com,(202) 803-7979,Victoria Njoku-Anokam,vnjokuanokam@aledade.com,(202) 803-7979,Adam Barker,Margaret Coughlan,1
A5522,ARTHUR INOSHITA,Aledade 201 National MSSP,"CA, CO, FL, GA, KS, MO, NC, NE, NH, NJ, NY, OH, PA, SC, TX, VA, VT",1,01/01/2025,01/01/2025,0,1,E,0,0,1,0,0,0,0,0,0,1,"4550 Montgomery Ave, Suite 1050N, Bethesda, MD, 20814",https://aledade.com/aledade-201-National-MSSP,Victoria Njoku-Anokam,vnjokuanokam@aledade.com,(202) 803-7979,Victoria Njoku-Anokam,vnjokuanokam@aledade.com,(202) 803-7979,Adam Barker,Margaret Coughlan,1
A5522,ASHLAND FAMILY CARE,Aledade 201 National MSSP,"CA, CO, FL, GA, KS, MO, NC, NE, NH, NJ, NY, OH, PA, SC, TX, VA, VT",1,01/01/2025,01/01/2025,0,1,E,0,0,1,0,0,0,0,0,0,1,"4550 Montgomery Ave, Suite 1050N, Bethesda, MD, 20814",https://aledade.com/aledade-201-National-MSSP,Victoria Njoku-Anokam,vnjokuanokam@aledade.com,(202) 803-7979,Victoria Njoku-Anokam,vnjokuanokam@aledade.com,(202) 803-7979,Adam Barker,Margaret Coughlan,1
A5522,ATREUS LLC,Aledade 201 National MSSP,"CA, CO, FL, GA, KS, MO, NC, NE, NH, NJ, NY, OH, PA, SC, TX, VA, VT",1,01/01/2025,01/01/2025,0,1,E,0,0,1,0,0,0,0,0,0,1,"4550 Montgomery Ave, Suite 1050N, Bethesda, MD, 20814",https://aledade.com/aledade-201-National-MSSP,Victoria Njoku-Anokam,vnjokuanokam@aledade.com,(202) 803-7979,Victoria Njoku-Anokam,vnjokuanokam@aledade.com,(202) 803-7979,Adam Barker,Margaret Coughlan,1
A5522,AULT MCINNIS PLLC,Aledade 201 National MSSP,"CA, CO, FL, GA, KS, MO, NC, NE, NH, NJ, NY, OH, PA, SC, TX, VA, VT",1,01/01/2025,01/01/2025,0,1,E,0,0,1,0,0,0,0,0,0,1,"4550 Montgomery Ave, Suite 1050N, Bethesda, MD, 20814",https://aledade.com/aledade-201-National-MSSP,Victoria Njoku-Anokam,vnjokuanokam@aledade.com,(202) 803-7979,Victoria Njoku-Anokam,vnjokuanokam@aledade.com,(202) 803-7979,Adam Barker,Margaret Coughlan,1
A5522,BLACK RIVER HEALTH SERVICES INC,Aledade 201 National MSSP,"CA, CO, FL, GA, KS, MO, NC, NE, NH, NJ, NY, OH, PA, SC, TX, VA, VT",1,01/01/2025,01/01/2025,0,1,E,0,0,1,0,0,0,0,0,0,1,"4550 Montgomery Ave, Suite 1050N, Bethesda, MD, 20814",https://aledade.com/aledade-201-National-MSSP,Victoria Njoku-Anokam,vnjokuanokam@aledade.com,(202) 803-7979,Victoria Njoku-Anokam,vnjokuanokam@aledade.com,(202) 803-7979,Adam Barker,Margaret Coughlan,1
A5522,CARDINAL INTERNAL MEDICINE ASSOCIATES,Aledade 201 National MSSP,"CA, CO, FL, GA, KS, MO, NC, NE, NH, NJ, NY, OH, PA, SC, TX, VA, VT",1,01/01/2025,01/01/2025,0,1,E,0,0,1,0,0,0,0,0,0,1,"4550 Montgomery Ave, Suite 1050N, Bethesda, MD, 20814",https://aledade.com/aledade-201-National-MSSP,Victoria Njoku-Anokam,vnjokuanokam@aledade.com,(202) 803-7979,Victoria Njoku-Anokam,vnjokuanokam@aledade.com,(202) 803-7979,Adam Barker,Margaret Coughlan,1
A5522,CARE TEAM HOSPITALISTS LLC,Aledade 201 National MSSP,"CA, CO, FL, GA, KS, MO, NC, NE, NH, NJ, NY, OH, PA, SC, TX, VA, VT",1,01/01/2025,01/01/2025,0,1,E,0,0,1,0,0,0,0,0,0,1,"4550 Montgomery Ave, Suite 1050N, Bethesda, MD, 20814",https://aledade.com/aledade-201-National-MSSP,Victoria Njoku-Anokam,vnjokuanokam@aledade.com,(202) 803-7979,Victoria Njoku-Anokam,vnjokuanokam@aledade.com,(202) 803-7979,Adam Barker,Margaret Coughlan,1
A5522,CHESTER MEDICAL ASSOCIATES A PROFESSIONAL ASSOCIATION,Aledade 201 National MSSP,"CA, CO, FL, GA, KS, MO, NC, NE, NH, NJ, NY, OH, PA, SC, TX, VA, VT",1,01/01/2025,01/01/2025,0,1,E,0,0,1,0,0,0,0,0,0,1,"4550 Montgomery Ave, Suite 1050N, Bethesda, MD, 20814",https://aledade.com/aledade-201-National-MSSP,Victoria Njoku-Anokam,vnjokuanokam@aledade.com,(202) 803-7979,Victoria Njoku-Anokam,vnjokuanokam@aledade.com,(202) 803-7979,Adam Barker,Margaret Coughlan,1
A5522,"CLINIC OF GADSDEN, PC",Aledade 201 National MSSP,"CA, CO, FL, GA, KS, MO, NC, NE, NH, NJ, NY, OH, PA, SC, TX, VA, VT",1,01/01/2025,01/01/2025,0,1,E,0,0,1,0,0,0,0,0,0,1,"4550 Montgomery Ave, Suite 1050N, Bethesda, MD, 20814",https://aledade.com/aledade-201-National-MSSP,Victoria Njoku-Anokam,vnjokuanokam@aledade.com,(202) 803-7979,Victoria Njoku-Anokam,vnjokuanokam@aledade.com,(202) 803-7979,Adam Barker,Margaret Coughlan,1
A5522,COOS COUNTY FAMILY HEALTH SERVICES INC,Aledade 201 National MSSP,"CA, CO, FL, GA, KS, MO, NC, NE, NH, NJ, NY, OH, PA, SC, TX, VA, VT",1,01/01/2025,01/01/2025,0,1,E,0,0,1,0,0,0,0,0,0,1,"4550 Montgomery Ave, Suite 1050N, Bethesda, MD, 20814",https://aledade.com/aledade-201-National-MSSP,Victoria Njoku-Anokam,vnjokuanokam@aledade.com,(202) 803-7979,Victoria Njoku-Anokam,vnjokuanokam@aledade.com,(202) 803-7979,Adam Barker,Margaret Coughlan,1
A5522,"CREEKSIDE FAMILY MEDICINE, LLC",Aledade 201 National MSSP,"CA, CO, FL, GA, KS, MO, NC, NE, NH, NJ, NY, OH, PA, SC, TX, VA, VT",1,01/01/2025,01/01/2025,0,1,E,0,0,1,0,0,0,0,0,0,1,"4550 Montgomery Ave, Suite 1050N, Bethesda, MD, 20814",https://aledade.com/aledade-201-National-MSSP,Victoria Njoku-Anokam,vnjokuanokam@aledade.com,(202) 803-7979,Victoria Njoku-Anokam,vnjokuanokam@aledade.com,(202) 803-7979,Adam Barker,Margaret Coughlan,1
A5522,CREWE MEDICAL CENTER INC,Aledade 201 National MSSP,"CA, CO, FL, GA, KS, MO, NC, NE, NH, NJ, NY, OH, PA, SC, TX, VA, VT",1,01/01/2025,01/01/2025,0,1,E,0,0,1,0,0,0,0,0,0,1,"4550 Montgomery Ave, Suite 1050N, Bethesda, MD, 20814",https://aledade.com/aledade-201-National-MSSP,Victoria Njoku-Anokam,vnjokuanokam@aledade.com,(202) 803-7979,Victoria Njoku-Anokam,vnjokuanokam@aledade.com,(202) 803-7979,Adam Barker,Margaret Coughlan,1
A5522,DAVID JAMESON,Aledade 201 National MSSP,"CA, CO, FL, GA, KS, MO, NC, NE, NH, NJ, NY, OH, PA, SC, TX, VA, VT",1,01/01/2025,01/01/2025,0,1,E,0,0,1,0,0,0,0,0,0,1,"4550 Montgomery Ave, Suite 1050N, Bethesda, MD, 20814",https://aledade.com/aledade-201-National-MSSP,Victoria Njoku-Anokam,vnjokuanokam@aledade.com,(202) 803-7979,Victoria Njoku-Anokam,vnjokuanokam@aledade.com,(202) 803-7979,Adam Barker,Margaret Coughlan,1
A5522,DEDICATED DOCTORS PC,Aledade 201 National MSSP,"CA, CO, FL, GA, KS, MO, NC, NE, NH, NJ, NY, OH, PA, SC, TX, VA, VT",1,01/01/2025,01/01/2025,0,1,E,0,0,1,0,0,0,0,0,0,1,"4550 Montgomery Ave, Suite 1050N, Bethesda, MD, 20814",https://aledade.com/aledade-201-National-MSSP,Victoria Njoku-Anokam,vnjokuanokam@aledade.com,(202) 803-7979,Victoria Njoku-Anokam,vnjokuanokam@aledade.com,(202) 803-7979,Adam Barker,Margaret Coughlan,1
A5522,"DOWNTOWN PRIMARY CARE, LLC",Aledade 201 National MSSP,"CA, CO, FL, GA, KS, MO, NC, NE, NH, NJ, NY, OH, PA, SC, TX, VA, VT",1,01/01/2025,01/01/2025,0,1,E,0,0,1,0,0,0,0,0,0,1,"4550 Montgomery Ave, Suite 1050N, Bethesda, MD, 20814",https://aledade.com/aledade-201-National-MSSP,Victoria Njoku-Anokam,vnjokuanokam@aledade.com,(202) 803-7979,Victoria Njoku-Anokam,vnjokuanokam@aledade.com,(202) 803-7979,Adam Barker,Margaret Coughlan,1
A5522,"DR. JASON R LANEY, PC",Aledade 201 National MSSP,"CA, CO, FL, GA, KS, MO, NC, NE, NH, NJ, NY, OH, PA, SC, TX, VA, VT",1,01/01/2025,01/01/2025,0,1,E,0,0,1,0,0,0,0,0,0,1,"4550 Montgomery Ave, Suite 1050N, Bethesda, MD, 20814",https://aledade.com/aledade-201-National-MSSP,Victoria Njoku-Anokam,vnjokuanokam@aledade.com,(202) 803-7979,Victoria Njoku-Anokam,vnjokuanokam@aledade.com,(202) 803-7979,Adam Barker,Margaret Coughlan,1
A5522,EASY CARE URGENT CARE,Aledade 201 National MSSP,"CA, CO, FL, GA, KS, MO, NC, NE, NH, NJ, NY, OH, PA, SC, TX, VA, VT",1,01/01/2025,01/01/2025,0,1,E,0,0,1,0,0,0,0,0,0,1,"4550 Montgomery Ave, Suite 1050N, Bethesda, MD, 20814",https://aledade.com/aledade-201-National-MSSP,Victoria Njoku-Anokam,vnjokuanokam@aledade.com,(202) 803-7979,Victoria Njoku-Anokam,vnjokuanokam@aledade.com,(202) 803-7979,Adam Barker,Margaret Coughlan,1
A5522,EDWARD BUSH,Aledade 201 National MSSP,"CA, CO, FL, GA, KS, MO, NC, NE, NH, NJ, NY, OH, PA, SC, TX, VA, VT",1,01/01/2025,01/01/2025,0,1,E,0,0,1,0,0,0,0,0,0,1,"4550 Montgomery Ave, Suite 1050N, Bethesda, MD, 20814",https://aledade.com/aledade-201-National-MSSP,Victoria Njoku-Anokam,vnjokuanokam@aledade.com,(202) 803-7979,Victoria Njoku-Anokam,vnjokuanokam@aledade.com,(202) 803-7979,Adam Barker,Margaret Coughlan,1
A5522,ELON HEALTH PRIMARY CARE LLC,Aledade 201 National MSSP,"CA, CO, FL, GA, KS, MO, NC, NE, NH, NJ, NY, OH, PA, SC, TX, VA, VT",1,01/01/2025,01/01/2025,0,1,E,0,0,1,0,0,0,0,0,0,1,"4550 Montgomery Ave, Suite 1050N, Bethesda, MD, 20814",https://aledade.com/aledade-201-National-MSSP,Victoria Njoku-Anokam,vnjokuanokam@aledade.com,(202) 803-7979,Victoria Njoku-Anokam,vnjokuanokam@aledade.com,(202) 803-7979,Adam Barker,Margaret Coughlan,1
A5522,FAMILY CARE ASSOCIATES P A,Aledade 201 National MSSP,"CA, CO, FL, GA, KS, MO, NC, NE, NH, NJ, NY, OH, PA, SC, TX, VA, VT",1,01/01/2025,01/01/2025,0,1,E,0,0,1,0,0,0,0,0,0,1,"4550 Montgomery Ave, Suite 1050N, Bethesda, MD, 20814",https://aledade.com/aledade-201-National-MSSP,Victoria Njoku-Anokam,vnjokuanokam@aledade.com,(202) 803-7979,Victoria Njoku-Anokam,vnjokuanokam@aledade.com,(202) 803-7979,Adam Barker,Margaret Coughlan,1
A5522,Farhan family medicine PLLC,Aledade 201 National MSSP,"CA, CO, FL, GA, KS, MO, NC, NE, NH, NJ, NY, OH, PA, SC, TX, VA, VT",1,01/01/2025,01/01/2025,0,1,E,0,0,1,0,0,0,0,0,0,1,"4550 Montgomery Ave, Suite 1050N, Bethesda, MD, 20814",https://aledade.com/aledade-201-National-MSSP,Victoria Njoku-Anokam,vnjokuanokam@aledade.com,(202) 803-7979,Victoria Njoku-Anokam,vnjokuanokam@aledade.com,(202) 803-7979,Adam Barker,Margaret Coughlan,1
A5522,FRANCONIA FAMILY MEDICINE PC,Aledade 201 National MSSP,"CA, CO, FL, GA, KS, MO, NC, NE, NH, NJ, NY, OH, PA, SC, TX, VA, VT",1,01/01/2025,01/01/2025,0,1,E,0,0,1,0,0,0,0,0,0,1,"4550 Montgomery Ave, Suite 1050N, Bethesda, MD, 20814",https://aledade.com/aledade-201-National-MSSP,Victoria Njoku-Anokam,vnjokuanokam@aledade.com,(202) 803-7979,Victoria Njoku-Anokam,vnjokuanokam@aledade.com,(202) 803-7979,Adam Barker,Margaret Coughlan,1
A5522,"FREEMAN MEDICAL GROUP, LLC",Aledade 201 National MSSP,"CA, CO, FL, GA, KS, MO, NC, NE, NH, NJ, NY, OH, PA, SC, TX, VA, VT",1,01/01/2025,01/01/2025,0,1,E,0,0,1,0,0,0,0,0,0,1,"4550 Montgomery Ave, Suite 1050N, Bethesda, MD, 20814",https://aledade.com/aledade-201-National-MSSP,Victoria Njoku-Anokam,vnjokuanokam@aledade.com,(202) 803-7979,Victoria Njoku-Anokam,vnjokuanokam@aledade.com,(202) 803-7979,Adam Barker,Margaret Coughlan,1
A5522,HERITAGE HILLS FAMILY MEDICINE PC,Aledade 201 National MSSP,"CA, CO, FL, GA, KS, MO, NC, NE, NH, NJ, NY, OH, PA, SC, TX, VA, VT",1,01/01/2025,01/01/2025,0,1,E,0,0,1,0,0,0,0,0,0,1,"4550 Montgomery Ave, Suite 1050N, Bethesda, MD, 20814",https://aledade.com/aledade-201-National-MSSP,Victoria Njoku-Anokam,vnjokuanokam@aledade.com,(202) 803-7979,Victoria Njoku-Anokam,vnjokuanokam@aledade.com,(202) 803-7979,Adam Barker,Margaret Coughlan,1
A5522,IN CHRIST ALONE PLLC,Aledade 201 National MSSP,"CA, CO, FL, GA, KS, MO, NC, NE, NH, NJ, NY, OH, PA, SC, TX, VA, VT",1,01/01/2025,01/01/2025,0,1,E,0,0,1,0,0,0,0,0,0,1,"4550 Montgomery Ave, Suite 1050N, Bethesda, MD, 20814",https://aledade.com/aledade-201-National-MSSP,Victoria Njoku-Anokam,vnjokuanokam@aledade.com,(202) 803-7979,Victoria Njoku-Anokam,vnjokuanokam@aledade.com,(202) 803-7979,Adam Barker,Margaret Coughlan,1
A5522,INTERNAL MEDICINE ASSOCIATES OF SOMERSET,Aledade 201 National MSSP,"CA, CO, FL, GA, KS, MO, NC, NE, NH, NJ, NY, OH, PA, SC, TX, VA, VT",1,01/01/2025,01/01/2025,0,1,E,0,0,1,0,0,0,0,0,0,1,"4550 Montgomery Ave, Suite 1050N, Bethesda, MD, 20814",https://aledade.com/aledade-201-National-MSSP,Victoria Njoku-Anokam,vnjokuanokam@aledade.com,(202) 803-7979,Victoria Njoku-Anokam,vnjokuanokam@aledade.com,(202) 803-7979,Adam Barker,Margaret Coughlan,1
A5522,INTERNAL MEDICINE OF THE WABASH VALLEY PC,Aledade 201 National MSSP,"CA, CO, FL, GA, KS, MO, NC, NE, NH, NJ, NY, OH, PA, SC, TX, VA, VT",1,01/01/2025,01/01/2025,0,1,E,0,0,1,0,0,0,0,0,0,1,"4550 Montgomery Ave, Suite 1050N, Bethesda, MD, 20814",https://aledade.com/aledade-201-National-MSSP,Victoria Njoku-Anokam,vnjokuanokam@aledade.com,(202) 803-7979,Victoria Njoku-Anokam,vnjokuanokam@aledade.com,(202) 803-7979,Adam Barker,Margaret Coughlan,1
A5522,"INTERNAL MEDICINE,GERIATRICS AND ONCOLOGY GROUP, P.C.",Aledade 201 National MSSP,"CA, CO, FL, GA, KS, MO, NC, NE, NH, NJ, NY, OH, PA, SC, TX, VA, VT",1,01/01/2025,01/01/2025,0,1,E,0,0,1,0,0,0,0,0,0,1,"4550 Montgomery Ave, Suite 1050N, Bethesda, MD, 20814",https://aledade.com/aledade-201-National-MSSP,Victoria Njoku-Anokam,vnjokuanokam@aledade.com,(202) 803-7979,Victoria Njoku-Anokam,vnjokuanokam@aledade.com,(202) 803-7979,Adam Barker,Margaret Coughlan,1
A5522,ISLAND FAMILY HEALTH LLC,Aledade 201 National MSSP,"CA, CO, FL, GA, KS, MO, NC, NE, NH, NJ, NY, OH, PA, SC, TX, VA, VT",1,01/01/2025,01/01/2025,0,1,E,0,0,1,0,0,0,0,0,0,1,"4550 Montgomery Ave, Suite 1050N, Bethesda, MD, 20814",https://aledade.com/aledade-201-National-MSSP,Victoria Njoku-Anokam,vnjokuanokam@aledade.com,(202) 803-7979,Victoria Njoku-Anokam,vnjokuanokam@aledade.com,(202) 803-7979,Adam Barker,Margaret Coughlan,1
A5522,J HUGHES,Aledade 201 National MSSP,"CA, CO, FL, GA, KS, MO, NC, NE, NH, NJ, NY, OH, PA, SC, TX, VA, VT",1,01/01/2025,01/01/2025,0,1,E,0,0,1,0,0,0,0,0,0,1,"4550 Montgomery Ave, Suite 1050N, Bethesda, MD, 20814",https://aledade.com/aledade-201-National-MSSP,Victoria Njoku-Anokam,vnjokuanokam@aledade.com,(202) 803-7979,Victoria Njoku-Anokam,vnjokuanokam@aledade.com,(202) 803-7979,Adam Barker,Margaret Coughlan,1
A5522,J TRAN FAMILY CARE INC,Aledade 201 National MSSP,"CA, CO, FL, GA, KS, MO, NC, NE, NH, NJ, NY, OH, PA, SC, TX, VA, VT",1,01/01/2025,01/01/2025,0,1,E,0,0,1,0,0,0,0,0,0,1,"4550 Montgomery Ave, Suite 1050N, Bethesda, MD, 20814",https://aledade.com/aledade-201-National-MSSP,Victoria Njoku-Anokam,vnjokuanokam@aledade.com,(202) 803-7979,Victoria Njoku-Anokam,vnjokuanokam@aledade.com,(202) 803-7979,Adam Barker,Margaret Coughlan,1
A5522,JEEVAN GOWDA,Aledade 201 National MSSP,"CA, CO, FL, GA, KS, MO, NC, NE, NH, NJ, NY, OH, PA, SC, TX, VA, VT",1,01/01/2025,01/01/2025,0,1,E,0,0,1,0,0,0,0,0,0,1,"4550 Montgomery Ave, Suite 1050N, Bethesda, MD, 20814",https://aledade.com/aledade-201-National-MSSP,Victoria Njoku-Anokam,vnjokuanokam@aledade.com,(202) 803-7979,Victoria Njoku-Anokam,vnjokuanokam@aledade.com,(202) 803-7979,Adam Barker,Margaret Coughlan,1
A5522,Jewell County Rural Health Clinic,Aledade 201 National MSSP,"CA, CO, FL, GA, KS, MO, NC, NE, NH, NJ, NY, OH, PA, SC, TX, VA, VT",1,01/01/2025,01/01/2025,0,1,E,0,0,1,0,0,0,0,0,0,1,"4550 Montgomery Ave, Suite 1050N, Bethesda, MD, 20814",https://aledade.com/aledade-201-National-MSSP,Victoria Njoku-Anokam,vnjokuanokam@aledade.com,(202) 803-7979,Victoria Njoku-Anokam,vnjokuanokam@aledade.com,(202) 803-7979,Adam Barker,Margaret Coughlan,1
A5522,LAUDERDALE MEDICAL GROUP PLLC,Aledade 201 National MSSP,"CA, CO, FL, GA, KS, MO, NC, NE, NH, NJ, NY, OH, PA, SC, TX, VA, VT",1,01/01/2025,01/01/2025,0,1,E,0,0,1,0,0,0,0,0,0,1,"4550 Montgomery Ave, Suite 1050N, Bethesda, MD, 20814",https://aledade.com/aledade-201-National-MSSP,Victoria Njoku-Anokam,vnjokuanokam@aledade.com,(202) 803-7979,Victoria Njoku-Anokam,vnjokuanokam@aledade.com,(202) 803-7979,Adam Barker,Margaret Coughlan,1
A5522,LAWRENCEVILLE PRIMARY CARE PC,Aledade 201 National MSSP,"CA, CO, FL, GA, KS, MO, NC, NE, NH, NJ, NY, OH, PA, SC, TX, VA, VT",1,01/01/2025,01/01/2025,0,1,E,0,0,1,0,0,0,0,0,0,1,"4550 Montgomery Ave, Suite 1050N, Bethesda, MD, 20814",https://aledade.com/aledade-201-National-MSSP,Victoria Njoku-Anokam,vnjokuanokam@aledade.com,(202) 803-7979,Victoria Njoku-Anokam,vnjokuanokam@aledade.com,(202) 803-7979,Adam Barker,Margaret Coughlan,1
A5522,LIBERTY HEALTHCARE PARTNERS,Aledade 201 National MSSP,"CA, CO, FL, GA, KS, MO, NC, NE, NH, NJ, NY, OH, PA, SC, TX, VA, VT",1,01/01/2025,01/01/2025,0,1,E,0,0,1,0,0,0,0,0,0,1,"4550 Montgomery Ave, Suite 1050N, Bethesda, MD, 20814",https://aledade.com/aledade-201-National-MSSP,Victoria Njoku-Anokam,vnjokuanokam@aledade.com,(202) 803-7979,Victoria Njoku-Anokam,vnjokuanokam@aledade.com,(202) 803-7979,Adam Barker,Margaret Coughlan,1
A5522,LIGHTHOUSE FAMILY MEDICINE AND WELLNESS PLLC,Aledade 201 National MSSP,"CA, CO, FL, GA, KS, MO, NC, NE, NH, NJ, NY, OH, PA, SC, TX, VA, VT",1,01/01/2025,01/01/2025,0,1,E,0,0,1,0,0,0,0,0,0,1,"4550 Montgomery Ave, Suite 1050N, Bethesda, MD, 20814",https://aledade.com/aledade-201-National-MSSP,Victoria Njoku-Anokam,vnjokuanokam@aledade.com,(202) 803-7979,Victoria Njoku-Anokam,vnjokuanokam@aledade.com,(202) 803-7979,Adam Barker,Margaret Coughlan,1
A5522,LINDA A FOSTER MD PC,Aledade 201 National MSSP,"CA, CO, FL, GA, KS, MO, NC, NE, NH, NJ, NY, OH, PA, SC, TX, VA, VT",1,01/01/2025,01/01/2025,0,1,E,0,0,1,0,0,0,0,0,0,1,"4550 Montgomery Ave, Suite 1050N, Bethesda, MD, 20814",https://aledade.com/aledade-201-National-MSSP,Victoria Njoku-Anokam,vnjokuanokam@aledade.com,(202) 803-7979,Victoria Njoku-Anokam,vnjokuanokam@aledade.com,(202) 803-7979,Adam Barker,Margaret Coughlan,1
A5522,LISA DUCKER,Aledade 201 National MSSP,"CA, CO, FL, GA, KS, MO, NC, NE, NH, NJ, NY, OH, PA, SC, TX, VA, VT",1,01/01/2025,01/01/2025,0,1,E,0,0,1,0,0,0,0,0,0,1,"4550 Montgomery Ave, Suite 1050N, Bethesda, MD, 20814",https://aledade.com/aledade-201-National-MSSP,Victoria Njoku-Anokam,vnjokuanokam@aledade.com,(202) 803-7979,Victoria Njoku-Anokam,vnjokuanokam@aledade.com,(202) 803-7979,Adam Barker,Margaret Coughlan,1
A5522,MANSFIELD FAMILY PRACTICE LLC,Aledade 201 National MSSP,"CA, CO, FL, GA, KS, MO, NC, NE, NH, NJ, NY, OH, PA, SC, TX, VA, VT",1,01/01/2025,01/01/2025,0,1,E,0,0,1,0,0,0,0,0,0,1,"4550 Montgomery Ave, Suite 1050N, Bethesda, MD, 20814",https://aledade.com/aledade-201-National-MSSP,Victoria Njoku-Anokam,vnjokuanokam@aledade.com,(202) 803-7979,Victoria Njoku-Anokam,vnjokuanokam@aledade.com,(202) 803-7979,Adam Barker,Margaret Coughlan,1
A5522,MARGARET M COUGHLAN MD PLLC,Aledade 201 National MSSP,"CA, CO, FL, GA, KS, MO, NC, NE, NH, NJ, NY, OH, PA, SC, TX, VA, VT",1,01/01/2025,01/01/2025,0,1,E,0,0,1,0,0,0,0,0,0,1,"4550 Montgomery Ave, Suite 1050N, Bethesda, MD, 20814",https://aledade.com/aledade-201-National-MSSP,Victoria Njoku-Anokam,vnjokuanokam@aledade.com,(202) 803-7979,Victoria Njoku-Anokam,vnjokuanokam@aledade.com,(202) 803-7979,Adam Barker,Margaret Coughlan,1
A5522,MARGARET M NICHOLS MD LLC,Aledade 201 National MSSP,"CA, CO, FL, GA, KS, MO, NC, NE, NH, NJ, NY, OH, PA, SC, TX, VA, VT",1,01/01/2025,01/01/2025,0,1,E,0,0,1,0,0,0,0,0,0,1,"4550 Montgomery Ave, Suite 1050N, Bethesda, MD, 20814",https://aledade.com/aledade-201-National-MSSP,Victoria Njoku-Anokam,vnjokuanokam@aledade.com,(202) 803-7979,Victoria Njoku-Anokam,vnjokuanokam@aledade.com,(202) 803-7979,Adam Barker,Margaret Coughlan,1
A5522,MARGARET PETERSON,Aledade 201 National MSSP,"CA, CO, FL, GA, KS, MO, NC, NE, NH, NJ, NY, OH, PA, SC, TX, VA, VT",1,01/01/2025,01/01/2025,0,1,E,0,0,1,0,0,0,0,0,0,1,"4550 Montgomery Ave, Suite 1050N, Bethesda, MD, 20814",https://aledade.com/aledade-201-National-MSSP,Victoria Njoku-Anokam,vnjokuanokam@aledade.com,(202) 803-7979,Victoria Njoku-Anokam,vnjokuanokam@aledade.com,(202) 803-7979,Adam Barker,Margaret Coughlan,1
A5522,MOSAIC FAMILY CARE MEDICAL GROUP INC,Aledade 201 National MSSP,"CA, CO, FL, GA, KS, MO, NC, NE, NH, NJ, NY, OH, PA, SC, TX, VA, VT",1,01/01/2025,01/01/2025,0,1,E,0,0,1,0,0,0,0,0,0,1,"4550 Montgomery Ave, Suite 1050N, Bethesda, MD, 20814",https://aledade.com/aledade-201-National-MSSP,Victoria Njoku-Anokam,vnjokuanokam@aledade.com,(202) 803-7979,Victoria Njoku-Anokam,vnjokuanokam@aledade.com,(202) 803-7979,Adam Barker,Margaret Coughlan,1
A5522,NEW PROVIDENCE FAMILY PRACTICE CORPORATION,Aledade 201 National MSSP,"CA, CO, FL, GA, KS, MO, NC, NE, NH, NJ, NY, OH, PA, SC, TX, VA, VT",1,01/01/2025,01/01/2025,0,1,E,0,0,1,0,0,0,0,0,0,1,"4550 Montgomery Ave, Suite 1050N, Bethesda, MD, 20814",https://aledade.com/aledade-201-National-MSSP,Victoria Njoku-Anokam,vnjokuanokam@aledade.com,(202) 803-7979,Victoria Njoku-Anokam,vnjokuanokam@aledade.com,(202) 803-7979,Adam Barker,Margaret Coughlan,1
A5522,NORTH FLORIDA MEDICAL CLINIC INC,Aledade 201 National MSSP,"CA, CO, FL, GA, KS, MO, NC, NE, NH, NJ, NY, OH, PA, SC, TX, VA, VT",1,01/01/2025,01/01/2025,0,1,E,0,0,1,0,0,0,0,0,0,1,"4550 Montgomery Ave, Suite 1050N, Bethesda, MD, 20814",https://aledade.com/aledade-201-National-MSSP,Victoria Njoku-Anokam,vnjokuanokam@aledade.com,(202) 803-7979,Victoria Njoku-Anokam,vnjokuanokam@aledade.com,(202) 803-7979,Adam Barker,Margaret Coughlan,1
A5522,NORTHERN FAMILY MEDICINE PLLC,Aledade 201 National MSSP,"CA, CO, FL, GA, KS, MO, NC, NE, NH, NJ, NY, OH, PA, SC, TX, VA, VT",1,01/01/2025,01/01/2025,0,1,E,0,0,1,0,0,0,0,0,0,1,"4550 Montgomery Ave, Suite 1050N, Bethesda, MD, 20814",https://aledade.com/aledade-201-National-MSSP,Victoria Njoku-Anokam,vnjokuanokam@aledade.com,(202) 803-7979,Victoria Njoku-Anokam,vnjokuanokam@aledade.com,(202) 803-7979,Adam Barker,Margaret Coughlan,1
A5522,NRV INTERNAL MEDICINE LLC,Aledade 201 National MSSP,"CA, CO, FL, GA, KS, MO, NC, NE, NH, NJ, NY, OH, PA, SC, TX, VA, VT",1,01/01/2025,01/01/2025,0,1,E,0,0,1,0,0,0,0,0,0,1,"4550 Montgomery Ave, Suite 1050N, Bethesda, MD, 20814",https://aledade.com/aledade-201-National-MSSP,Victoria Njoku-Anokam,vnjokuanokam@aledade.com,(202) 803-7979,Victoria Njoku-Anokam,vnjokuanokam@aledade.com,(202) 803-7979,Adam Barker,Margaret Coughlan,1
A5522,OHIO VALLEY MEDICAL GROUP LLC,Aledade 201 National MSSP,"CA, CO, FL, GA, KS, MO, NC, NE, NH, NJ, NY, OH, PA, SC, TX, VA, VT",1,01/01/2025,01/01/2025,0,1,E,0,0,1,0,0,0,0,0,0,1,"4550 Montgomery Ave, Suite 1050N, Bethesda, MD, 20814",https://aledade.com/aledade-201-National-MSSP,Victoria Njoku-Anokam,vnjokuanokam@aledade.com,(202) 803-7979,Victoria Njoku-Anokam,vnjokuanokam@aledade.com,(202) 803-7979,Adam Barker,Margaret Coughlan,1
A5522,"ONECARE CLINIC, LLC",Aledade 201 National MSSP,"CA, CO, FL, GA, KS, MO, NC, NE, NH, NJ, NY, OH, PA, SC, TX, VA, VT",1,01/01/2025,01/01/2025,0,1,E,0,0,1,0,0,0,0,0,0,1,"4550 Montgomery Ave, Suite 1050N, Bethesda, MD, 20814",https://aledade.com/aledade-201-National-MSSP,Victoria Njoku-Anokam,vnjokuanokam@aledade.com,(202) 803-7979,Victoria Njoku-Anokam,vnjokuanokam@aledade.com,(202) 803-7979,Adam Barker,Margaret Coughlan,1
A5522,OSAMA ANSARI LLC,Aledade 201 National MSSP,"CA, CO, FL, GA, KS, MO, NC, NE, NH, NJ, NY, OH, PA, SC, TX, VA, VT",1,01/01/2025,01/01/2025,0,1,E,0,0,1,0,0,0,0,0,0,1,"4550 Montgomery Ave, Suite 1050N, Bethesda, MD, 20814",https://aledade.com/aledade-201-National-MSSP,Victoria Njoku-Anokam,vnjokuanokam@aledade.com,(202) 803-7979,Victoria Njoku-Anokam,vnjokuanokam@aledade.com,(202) 803-7979,Adam Barker,Margaret Coughlan,1
A5522,OXMOOR MEDICAL GROUP LLC,Aledade 201 National MSSP,"CA, CO, FL, GA, KS, MO, NC, NE, NH, NJ, NY, OH, PA, SC, TX, VA, VT",1,01/01/2025,01/01/2025,0,1,E,0,0,1,0,0,0,0,0,0,1,"4550 Montgomery Ave, Suite 1050N, Bethesda, MD, 20814",https://aledade.com/aledade-201-National-MSSP,Victoria Njoku-Anokam,vnjokuanokam@aledade.com,(202) 803-7979,Victoria Njoku-Anokam,vnjokuanokam@aledade.com,(202) 803-7979,Adam Barker,Margaret Coughlan,1
A5522,PACIFIC GROVE FAMILY MEDICINE INC,Aledade 201 National MSSP,"CA, CO, FL, GA, KS, MO, NC, NE, NH, NJ, NY, OH, PA, SC, TX, VA, VT",1,01/01/2025,01/01/2025,0,1,E,0,0,1,0,0,0,0,0,0,1,"4550 Montgomery Ave, Suite 1050N, Bethesda, MD, 20814",https://aledade.com/aledade-201-National-MSSP,Victoria Njoku-Anokam,vnjokuanokam@aledade.com,(202) 803-7979,Victoria Njoku-Anokam,vnjokuanokam@aledade.com,(202) 803-7979,Adam Barker,Margaret Coughlan,1
A5522,PROGRESSIVE MEDICAL CENTER SC,Aledade 201 National MSSP,"CA, CO, FL, GA, KS, MO, NC, NE, NH, NJ, NY, OH, PA, SC, TX, VA, VT",1,01/01/2025,01/01/2025,0,1,E,0,0,1,0,0,0,0,0,0,1,"4550 Montgomery Ave, Suite 1050N, Bethesda, MD, 20814",https://aledade.com/aledade-201-National-MSSP,Victoria Njoku-Anokam,vnjokuanokam@aledade.com,(202) 803-7979,Victoria Njoku-Anokam,vnjokuanokam@aledade.com,(202) 803-7979,Adam Barker,Margaret Coughlan,1
A5522,PROJECT ACCESS FOUNDATION INC,Aledade 201 National MSSP,"CA, CO, FL, GA, KS, MO, NC, NE, NH, NJ, NY, OH, PA, SC, TX, VA, VT",1,01/01/2025,01/01/2025,0,1,E,0,0,1,0,0,0,0,0,0,1,"4550 Montgomery Ave, Suite 1050N, Bethesda, MD, 20814",https://aledade.com/aledade-201-National-MSSP,Victoria Njoku-Anokam,vnjokuanokam@aledade.com,(202) 803-7979,Victoria Njoku-Anokam,vnjokuanokam@aledade.com,(202) 803-7979,Adam Barker,Margaret Coughlan,1
A5522,QUAD CITIES PRIMARY CARE LLC,Aledade 201 National MSSP,"CA, CO, FL, GA, KS, MO, NC, NE, NH, NJ, NY, OH, PA, SC, TX, VA, VT",1,01/01/2025,01/01/2025,0,1,E,0,0,1,0,0,0,0,0,0,1,"4550 Montgomery Ave, Suite 1050N, Bethesda, MD, 20814",https://aledade.com/aledade-201-National-MSSP,Victoria Njoku-Anokam,vnjokuanokam@aledade.com,(202) 803-7979,Victoria Njoku-Anokam,vnjokuanokam@aledade.com,(202) 803-7979,Adam Barker,Margaret Coughlan,1
A5522,QUANTUM HEALTHCARE SERVICES LLC,Aledade 201 National MSSP,"CA, CO, FL, GA, KS, MO, NC, NE, NH, NJ, NY, OH, PA, SC, TX, VA, VT",1,01/01/2025,01/01/2025,0,1,E,0,0,1,0,0,0,0,0,0,1,"4550 Montgomery Ave, Suite 1050N, Bethesda, MD, 20814",https://aledade.com/aledade-201-National-MSSP,Victoria Njoku-Anokam,vnjokuanokam@aledade.com,(202) 803-7979,Victoria Njoku-Anokam,vnjokuanokam@aledade.com,(202) 803-7979,Adam Barker,Margaret Coughlan,1
A5522,R LAMONT BLOOM MD PA,Aledade 201 National MSSP,"CA, CO, FL, GA, KS, MO, NC, NE, NH, NJ, NY, OH, PA, SC, TX, VA, VT",1,01/01/2025,01/01/2025,0,1,E,0,0,1,0,0,0,0,0,0,1,"4550 Montgomery Ave, Suite 1050N, Bethesda, MD, 20814",https://aledade.com/aledade-201-National-MSSP,Victoria Njoku-Anokam,vnjokuanokam@aledade.com,(202) 803-7979,Victoria Njoku-Anokam,vnjokuanokam@aledade.com,(202) 803-7979,Adam Barker,Margaret Coughlan,1
A5522,RAJIVE K DAS MD,Aledade 201 National MSSP,"CA, CO, FL, GA, KS, MO, NC, NE, NH, NJ, NY, OH, PA, SC, TX, VA, VT",1,01/01/2025,01/01/2025,0,1,E,0,0,1,0,0,0,0,0,0,1,"4550 Montgomery Ave, Suite 1050N, Bethesda, MD, 20814",https://aledade.com/aledade-201-National-MSSP,Victoria Njoku-Anokam,vnjokuanokam@aledade.com,(202) 803-7979,Victoria Njoku-Anokam,vnjokuanokam@aledade.com,(202) 803-7979,Adam Barker,Margaret Coughlan,1
A5522,RANDAL SLOOP MD INC,Aledade 201 National MSSP,"CA, CO, FL, GA, KS, MO, NC, NE, NH, NJ, NY, OH, PA, SC, TX, VA, VT",1,01/01/2025,01/01/2025,0,1,E,0,0,1,0,0,0,0,0,0,1,"4550 Montgomery Ave, Suite 1050N, Bethesda, MD, 20814",https://aledade.com/aledade-201-National-MSSP,Victoria Njoku-Anokam,vnjokuanokam@aledade.com,(202) 803-7979,Victoria Njoku-Anokam,vnjokuanokam@aledade.com,(202) 803-7979,Adam Barker,Margaret Coughlan,1
A5522,RIVERSIDE FAMILY MEDICINE PC,Aledade 201 National MSSP,"CA, CO, FL, GA, KS, MO, NC, NE, NH, NJ, NY, OH, PA, SC, TX, VA, VT",1,01/01/2025,01/01/2025,0,1,E,0,0,1,0,0,0,0,0,0,1,"4550 Montgomery Ave, Suite 1050N, Bethesda, MD, 20814",https://aledade.com/aledade-201-National-MSSP,Victoria Njoku-Anokam,vnjokuanokam@aledade.com,(202) 803-7979,Victoria Njoku-Anokam,vnjokuanokam@aledade.com,(202) 803-7979,Adam Barker,Margaret Coughlan,1
A5522,ROBERT JONES,Aledade 201 National MSSP,"CA, CO, FL, GA, KS, MO, NC, NE, NH, NJ, NY, OH, PA, SC, TX, VA, VT",1,01/01/2025,01/01/2025,0,1,E,0,0,1,0,0,0,0,0,0,1,"4550 Montgomery Ave, Suite 1050N, Bethesda, MD, 20814",https://aledade.com/aledade-201-National-MSSP,Victoria Njoku-Anokam,vnjokuanokam@aledade.com,(202) 803-7979,Victoria Njoku-Anokam,vnjokuanokam@aledade.com,(202) 803-7979,Adam Barker,Margaret Coughlan,1
A5522,"RODRIGUEZ MD, LLC",Aledade 201 National MSSP,"CA, CO, FL, GA, KS, MO, NC, NE, NH, NJ, NY, OH, PA, SC, TX, VA, VT",1,01/01/2025,01/01/2025,0,1,E,0,0,1,0,0,0,0,0,0,1,"4550 Montgomery Ave, Suite 1050N, Bethesda, MD, 20814",https://aledade.com/aledade-201-National-MSSP,Victoria Njoku-Anokam,vnjokuanokam@aledade.com,(202) 803-7979,Victoria Njoku-Anokam,vnjokuanokam@aledade.com,(202) 803-7979,Adam Barker,Margaret Coughlan,1
A5522,SCOTT H SCHNEIDERMAN DO A MEDICAL CORP,Aledade 201 National MSSP,"CA, CO, FL, GA, KS, MO, NC, NE, NH, NJ, NY, OH, PA, SC, TX, VA, VT",1,01/01/2025,01/01/2025,0,1,E,0,0,1,0,0,0,0,0,0,1,"4550 Montgomery Ave, Suite 1050N, Bethesda, MD, 20814",https://aledade.com/aledade-201-National-MSSP,Victoria Njoku-Anokam,vnjokuanokam@aledade.com,(202) 803-7979,Victoria Njoku-Anokam,vnjokuanokam@aledade.com,(202) 803-7979,Adam Barker,Margaret Coughlan,1
A5522,SHERIDAN COMMUNITY HOSPITAL,Aledade 201 National MSSP,"CA, CO, FL, GA, KS, MO, NC, NE, NH, NJ, NY, OH, PA, SC, TX, VA, VT",1,01/01/2025,01/01/2025,0,1,E,0,0,1,0,0,0,0,0,0,1,"4550 Montgomery Ave, Suite 1050N, Bethesda, MD, 20814",https://aledade.com/aledade-201-National-MSSP,Victoria Njoku-Anokam,vnjokuanokam@aledade.com,(202) 803-7979,Victoria Njoku-Anokam,vnjokuanokam@aledade.com,(202) 803-7979,Adam Barker,Margaret Coughlan,1
A5522,"SOHN MEDICAL CENTER LTD,",Aledade 201 National MSSP,"CA, CO, FL, GA, KS, MO, NC, NE, NH, NJ, NY, OH, PA, SC, TX, VA, VT",1,01/01/2025,01/01/2025,0,1,E,0,0,1,0,0,0,0,0,0,1,"4550 Montgomery Ave, Suite 1050N, Bethesda, MD, 20814",https://aledade.com/aledade-201-National-MSSP,Victoria Njoku-Anokam,vnjokuanokam@aledade.com,(202) 803-7979,Victoria Njoku-Anokam,vnjokuanokam@aledade.com,(202) 803-7979,Adam Barker,Margaret Coughlan,1
A5522,STEWART L FRANK M D INC,Aledade 201 National MSSP,"CA, CO, FL, GA, KS, MO, NC, NE, NH, NJ, NY, OH, PA, SC, TX, VA, VT",1,01/01/2025,01/01/2025,0,1,E,0,0,1,0,0,0,0,0,0,1,"4550 Montgomery Ave, Suite 1050N, Bethesda, MD, 20814",https://aledade.com/aledade-201-National-MSSP,Victoria Njoku-Anokam,vnjokuanokam@aledade.com,(202) 803-7979,Victoria Njoku-Anokam,vnjokuanokam@aledade.com,(202) 803-7979,Adam Barker,Margaret Coughlan,1
A5522,THACKER FAMILY MEDICAL LLC,Aledade 201 National MSSP,"CA, CO, FL, GA, KS, MO, NC, NE, NH, NJ, NY, OH, PA, SC, TX, VA, VT",1,01/01/2025,01/01/2025,0,1,E,0,0,1,0,0,0,0,0,0,1,"4550 Montgomery Ave, Suite 1050N, Bethesda, MD, 20814",https://aledade.com/aledade-201-National-MSSP,Victoria Njoku-Anokam,vnjokuanokam@aledade.com,(202) 803-7979,Victoria Njoku-Anokam,vnjokuanokam@aledade.com,(202) 803-7979,Adam Barker,Margaret Coughlan,1
A5522,THOMAS MCBREEN,Aledade 201 National MSSP,"CA, CO, FL, GA, KS, MO, NC, NE, NH, NJ, NY, OH, PA, SC, TX, VA, VT",1,01/01/2025,01/01/2025,0,1,E,0,0,1,0,0,0,0,0,0,1,"4550 Montgomery Ave, Suite 1050N, Bethesda, MD, 20814",https://aledade.com/aledade-201-National-MSSP,Victoria Njoku-Anokam,vnjokuanokam@aledade.com,(202) 803-7979,Victoria Njoku-Anokam,vnjokuanokam@aledade.com,(202) 803-7979,Adam Barker,Margaret Coughlan,1
A5522,TRI-COUNTY PRIMARY CARE INC,Aledade 201 National MSSP,"CA, CO, FL, GA, KS, MO, NC, NE, NH, NJ, NY, OH, PA, SC, TX, VA, VT",1,01/01/2025,01/01/2025,0,1,E,0,0,1,0,0,0,0,0,0,1,"4550 Montgomery Ave, Suite 1050N, Bethesda, MD, 20814",https://aledade.com/aledade-201-National-MSSP,Victoria Njoku-Anokam,vnjokuanokam@aledade.com,(202) 803-7979,Victoria Njoku-Anokam,vnjokuanokam@aledade.com,(202) 803-7979,Adam Barker,Margaret Coughlan,1
A5522,UPPER CONNECTICUT VALLEY HOSPITAL ASSOCIATION,Aledade 201 National MSSP,"CA, CO, FL, GA, KS, MO, NC, NE, NH, NJ, NY, OH, PA, SC, TX, VA, VT",1,01/01/2025,01/01/2025,0,1,E,0,0,1,0,0,0,0,0,0,1,"4550 Montgomery Ave, Suite 1050N, Bethesda, MD, 20814",https://aledade.com/aledade-201-National-MSSP,Victoria Njoku-Anokam,vnjokuanokam@aledade.com,(202) 803-7979,Victoria Njoku-Anokam,vnjokuanokam@aledade.com,(202) 803-7979,Adam Barker,Margaret Coughlan,1
A5522,WEEKS MEDICAL CENTER,Aledade 201 National MSSP,"CA, CO, FL, GA, KS, MO, NC, NE, NH, NJ, NY, OH, PA, SC, TX, VA, VT",1,01/01/2025,01/01/2025,0,1,E,0,0,1,0,0,0,0,0,0,1,"4550 Montgomery Ave, Suite 1050N, Bethesda, MD, 20814",https://aledade.com/aledade-201-National-MSSP,Victoria Njoku-Anokam,vnjokuanokam@aledade.com,(202) 803-7979,Victoria Njoku-Anokam,vnjokuanokam@aledade.com,(202) 803-7979,Adam Barker,Margaret Coughlan,1
A5522,WIHD INC,Aledade 201 National MSSP,"CA, CO, FL, GA, KS, MO, NC, NE, NH, NJ, NY, OH, PA, SC, TX, VA, VT",1,01/01/2025,01/01/2025,0,1,E,0,0,1,0,0,0,0,0,0,1,"4550 Montgomery Ave, Suite 1050N, Bethesda, MD, 20814",https://aledade.com/aledade-201-National-MSSP,Victoria Njoku-Anokam,vnjokuanokam@aledade.com,(202) 803-7979,Victoria Njoku-Anokam,vnjokuanokam@aledade.com,(202) 803-7979,Adam Barker,Margaret Coughlan,1
A5522,YASSIR ATTALLA PLLC,Aledade 201 National MSSP,"CA, CO, FL, GA, KS, MO, NC, NE, NH, NJ, NY, OH, PA, SC, TX, VA, VT",1,01/01/2025,01/01/2025,0,1,E,0,0,1,0,0,0,0,0,0,1,"4550 Montgomery Ave, Suite 1050N, Bethesda, MD, 20814",https://aledade.com/aledade-201-National-MSSP,Victoria Njoku-Anokam,vnjokuanokam@aledade.com,(202) 803-7979,Victoria Njoku-Anokam,vnjokuanokam@aledade.com,(202) 803-7979,Adam Barker,Margaret Coughlan,1
A5522,ZOESTYLE MEDICINE,Aledade 201 National MSSP,"CA, CO, FL, GA, KS, MO, NC, NE, NH, NJ, NY, OH, PA, SC, TX, VA, VT",1,01/01/2025,01/01/2025,0,1,E,0,0,1,0,0,0,0,0,0,1,"4550 Montgomery Ave, Suite 1050N, Bethesda, MD, 20814",https://aledade.com/aledade-201-National-MSSP,Victoria Njoku-Anokam,vnjokuanokam@aledade.com,(202) 803-7979,Victoria Njoku-Anokam,vnjokuanokam@aledade.com,(202) 803-7979,Adam Barker,Margaret Coughlan,1
A3630,AUGUSTA MEDICAL CARE LLC,Aledade 22 NC MSSP Enhanced,"FL, NC, NY",3,01/01/2018,01/01/2025,0,0,,1,0,1,0,0,0,0,0,0,1,"4550 Montgomery Ave, Suite 1050N, Bethseda, MD, 20814",https://aledade.com/national-mssp-2022/,Alexander Mullineaux,amullineaux@aledade.com,(202) 803-7979,Travis Broome,travis@aledade.com,(202) 803-7979,Adam Barker,Umar Bowers,1
A3630,C KIRK DEMARTINO MD PA,Aledade 22 NC MSSP Enhanced,"FL, NC, NY",3,01/01/2018,01/01/2025,0,0,,1,0,1,0,0,0,0,0,0,1,"4550 Montgomery Ave, Suite 1050N, Bethseda, MD, 20814",https://aledade.com/national-mssp-2022/,Alexander Mullineaux,amullineaux@aledade.com,(202) 803-7979,Travis Broome,travis@aledade.com,(202) 803-7979,Adam Barker,Umar Bowers,1
A3630,CAROLINA CARDIOLOGY SLEEP & OBESITY CENTER PC,Aledade 22 NC MSSP Enhanced,"FL, NC, NY",3,01/01/2018,01/01/2025,0,0,,1,0,1,0,0,0,0,0,0,1,"4550 Montgomery Ave, Suite 1050N, Bethseda, MD, 20814",https://aledade.com/national-mssp-2022/,Alexander Mullineaux,amullineaux@aledade.com,(202) 803-7979,Travis Broome,travis@aledade.com,(202) 803-7979,Adam Barker,Umar Bowers,1
A3630,CENTRAL PEDIATRICS & INTERNAL MEDICINE PA,Aledade 22 NC MSSP Enhanced,"FL, NC, NY",3,01/01/2018,01/01/2025,0,0,,1,0,1,0,0,0,0,0,0,1,"4550 Montgomery Ave, Suite 1050N, Bethseda, MD, 20814",https://aledade.com/national-mssp-2022/,Alexander Mullineaux,amullineaux@aledade.com,(202) 803-7979,Travis Broome,travis@aledade.com,(202) 803-7979,Adam Barker,Umar Bowers,1
A3630,"COMMUNITY FAMILY PRACTICE, PA",Aledade 22 NC MSSP Enhanced,"FL, NC, NY",3,01/01/2018,01/01/2025,0,0,,1,0,1,0,0,0,0,0,0,1,"4550 Montgomery Ave, Suite 1050N, Bethseda, MD, 20814",https://aledade.com/national-mssp-2022/,Alexander Mullineaux,amullineaux@aledade.com,(202) 803-7979,Travis Broome,travis@aledade.com,(202) 803-7979,Adam Barker,Umar Bowers,1
A3630,CROSSROADS FAMILY MEDICAL CARE PA,Aledade 22 NC MSSP Enhanced,"FL, NC, NY",3,01/01/2018,01/01/2025,0,0,,1,0,1,0,0,0,0,0,0,1,"4550 Montgomery Ave, Suite 1050N, Bethseda, MD, 20814",https://aledade.com/national-mssp-2022/,Alexander Mullineaux,amullineaux@aledade.com,(202) 803-7979,Travis Broome,travis@aledade.com,(202) 803-7979,Adam Barker,Umar Bowers,1
A3630,DAWSON MED PC,Aledade 22 NC MSSP Enhanced,"FL, NC, NY",3,01/01/2018,01/01/2025,0,0,,1,0,1,0,0,0,0,0,0,1,"4550 Montgomery Ave, Suite 1050N, Bethseda, MD, 20814",https://aledade.com/national-mssp-2022/,Alexander Mullineaux,amullineaux@aledade.com,(202) 803-7979,Travis Broome,travis@aledade.com,(202) 803-7979,Adam Barker,Umar Bowers,1
A3630,EAGLE MEDICAL CENTER,Aledade 22 NC MSSP Enhanced,"FL, NC, NY",3,01/01/2018,01/01/2025,0,0,,1,0,1,0,0,0,0,0,0,1,"4550 Montgomery Ave, Suite 1050N, Bethseda, MD, 20814",https://aledade.com/national-mssp-2022/,Alexander Mullineaux,amullineaux@aledade.com,(202) 803-7979,Travis Broome,travis@aledade.com,(202) 803-7979,Adam Barker,Umar Bowers,1
A3630,"FERNCREEK PRIMARY CARE, PC",Aledade 22 NC MSSP Enhanced,"FL, NC, NY",3,01/01/2018,01/01/2025,0,0,,1,0,1,0,0,0,0,0,0,1,"4550 Montgomery Ave, Suite 1050N, Bethseda, MD, 20814",https://aledade.com/national-mssp-2022/,Alexander Mullineaux,amullineaux@aledade.com,(202) 803-7979,Travis Broome,travis@aledade.com,(202) 803-7979,Adam Barker,Umar Bowers,1
A3630,"GOLDSBORO MEDICAL CENTER, P.A.",Aledade 22 NC MSSP Enhanced,"FL, NC, NY",3,01/01/2018,01/01/2025,0,0,,1,0,1,0,0,0,0,0,0,1,"4550 Montgomery Ave, Suite 1050N, Bethseda, MD, 20814",https://aledade.com/national-mssp-2022/,Alexander Mullineaux,amullineaux@aledade.com,(202) 803-7979,Travis Broome,travis@aledade.com,(202) 803-7979,Adam Barker,Umar Bowers,1
A3630,GQ INTERNAL MEDICINE AND PEDIATRICS PLLC,Aledade 22 NC MSSP Enhanced,"FL, NC, NY",3,01/01/2018,01/01/2025,0,0,,1,0,1,0,0,0,0,0,0,1,"4550 Montgomery Ave, Suite 1050N, Bethseda, MD, 20814",https://aledade.com/national-mssp-2022/,Alexander Mullineaux,amullineaux@aledade.com,(202) 803-7979,Travis Broome,travis@aledade.com,(202) 803-7979,Adam Barker,Umar Bowers,1
A3630,GRACE MEDICAL CLINICS P.A.,Aledade 22 NC MSSP Enhanced,"FL, NC, NY",3,01/01/2018,01/01/2025,0,0,,1,0,1,0,0,0,0,0,0,1,"4550 Montgomery Ave, Suite 1050N, Bethseda, MD, 20814",https://aledade.com/national-mssp-2022/,Alexander Mullineaux,amullineaux@aledade.com,(202) 803-7979,Travis Broome,travis@aledade.com,(202) 803-7979,Adam Barker,Umar Bowers,1
A3630,GRACE PEDIATRIC CLINIC PA,Aledade 22 NC MSSP Enhanced,"FL, NC, NY",3,01/01/2018,01/01/2025,0,0,,1,0,1,0,0,0,0,0,0,1,"4550 Montgomery Ave, Suite 1050N, Bethseda, MD, 20814",https://aledade.com/national-mssp-2022/,Alexander Mullineaux,amullineaux@aledade.com,(202) 803-7979,Travis Broome,travis@aledade.com,(202) 803-7979,Adam Barker,Umar Bowers,1
A3630,HARDEE FAMILY MEDICINE PA,Aledade 22 NC MSSP Enhanced,"FL, NC, NY",3,01/01/2018,01/01/2025,0,0,,1,0,1,0,0,0,0,0,0,1,"4550 Montgomery Ave, Suite 1050N, Bethseda, MD, 20814",https://aledade.com/national-mssp-2022/,Alexander Mullineaux,amullineaux@aledade.com,(202) 803-7979,Travis Broome,travis@aledade.com,(202) 803-7979,Adam Barker,Umar Bowers,1
A3630,"HIGHLAND MEDICAL ASSOCIATES, P.A.",Aledade 22 NC MSSP Enhanced,"FL, NC, NY",3,01/01/2018,01/01/2025,0,0,,1,0,1,0,0,0,0,0,0,1,"4550 Montgomery Ave, Suite 1050N, Bethseda, MD, 20814",https://aledade.com/national-mssp-2022/,Alexander Mullineaux,amullineaux@aledade.com,(202) 803-7979,Travis Broome,travis@aledade.com,(202) 803-7979,Adam Barker,Umar Bowers,1
A3630,HOLLY RIDGE HEALTHCARE PA,Aledade 22 NC MSSP Enhanced,"FL, NC, NY",3,01/01/2018,01/01/2025,0,0,,1,0,1,0,0,0,0,0,0,1,"4550 Montgomery Ave, Suite 1050N, Bethseda, MD, 20814",https://aledade.com/national-mssp-2022/,Alexander Mullineaux,amullineaux@aledade.com,(202) 803-7979,Travis Broome,travis@aledade.com,(202) 803-7979,Adam Barker,Umar Bowers,1
A3630,HOPE PHYSICIANS,Aledade 22 NC MSSP Enhanced,"FL, NC, NY",3,01/01/2018,01/01/2025,0,0,,1,0,1,0,0,0,0,0,0,1,"4550 Montgomery Ave, Suite 1050N, Bethseda, MD, 20814",https://aledade.com/national-mssp-2022/,Alexander Mullineaux,amullineaux@aledade.com,(202) 803-7979,Travis Broome,travis@aledade.com,(202) 803-7979,Adam Barker,Umar Bowers,1
A3630,INTERNAL MEDICINE ASSOCIATES OF GASTONIA PA,Aledade 22 NC MSSP Enhanced,"FL, NC, NY",3,01/01/2018,01/01/2025,0,0,,1,0,1,0,0,0,0,0,0,1,"4550 Montgomery Ave, Suite 1050N, Bethseda, MD, 20814",https://aledade.com/national-mssp-2022/,Alexander Mullineaux,amullineaux@aledade.com,(202) 803-7979,Travis Broome,travis@aledade.com,(202) 803-7979,Adam Barker,Umar Bowers,1
A3630,"JACKSON MEDICAL ASSOCIATES, PLLC",Aledade 22 NC MSSP Enhanced,"FL, NC, NY",3,01/01/2018,01/01/2025,0,0,,1,0,1,0,0,0,0,0,0,1,"4550 Montgomery Ave, Suite 1050N, Bethseda, MD, 20814",https://aledade.com/national-mssp-2022/,Alexander Mullineaux,amullineaux@aledade.com,(202) 803-7979,Travis Broome,travis@aledade.com,(202) 803-7979,Adam Barker,Umar Bowers,1
A3630,JOHN BAKER,Aledade 22 NC MSSP Enhanced,"FL, NC, NY",3,01/01/2018,01/01/2025,0,0,,1,0,1,0,0,0,0,0,0,1,"4550 Montgomery Ave, Suite 1050N, Bethseda, MD, 20814",https://aledade.com/national-mssp-2022/,Alexander Mullineaux,amullineaux@aledade.com,(202) 803-7979,Travis Broome,travis@aledade.com,(202) 803-7979,Adam Barker,Umar Bowers,1
A3630,LIFELINK MEDICAL GROUP PLLC,Aledade 22 NC MSSP Enhanced,"FL, NC, NY",3,01/01/2018,01/01/2025,0,0,,1,0,1,0,0,0,0,0,0,1,"4550 Montgomery Ave, Suite 1050N, Bethseda, MD, 20814",https://aledade.com/national-mssp-2022/,Alexander Mullineaux,amullineaux@aledade.com,(202) 803-7979,Travis Broome,travis@aledade.com,(202) 803-7979,Adam Barker,Umar Bowers,1
A3630,"LUKE MEDICAL CLINIC, P.A.",Aledade 22 NC MSSP Enhanced,"FL, NC, NY",3,01/01/2018,01/01/2025,0,0,,1,0,1,0,0,0,0,0,0,1,"4550 Montgomery Ave, Suite 1050N, Bethseda, MD, 20814",https://aledade.com/national-mssp-2022/,Alexander Mullineaux,amullineaux@aledade.com,(202) 803-7979,Travis Broome,travis@aledade.com,(202) 803-7979,Adam Barker,Umar Bowers,1
A3630,MATTHEW A DOWDY MD LLC,Aledade 22 NC MSSP Enhanced,"FL, NC, NY",3,01/01/2018,01/01/2025,0,0,,1,0,1,0,0,0,0,0,0,1,"4550 Montgomery Ave, Suite 1050N, Bethseda, MD, 20814",https://aledade.com/national-mssp-2022/,Alexander Mullineaux,amullineaux@aledade.com,(202) 803-7979,Travis Broome,travis@aledade.com,(202) 803-7979,Adam Barker,Umar Bowers,1
A3630,MICHAEL LINCOLN,Aledade 22 NC MSSP Enhanced,"FL, NC, NY",3,01/01/2018,01/01/2025,0,0,,1,0,1,0,0,0,0,0,0,1,"4550 Montgomery Ave, Suite 1050N, Bethseda, MD, 20814",https://aledade.com/national-mssp-2022/,Alexander Mullineaux,amullineaux@aledade.com,(202) 803-7979,Travis Broome,travis@aledade.com,(202) 803-7979,Adam Barker,Umar Bowers,1
A3630,NORTH MEMPHIS MEDICAL CLINIC,Aledade 22 NC MSSP Enhanced,"FL, NC, NY",3,01/01/2018,01/01/2025,0,0,,1,0,1,0,0,0,0,0,0,1,"4550 Montgomery Ave, Suite 1050N, Bethseda, MD, 20814",https://aledade.com/national-mssp-2022/,Alexander Mullineaux,amullineaux@aledade.com,(202) 803-7979,Travis Broome,travis@aledade.com,(202) 803-7979,Adam Barker,Umar Bowers,1
A3630,NORTH STATE MEDICAL GROUP PA,Aledade 22 NC MSSP Enhanced,"FL, NC, NY",3,01/01/2018,01/01/2025,0,0,,1,0,1,0,0,0,0,0,0,1,"4550 Montgomery Ave, Suite 1050N, Bethseda, MD, 20814",https://aledade.com/national-mssp-2022/,Alexander Mullineaux,amullineaux@aledade.com,(202) 803-7979,Travis Broome,travis@aledade.com,(202) 803-7979,Adam Barker,Umar Bowers,1
A3630,NORTH WHITEVILLE URGENT CARE & FAMILY PRACTICE PA,Aledade 22 NC MSSP Enhanced,"FL, NC, NY",3,01/01/2018,01/01/2025,0,0,,1,0,1,0,0,0,0,0,0,1,"4550 Montgomery Ave, Suite 1050N, Bethseda, MD, 20814",https://aledade.com/national-mssp-2022/,Alexander Mullineaux,amullineaux@aledade.com,(202) 803-7979,Travis Broome,travis@aledade.com,(202) 803-7979,Adam Barker,Umar Bowers,1
A3630,"PINNACLE MEDICAL CLINIC, P.A.",Aledade 22 NC MSSP Enhanced,"FL, NC, NY",3,01/01/2018,01/01/2025,0,0,,1,0,1,0,0,0,0,0,0,1,"4550 Montgomery Ave, Suite 1050N, Bethseda, MD, 20814",https://aledade.com/national-mssp-2022/,Alexander Mullineaux,amullineaux@aledade.com,(202) 803-7979,Travis Broome,travis@aledade.com,(202) 803-7979,Adam Barker,Umar Bowers,1
A3630,"PRIMARY CARE AND URGENT CARE OF NASHVILLE, PLLC",Aledade 22 NC MSSP Enhanced,"FL, NC, NY",3,01/01/2018,01/01/2025,0,0,,1,0,1,0,0,0,0,0,0,1,"4550 Montgomery Ave, Suite 1050N, Bethseda, MD, 20814",https://aledade.com/national-mssp-2022/,Alexander Mullineaux,amullineaux@aledade.com,(202) 803-7979,Travis Broome,travis@aledade.com,(202) 803-7979,Adam Barker,Umar Bowers,1
A3630,REVELSTONE FAMILY PRACTICE,Aledade 22 NC MSSP Enhanced,"FL, NC, NY",3,01/01/2018,01/01/2025,0,0,,1,0,1,0,0,0,0,0,0,1,"4550 Montgomery Ave, Suite 1050N, Bethseda, MD, 20814",https://aledade.com/national-mssp-2022/,Alexander Mullineaux,amullineaux@aledade.com,(202) 803-7979,Travis Broome,travis@aledade.com,(202) 803-7979,Adam Barker,Umar Bowers,1
A3630,"ROXBORO INTERNAL MEDICINE & PEDIATRICS, P.A",Aledade 22 NC MSSP Enhanced,"FL, NC, NY",3,01/01/2018,01/01/2025,0,0,,1,0,1,0,0,0,0,0,0,1,"4550 Montgomery Ave, Suite 1050N, Bethseda, MD, 20814",https://aledade.com/national-mssp-2022/,Alexander Mullineaux,amullineaux@aledade.com,(202) 803-7979,Travis Broome,travis@aledade.com,(202) 803-7979,Adam Barker,Umar Bowers,1
A3630,SATYAM HEALTHCARE PROVIDERS LLC,Aledade 22 NC MSSP Enhanced,"FL, NC, NY",3,01/01/2018,01/01/2025,0,0,,1,0,1,0,0,0,0,0,0,1,"4550 Montgomery Ave, Suite 1050N, Bethseda, MD, 20814",https://aledade.com/national-mssp-2022/,Alexander Mullineaux,amullineaux@aledade.com,(202) 803-7979,Travis Broome,travis@aledade.com,(202) 803-7979,Adam Barker,Umar Bowers,1
A3630,SOUTHSIDE MEDICAL CENTER PA,Aledade 22 NC MSSP Enhanced,"FL, NC, NY",3,01/01/2018,01/01/2025,0,0,,1,0,1,0,0,0,0,0,0,1,"4550 Montgomery Ave, Suite 1050N, Bethseda, MD, 20814",https://aledade.com/national-mssp-2022/,Alexander Mullineaux,amullineaux@aledade.com,(202) 803-7979,Travis Broome,travis@aledade.com,(202) 803-7979,Adam Barker,Umar Bowers,1
A3630,TERRY PIEPER,Aledade 22 NC MSSP Enhanced,"FL, NC, NY",3,01/01/2018,01/01/2025,0,0,,1,0,1,0,0,0,0,0,0,1,"4550 Montgomery Ave, Suite 1050N, Bethseda, MD, 20814",https://aledade.com/national-mssp-2022/,Alexander Mullineaux,amullineaux@aledade.com,(202) 803-7979,Travis Broome,travis@aledade.com,(202) 803-7979,Adam Barker,Umar Bowers,1
A3630,TIMOTHY LYNN JOHNSTON DO PA,Aledade 22 NC MSSP Enhanced,"FL, NC, NY",3,01/01/2018,01/01/2025,0,0,,1,0,1,0,0,0,0,0,0,1,"4550 Montgomery Ave, Suite 1050N, Bethseda, MD, 20814",https://aledade.com/national-mssp-2022/,Alexander Mullineaux,amullineaux@aledade.com,(202) 803-7979,Travis Broome,travis@aledade.com,(202) 803-7979,Adam Barker,Umar Bowers,1
A3630,WEST PRIMARY CARE INC,Aledade 22 NC MSSP Enhanced,"FL, NC, NY",3,01/01/2018,01/01/2025,0,0,,1,0,1,0,0,0,0,0,0,1,"4550 Montgomery Ave, Suite 1050N, Bethseda, MD, 20814",https://aledade.com/national-mssp-2022/,Alexander Mullineaux,amullineaux@aledade.com,(202) 803-7979,Travis Broome,travis@aledade.com,(202) 803-7979,Adam Barker,Umar Bowers,1
A3630,"WILSON MEDICAL GROUP, PLLC",Aledade 22 NC MSSP Enhanced,"FL, NC, NY",3,01/01/2018,01/01/2025,0,0,,1,0,1,0,0,0,0,0,0,1,"4550 Montgomery Ave, Suite 1050N, Bethseda, MD, 20814",https://aledade.com/national-mssp-2022/,Alexander Mullineaux,amullineaux@aledade.com,(202) 803-7979,Travis Broome,travis@aledade.com,(202) 803-7979,Adam Barker,Umar Bowers,1
A3630,"WNC INTERNAL MEDICINE, PLLC",Aledade 22 NC MSSP Enhanced,"FL, NC, NY",3,01/01/2018,01/01/2025,0,0,,1,0,1,0,0,0,0,0,0,1,"4550 Montgomery Ave, Suite 1050N, Bethseda, MD, 20814",https://aledade.com/national-mssp-2022/,Alexander Mullineaux,amullineaux@aledade.com,(202) 803-7979,Travis Broome,travis@aledade.com,(202) 803-7979,Adam Barker,Umar Bowers,1
A3630,WNY MEDICAL PC,Aledade 22 NC MSSP Enhanced,"FL, NC, NY",3,01/01/2018,01/01/2025,0,0,,1,0,1,0,0,0,0,0,0,1,"4550 Montgomery Ave, Suite 1050N, Bethseda, MD, 20814",https://aledade.com/national-mssp-2022/,Alexander Mullineaux,amullineaux@aledade.com,(202) 803-7979,Travis Broome,travis@aledade.com,(202) 803-7979,Adam Barker,Umar Bowers,1
A3630,"WRIGHTSVILLE FAMILY PRACTICE, PA",Aledade 22 NC MSSP Enhanced,"FL, NC, NY",3,01/01/2018,01/01/2025,0,0,,1,0,1,0,0,0,0,0,0,1,"4550 Montgomery Ave, Suite 1050N, Bethseda, MD, 20814",https://aledade.com/national-mssp-2022/,Alexander Mullineaux,amullineaux@aledade.com,(202) 803-7979,Travis Broome,travis@aledade.com,(202) 803-7979,Adam Barker,Umar Bowers,1
A3894,ABDULKADER DAHHAN,Aledade 37 VA MSSP Enhanced,"KY, MD, SC, TN, VA",3,01/01/2018,01/01/2025,0,0,,1,0,1,0,0,0,0,0,0,1,"4550 Montgomery Ave, Suite 1050N, Bethesda, MD, 20814",https://aledade.com/appalachia-mssp/,Kevin Van Dyke,kvandyke@aledade.com,(513) 532-9457,Travis Broome,travis@aledade.com,(202) 803-7979,Adam Barker,Alok Gupta,1
A3894,ARJUN MEDICAL CENTER PC,Aledade 37 VA MSSP Enhanced,"KY, MD, SC, TN, VA",3,01/01/2018,01/01/2025,0,0,,1,0,1,0,0,0,0,0,0,1,"4550 Montgomery Ave, Suite 1050N, Bethesda, MD, 20814",https://aledade.com/appalachia-mssp/,Kevin Van Dyke,kvandyke@aledade.com,(513) 532-9457,Travis Broome,travis@aledade.com,(202) 803-7979,Adam Barker,Alok Gupta,1
A3894,CLIFTON CENTREVILLE MEDICAL ASSOCIATES,Aledade 37 VA MSSP Enhanced,"KY, MD, SC, TN, VA",3,01/01/2018,01/01/2025,0,0,,1,0,1,0,0,0,0,0,0,1,"4550 Montgomery Ave, Suite 1050N, Bethesda, MD, 20814",https://aledade.com/appalachia-mssp/,Kevin Van Dyke,kvandyke@aledade.com,(513) 532-9457,Travis Broome,travis@aledade.com,(202) 803-7979,Adam Barker,Alok Gupta,1
A3894,"FAMILY HEALTH CLINIC, INC.",Aledade 37 VA MSSP Enhanced,"KY, MD, SC, TN, VA",3,01/01/2018,01/01/2025,0,0,,1,0,1,0,0,0,0,0,0,1,"4550 Montgomery Ave, Suite 1050N, Bethesda, MD, 20814",https://aledade.com/appalachia-mssp/,Kevin Van Dyke,kvandyke@aledade.com,(513) 532-9457,Travis Broome,travis@aledade.com,(202) 803-7979,Adam Barker,Alok Gupta,1
A3894,"HALIFAX INTERNAL MEDICINE, PLLC",Aledade 37 VA MSSP Enhanced,"KY, MD, SC, TN, VA",3,01/01/2018,01/01/2025,0,0,,1,0,1,0,0,0,0,0,0,1,"4550 Montgomery Ave, Suite 1050N, Bethesda, MD, 20814",https://aledade.com/appalachia-mssp/,Kevin Van Dyke,kvandyke@aledade.com,(513) 532-9457,Travis Broome,travis@aledade.com,(202) 803-7979,Adam Barker,Alok Gupta,1
A3894,JOLANTA A HERRERA MD PLLC,Aledade 37 VA MSSP Enhanced,"KY, MD, SC, TN, VA",3,01/01/2018,01/01/2025,0,0,,1,0,1,0,0,0,0,0,0,1,"4550 Montgomery Ave, Suite 1050N, Bethesda, MD, 20814",https://aledade.com/appalachia-mssp/,Kevin Van Dyke,kvandyke@aledade.com,(513) 532-9457,Travis Broome,travis@aledade.com,(202) 803-7979,Adam Barker,Alok Gupta,1
A3894,KISHOR S DABHI MD PC,Aledade 37 VA MSSP Enhanced,"KY, MD, SC, TN, VA",3,01/01/2018,01/01/2025,0,0,,1,0,1,0,0,0,0,0,0,1,"4550 Montgomery Ave, Suite 1050N, Bethesda, MD, 20814",https://aledade.com/appalachia-mssp/,Kevin Van Dyke,kvandyke@aledade.com,(513) 532-9457,Travis Broome,travis@aledade.com,(202) 803-7979,Adam Barker,Alok Gupta,1
A3894,LITTON FAMILY MEDICINE PC,Aledade 37 VA MSSP Enhanced,"KY, MD, SC, TN, VA",3,01/01/2018,01/01/2025,0,0,,1,0,1,0,0,0,0,0,0,1,"4550 Montgomery Ave, Suite 1050N, Bethesda, MD, 20814",https://aledade.com/appalachia-mssp/,Kevin Van Dyke,kvandyke@aledade.com,(513) 532-9457,Travis Broome,travis@aledade.com,(202) 803-7979,Adam Barker,Alok Gupta,1
A3894,MEMORIAL FAMILY CARE INC,Aledade 37 VA MSSP Enhanced,"KY, MD, SC, TN, VA",3,01/01/2018,01/01/2025,0,0,,1,0,1,0,0,0,0,0,0,1,"4550 Montgomery Ave, Suite 1050N, Bethesda, MD, 20814",https://aledade.com/appalachia-mssp/,Kevin Van Dyke,kvandyke@aledade.com,(513) 532-9457,Travis Broome,travis@aledade.com,(202) 803-7979,Adam Barker,Alok Gupta,1
A3894,MOUNTAIN VIEW INTERNAL MEDICINE AND PEDIATRICS INC.,Aledade 37 VA MSSP Enhanced,"KY, MD, SC, TN, VA",3,01/01/2018,01/01/2025,0,0,,1,0,1,0,0,0,0,0,0,1,"4550 Montgomery Ave, Suite 1050N, Bethesda, MD, 20814",https://aledade.com/appalachia-mssp/,Kevin Van Dyke,kvandyke@aledade.com,(513) 532-9457,Travis Broome,travis@aledade.com,(202) 803-7979,Adam Barker,Alok Gupta,1
A3894,NV HEALTHCARE PARTNERS INC,Aledade 37 VA MSSP Enhanced,"KY, MD, SC, TN, VA",3,01/01/2018,01/01/2025,0,0,,1,0,1,0,0,0,0,0,0,1,"4550 Montgomery Ave, Suite 1050N, Bethesda, MD, 20814",https://aledade.com/appalachia-mssp/,Kevin Van Dyke,kvandyke@aledade.com,(513) 532-9457,Travis Broome,travis@aledade.com,(202) 803-7979,Adam Barker,Alok Gupta,1
A3894,ONE STOP MEDICAL LLC,Aledade 37 VA MSSP Enhanced,"KY, MD, SC, TN, VA",3,01/01/2018,01/01/2025,0,0,,1,0,1,0,0,0,0,0,0,1,"4550 Montgomery Ave, Suite 1050N, Bethesda, MD, 20814",https://aledade.com/appalachia-mssp/,Kevin Van Dyke,kvandyke@aledade.com,(513) 532-9457,Travis Broome,travis@aledade.com,(202) 803-7979,Adam Barker,Alok Gupta,1
A3894,PARTNER MD PC,Aledade 37 VA MSSP Enhanced,"KY, MD, SC, TN, VA",3,01/01/2018,01/01/2025,0,0,,1,0,1,0,0,0,0,0,0,1,"4550 Montgomery Ave, Suite 1050N, Bethesda, MD, 20814",https://aledade.com/appalachia-mssp/,Kevin Van Dyke,kvandyke@aledade.com,(513) 532-9457,Travis Broome,travis@aledade.com,(202) 803-7979,Adam Barker,Alok Gupta,1
A3894,PARTNERMD GEORGIA PC,Aledade 37 VA MSSP Enhanced,"KY, MD, SC, TN, VA",3,01/01/2018,01/01/2025,0,0,,1,0,1,0,0,0,0,0,0,1,"4550 Montgomery Ave, Suite 1050N, Bethesda, MD, 20814",https://aledade.com/appalachia-mssp/,Kevin Van Dyke,kvandyke@aledade.com,(513) 532-9457,Travis Broome,travis@aledade.com,(202) 803-7979,Adam Barker,Alok Gupta,1
A3894,PARTNERMD MARYLAND PC,Aledade 37 VA MSSP Enhanced,"KY, MD, SC, TN, VA",3,01/01/2018,01/01/2025,0,0,,1,0,1,0,0,0,0,0,0,1,"4550 Montgomery Ave, Suite 1050N, Bethesda, MD, 20814",https://aledade.com/appalachia-mssp/,Kevin Van Dyke,kvandyke@aledade.com,(513) 532-9457,Travis Broome,travis@aledade.com,(202) 803-7979,Adam Barker,Alok Gupta,1
A3894,PARTNERMD SOUTH CAROLINA PC,Aledade 37 VA MSSP Enhanced,"KY, MD, SC, TN, VA",3,01/01/2018,01/01/2025,0,0,,1,0,1,0,0,0,0,0,0,1,"4550 Montgomery Ave, Suite 1050N, Bethesda, MD, 20814",https://aledade.com/appalachia-mssp/,Kevin Van Dyke,kvandyke@aledade.com,(513) 532-9457,Travis Broome,travis@aledade.com,(202) 803-7979,Adam Barker,Alok Gupta,1
A3894,PHYSICIAN ASSOCIATES OF VIRGINIA PC,Aledade 37 VA MSSP Enhanced,"KY, MD, SC, TN, VA",3,01/01/2018,01/01/2025,0,0,,1,0,1,0,0,0,0,0,0,1,"4550 Montgomery Ave, Suite 1050N, Bethesda, MD, 20814",https://aledade.com/appalachia-mssp/,Kevin Van Dyke,kvandyke@aledade.com,(513) 532-9457,Travis Broome,travis@aledade.com,(202) 803-7979,Adam Barker,Alok Gupta,1
A3894,ROBERT L STOKES JR MD PLC,Aledade 37 VA MSSP Enhanced,"KY, MD, SC, TN, VA",3,01/01/2018,01/01/2025,0,0,,1,0,1,0,0,0,0,0,0,1,"4550 Montgomery Ave, Suite 1050N, Bethesda, MD, 20814",https://aledade.com/appalachia-mssp/,Kevin Van Dyke,kvandyke@aledade.com,(513) 532-9457,Travis Broome,travis@aledade.com,(202) 803-7979,Adam Barker,Alok Gupta,1
A3894,ROCKY RUN FAMILY MEDICINE INC,Aledade 37 VA MSSP Enhanced,"KY, MD, SC, TN, VA",3,01/01/2018,01/01/2025,0,0,,1,0,1,0,0,0,0,0,0,1,"4550 Montgomery Ave, Suite 1050N, Bethesda, MD, 20814",https://aledade.com/appalachia-mssp/,Kevin Van Dyke,kvandyke@aledade.com,(513) 532-9457,Travis Broome,travis@aledade.com,(202) 803-7979,Adam Barker,Alok Gupta,1
A3894,SANDY RIVER FAMILY CARE INC,Aledade 37 VA MSSP Enhanced,"KY, MD, SC, TN, VA",3,01/01/2018,01/01/2025,0,0,,1,0,1,0,0,0,0,0,0,1,"4550 Montgomery Ave, Suite 1050N, Bethesda, MD, 20814",https://aledade.com/appalachia-mssp/,Kevin Van Dyke,kvandyke@aledade.com,(513) 532-9457,Travis Broome,travis@aledade.com,(202) 803-7979,Adam Barker,Alok Gupta,1
A3894,SUTHERLAND FAMILY PRACTICE INC,Aledade 37 VA MSSP Enhanced,"KY, MD, SC, TN, VA",3,01/01/2018,01/01/2025,0,0,,1,0,1,0,0,0,0,0,0,1,"4550 Montgomery Ave, Suite 1050N, Bethesda, MD, 20814",https://aledade.com/appalachia-mssp/,Kevin Van Dyke,kvandyke@aledade.com,(513) 532-9457,Travis Broome,travis@aledade.com,(202) 803-7979,Adam Barker,Alok Gupta,1
A3894,WOODBRIDGE INTERNAL MEDICINE PC,Aledade 37 VA MSSP Enhanced,"KY, MD, SC, TN, VA",3,01/01/2018,01/01/2025,0,0,,1,0,1,0,0,0,0,0,0,1,"4550 Montgomery Ave, Suite 1050N, Bethesda, MD, 20814",https://aledade.com/appalachia-mssp/,Kevin Van Dyke,kvandyke@aledade.com,(513) 532-9457,Travis Broome,travis@aledade.com,(202) 803-7979,Adam Barker,Alok Gupta,1
A4671,ABDULLAH RAFFEE MD. PC,Aledade 48 National MSSP Enhanced,"AR, AZ, FL, GA, MI, NJ, SC, TX, UT, VT",3,07/01/2019,01/01/2025,1,0,,1,0,1,0,0,0,0,0,0,1,"4550 Montgomery Ave, Suite 1050N, Bethesda, MD, 20814",https://aledade.com/national-mssp-2019/,Victoria Njoku-Anokam,vnjokuanokam@aledade.com,(917) 983-5669,Victoria Njoku-Anokam,vnjokuanokam@aledade.com,(917) 983-5669,Adam Barker,Joseph Brown,1
A4671,ABILENE FAMILY MEDICAL ASSOCIATES LLP,Aledade 48 National MSSP Enhanced,"AR, AZ, FL, GA, MI, NJ, SC, TX, UT, VT",3,07/01/2019,01/01/2025,1,0,,1,0,1,0,0,0,0,0,0,1,"4550 Montgomery Ave, Suite 1050N, Bethesda, MD, 20814",https://aledade.com/national-mssp-2019/,Victoria Njoku-Anokam,vnjokuanokam@aledade.com,(917) 983-5669,Victoria Njoku-Anokam,vnjokuanokam@aledade.com,(917) 983-5669,Adam Barker,Joseph Brown,1
A4671,ADULT AND GERIATRIC MEDICINE PC,Aledade 48 National MSSP Enhanced,"AR, AZ, FL, GA, MI, NJ, SC, TX, UT, VT",3,07/01/2019,01/01/2025,1,0,,1,0,1,0,0,0,0,0,0,1,"4550 Montgomery Ave, Suite 1050N, Bethesda, MD, 20814",https://aledade.com/national-mssp-2019/,Victoria Njoku-Anokam,vnjokuanokam@aledade.com,(917) 983-5669,Victoria Njoku-Anokam,vnjokuanokam@aledade.com,(917) 983-5669,Adam Barker,Joseph Brown,1
A4671,ARKANSAS FAMILY CARE NETWORK,Aledade 48 National MSSP Enhanced,"AR, AZ, FL, GA, MI, NJ, SC, TX, UT, VT",3,07/01/2019,01/01/2025,1,0,,1,0,1,0,0,0,0,0,0,1,"4550 Montgomery Ave, Suite 1050N, Bethesda, MD, 20814",https://aledade.com/national-mssp-2019/,Victoria Njoku-Anokam,vnjokuanokam@aledade.com,(917) 983-5669,Victoria Njoku-Anokam,vnjokuanokam@aledade.com,(917) 983-5669,Adam Barker,Joseph Brown,1
A4671,"ATLAS MEDICAL CARE,LLC",Aledade 48 National MSSP Enhanced,"AR, AZ, FL, GA, MI, NJ, SC, TX, UT, VT",3,07/01/2019,01/01/2025,1,0,,1,0,1,0,0,0,0,0,0,1,"4550 Montgomery Ave, Suite 1050N, Bethesda, MD, 20814",https://aledade.com/national-mssp-2019/,Victoria Njoku-Anokam,vnjokuanokam@aledade.com,(917) 983-5669,Victoria Njoku-Anokam,vnjokuanokam@aledade.com,(917) 983-5669,Adam Barker,Joseph Brown,1
A4671,BEAUMONT INTERNAL MEDICINE & GERIATRIC ASSOC.,Aledade 48 National MSSP Enhanced,"AR, AZ, FL, GA, MI, NJ, SC, TX, UT, VT",3,07/01/2019,01/01/2025,1,0,,1,0,1,0,0,0,0,0,0,1,"4550 Montgomery Ave, Suite 1050N, Bethesda, MD, 20814",https://aledade.com/national-mssp-2019/,Victoria Njoku-Anokam,vnjokuanokam@aledade.com,(917) 983-5669,Victoria Njoku-Anokam,vnjokuanokam@aledade.com,(917) 983-5669,Adam Barker,Joseph Brown,1
A4671,C RON BYRD MD PA,Aledade 48 National MSSP Enhanced,"AR, AZ, FL, GA, MI, NJ, SC, TX, UT, VT",3,07/01/2019,01/01/2025,1,0,,1,0,1,0,0,0,0,0,0,1,"4550 Montgomery Ave, Suite 1050N, Bethesda, MD, 20814",https://aledade.com/national-mssp-2019/,Victoria Njoku-Anokam,vnjokuanokam@aledade.com,(917) 983-5669,Victoria Njoku-Anokam,vnjokuanokam@aledade.com,(917) 983-5669,Adam Barker,Joseph Brown,1
A4671,CAN COMMUNITY HEALTH INC,Aledade 48 National MSSP Enhanced,"AR, AZ, FL, GA, MI, NJ, SC, TX, UT, VT",3,07/01/2019,01/01/2025,1,0,,1,0,1,0,0,0,0,0,0,1,"4550 Montgomery Ave, Suite 1050N, Bethesda, MD, 20814",https://aledade.com/national-mssp-2019/,Victoria Njoku-Anokam,vnjokuanokam@aledade.com,(917) 983-5669,Victoria Njoku-Anokam,vnjokuanokam@aledade.com,(917) 983-5669,Adam Barker,Joseph Brown,1
A4671,CARO EXPRESS CLINIC PLC,Aledade 48 National MSSP Enhanced,"AR, AZ, FL, GA, MI, NJ, SC, TX, UT, VT",3,07/01/2019,01/01/2025,1,0,,1,0,1,0,0,0,0,0,0,1,"4550 Montgomery Ave, Suite 1050N, Bethesda, MD, 20814",https://aledade.com/national-mssp-2019/,Victoria Njoku-Anokam,vnjokuanokam@aledade.com,(917) 983-5669,Victoria Njoku-Anokam,vnjokuanokam@aledade.com,(917) 983-5669,Adam Barker,Joseph Brown,1
A4671,CASS RIVER HEALTH PLAZA PLLC,Aledade 48 National MSSP Enhanced,"AR, AZ, FL, GA, MI, NJ, SC, TX, UT, VT",3,07/01/2019,01/01/2025,1,0,,1,0,1,0,0,0,0,0,0,1,"4550 Montgomery Ave, Suite 1050N, Bethesda, MD, 20814",https://aledade.com/national-mssp-2019/,Victoria Njoku-Anokam,vnjokuanokam@aledade.com,(917) 983-5669,Victoria Njoku-Anokam,vnjokuanokam@aledade.com,(917) 983-5669,Adam Barker,Joseph Brown,1
A4671,CENTER FOR FAMILY PRACTICE,Aledade 48 National MSSP Enhanced,"AR, AZ, FL, GA, MI, NJ, SC, TX, UT, VT",3,07/01/2019,01/01/2025,1,0,,1,0,1,0,0,0,0,0,0,1,"4550 Montgomery Ave, Suite 1050N, Bethesda, MD, 20814",https://aledade.com/national-mssp-2019/,Victoria Njoku-Anokam,vnjokuanokam@aledade.com,(917) 983-5669,Victoria Njoku-Anokam,vnjokuanokam@aledade.com,(917) 983-5669,Adam Barker,Joseph Brown,1
A4671,"CHEROKEE INTERNAL MEDICINE, P.C.",Aledade 48 National MSSP Enhanced,"AR, AZ, FL, GA, MI, NJ, SC, TX, UT, VT",3,07/01/2019,01/01/2025,1,0,,1,0,1,0,0,0,0,0,0,1,"4550 Montgomery Ave, Suite 1050N, Bethesda, MD, 20814",https://aledade.com/national-mssp-2019/,Victoria Njoku-Anokam,vnjokuanokam@aledade.com,(917) 983-5669,Victoria Njoku-Anokam,vnjokuanokam@aledade.com,(917) 983-5669,Adam Barker,Joseph Brown,1
A4671,COLUMBIA VIEW FAMILY HEALTH CENTER P C,Aledade 48 National MSSP Enhanced,"AR, AZ, FL, GA, MI, NJ, SC, TX, UT, VT",3,07/01/2019,01/01/2025,1,0,,1,0,1,0,0,0,0,0,0,1,"4550 Montgomery Ave, Suite 1050N, Bethesda, MD, 20814",https://aledade.com/national-mssp-2019/,Victoria Njoku-Anokam,vnjokuanokam@aledade.com,(917) 983-5669,Victoria Njoku-Anokam,vnjokuanokam@aledade.com,(917) 983-5669,Adam Barker,Joseph Brown,1
A4671,COLUMBIAVILLE FAMILY CLINIC PLLC,Aledade 48 National MSSP Enhanced,"AR, AZ, FL, GA, MI, NJ, SC, TX, UT, VT",3,07/01/2019,01/01/2025,1,0,,1,0,1,0,0,0,0,0,0,1,"4550 Montgomery Ave, Suite 1050N, Bethesda, MD, 20814",https://aledade.com/national-mssp-2019/,Victoria Njoku-Anokam,vnjokuanokam@aledade.com,(917) 983-5669,Victoria Njoku-Anokam,vnjokuanokam@aledade.com,(917) 983-5669,Adam Barker,Joseph Brown,1
A4671,CORNERSTONE FAMILY MEDICAL CENTER PLLC,Aledade 48 National MSSP Enhanced,"AR, AZ, FL, GA, MI, NJ, SC, TX, UT, VT",3,07/01/2019,01/01/2025,1,0,,1,0,1,0,0,0,0,0,0,1,"4550 Montgomery Ave, Suite 1050N, Bethesda, MD, 20814",https://aledade.com/national-mssp-2019/,Victoria Njoku-Anokam,vnjokuanokam@aledade.com,(917) 983-5669,Victoria Njoku-Anokam,vnjokuanokam@aledade.com,(917) 983-5669,Adam Barker,Joseph Brown,1
A4671,CREEK VALLEY HEALTH CLINIC,Aledade 48 National MSSP Enhanced,"AR, AZ, FL, GA, MI, NJ, SC, TX, UT, VT",3,07/01/2019,01/01/2025,1,0,,1,0,1,0,0,0,0,0,0,1,"4550 Montgomery Ave, Suite 1050N, Bethesda, MD, 20814",https://aledade.com/national-mssp-2019/,Victoria Njoku-Anokam,vnjokuanokam@aledade.com,(917) 983-5669,Victoria Njoku-Anokam,vnjokuanokam@aledade.com,(917) 983-5669,Adam Barker,Joseph Brown,1
A4671,CROSSROADS HEALTH CENTER PLLC,Aledade 48 National MSSP Enhanced,"AR, AZ, FL, GA, MI, NJ, SC, TX, UT, VT",3,07/01/2019,01/01/2025,1,0,,1,0,1,0,0,0,0,0,0,1,"4550 Montgomery Ave, Suite 1050N, Bethesda, MD, 20814",https://aledade.com/national-mssp-2019/,Victoria Njoku-Anokam,vnjokuanokam@aledade.com,(917) 983-5669,Victoria Njoku-Anokam,vnjokuanokam@aledade.com,(917) 983-5669,Adam Barker,Joseph Brown,1
A4671,CROSSROADS WALK-IN AND URGENT CARE CENTER PLLC,Aledade 48 National MSSP Enhanced,"AR, AZ, FL, GA, MI, NJ, SC, TX, UT, VT",3,07/01/2019,01/01/2025,1,0,,1,0,1,0,0,0,0,0,0,1,"4550 Montgomery Ave, Suite 1050N, Bethesda, MD, 20814",https://aledade.com/national-mssp-2019/,Victoria Njoku-Anokam,vnjokuanokam@aledade.com,(917) 983-5669,Victoria Njoku-Anokam,vnjokuanokam@aledade.com,(917) 983-5669,Adam Barker,Joseph Brown,1
A4671,DILEY MEDICAL GROUP LLC,Aledade 48 National MSSP Enhanced,"AR, AZ, FL, GA, MI, NJ, SC, TX, UT, VT",3,07/01/2019,01/01/2025,1,0,,1,0,1,0,0,0,0,0,0,1,"4550 Montgomery Ave, Suite 1050N, Bethesda, MD, 20814",https://aledade.com/national-mssp-2019/,Victoria Njoku-Anokam,vnjokuanokam@aledade.com,(917) 983-5669,Victoria Njoku-Anokam,vnjokuanokam@aledade.com,(917) 983-5669,Adam Barker,Joseph Brown,1
A4671,"DILLMAN CLINIC & LAB, INC",Aledade 48 National MSSP Enhanced,"AR, AZ, FL, GA, MI, NJ, SC, TX, UT, VT",3,07/01/2019,01/01/2025,1,0,,1,0,1,0,0,0,0,0,0,1,"4550 Montgomery Ave, Suite 1050N, Bethesda, MD, 20814",https://aledade.com/national-mssp-2019/,Victoria Njoku-Anokam,vnjokuanokam@aledade.com,(917) 983-5669,Victoria Njoku-Anokam,vnjokuanokam@aledade.com,(917) 983-5669,Adam Barker,Joseph Brown,1
A4671,EAST KY HEALTH SERVICE CENTER,Aledade 48 National MSSP Enhanced,"AR, AZ, FL, GA, MI, NJ, SC, TX, UT, VT",3,07/01/2019,01/01/2025,1,0,,1,0,1,0,0,0,0,0,0,1,"4550 Montgomery Ave, Suite 1050N, Bethesda, MD, 20814",https://aledade.com/national-mssp-2019/,Victoria Njoku-Anokam,vnjokuanokam@aledade.com,(917) 983-5669,Victoria Njoku-Anokam,vnjokuanokam@aledade.com,(917) 983-5669,Adam Barker,Joseph Brown,1
A4671,ELDAD S. BENMEN M.D. P.C,Aledade 48 National MSSP Enhanced,"AR, AZ, FL, GA, MI, NJ, SC, TX, UT, VT",3,07/01/2019,01/01/2025,1,0,,1,0,1,0,0,0,0,0,0,1,"4550 Montgomery Ave, Suite 1050N, Bethesda, MD, 20814",https://aledade.com/national-mssp-2019/,Victoria Njoku-Anokam,vnjokuanokam@aledade.com,(917) 983-5669,Victoria Njoku-Anokam,vnjokuanokam@aledade.com,(917) 983-5669,Adam Barker,Joseph Brown,1
A4671,EXODUS HEALTHCARE NETWORK PLLC,Aledade 48 National MSSP Enhanced,"AR, AZ, FL, GA, MI, NJ, SC, TX, UT, VT",3,07/01/2019,01/01/2025,1,0,,1,0,1,0,0,0,0,0,0,1,"4550 Montgomery Ave, Suite 1050N, Bethesda, MD, 20814",https://aledade.com/national-mssp-2019/,Victoria Njoku-Anokam,vnjokuanokam@aledade.com,(917) 983-5669,Victoria Njoku-Anokam,vnjokuanokam@aledade.com,(917) 983-5669,Adam Barker,Joseph Brown,1
A4671,F KHAN MD PC,Aledade 48 National MSSP Enhanced,"AR, AZ, FL, GA, MI, NJ, SC, TX, UT, VT",3,07/01/2019,01/01/2025,1,0,,1,0,1,0,0,0,0,0,0,1,"4550 Montgomery Ave, Suite 1050N, Bethesda, MD, 20814",https://aledade.com/national-mssp-2019/,Victoria Njoku-Anokam,vnjokuanokam@aledade.com,(917) 983-5669,Victoria Njoku-Anokam,vnjokuanokam@aledade.com,(917) 983-5669,Adam Barker,Joseph Brown,1
A4671,"FLUSHING HEALTHCARE, P.C.",Aledade 48 National MSSP Enhanced,"AR, AZ, FL, GA, MI, NJ, SC, TX, UT, VT",3,07/01/2019,01/01/2025,1,0,,1,0,1,0,0,0,0,0,0,1,"4550 Montgomery Ave, Suite 1050N, Bethesda, MD, 20814",https://aledade.com/national-mssp-2019/,Victoria Njoku-Anokam,vnjokuanokam@aledade.com,(917) 983-5669,Victoria Njoku-Anokam,vnjokuanokam@aledade.com,(917) 983-5669,Adam Barker,Joseph Brown,1
A4671,FORTE - PHOENIX PLLC,Aledade 48 National MSSP Enhanced,"AR, AZ, FL, GA, MI, NJ, SC, TX, UT, VT",3,07/01/2019,01/01/2025,1,0,,1,0,1,0,0,0,0,0,0,1,"4550 Montgomery Ave, Suite 1050N, Bethesda, MD, 20814",https://aledade.com/national-mssp-2019/,Victoria Njoku-Anokam,vnjokuanokam@aledade.com,(917) 983-5669,Victoria Njoku-Anokam,vnjokuanokam@aledade.com,(917) 983-5669,Adam Barker,Joseph Brown,1
A4671,FRONTERA HEALTHCARE NETWORK,Aledade 48 National MSSP Enhanced,"AR, AZ, FL, GA, MI, NJ, SC, TX, UT, VT",3,07/01/2019,01/01/2025,1,0,,1,0,1,0,0,0,0,0,0,1,"4550 Montgomery Ave, Suite 1050N, Bethesda, MD, 20814",https://aledade.com/national-mssp-2019/,Victoria Njoku-Anokam,vnjokuanokam@aledade.com,(917) 983-5669,Victoria Njoku-Anokam,vnjokuanokam@aledade.com,(917) 983-5669,Adam Barker,Joseph Brown,1
A4671,GLADWIN FAMILY CARE PLLC,Aledade 48 National MSSP Enhanced,"AR, AZ, FL, GA, MI, NJ, SC, TX, UT, VT",3,07/01/2019,01/01/2025,1,0,,1,0,1,0,0,0,0,0,0,1,"4550 Montgomery Ave, Suite 1050N, Bethesda, MD, 20814",https://aledade.com/national-mssp-2019/,Victoria Njoku-Anokam,vnjokuanokam@aledade.com,(917) 983-5669,Victoria Njoku-Anokam,vnjokuanokam@aledade.com,(917) 983-5669,Adam Barker,Joseph Brown,1
A4671,HEALTH ASSURE MEDICAL ASSOCIATES INC,Aledade 48 National MSSP Enhanced,"AR, AZ, FL, GA, MI, NJ, SC, TX, UT, VT",3,07/01/2019,01/01/2025,1,0,,1,0,1,0,0,0,0,0,0,1,"4550 Montgomery Ave, Suite 1050N, Bethesda, MD, 20814",https://aledade.com/national-mssp-2019/,Victoria Njoku-Anokam,vnjokuanokam@aledade.com,(917) 983-5669,Victoria Njoku-Anokam,vnjokuanokam@aledade.com,(917) 983-5669,Adam Barker,Joseph Brown,1
A4671,HURON HEALTH CARE RASHID IQBAL MD PC,Aledade 48 National MSSP Enhanced,"AR, AZ, FL, GA, MI, NJ, SC, TX, UT, VT",3,07/01/2019,01/01/2025,1,0,,1,0,1,0,0,0,0,0,0,1,"4550 Montgomery Ave, Suite 1050N, Bethesda, MD, 20814",https://aledade.com/national-mssp-2019/,Victoria Njoku-Anokam,vnjokuanokam@aledade.com,(917) 983-5669,Victoria Njoku-Anokam,vnjokuanokam@aledade.com,(917) 983-5669,Adam Barker,Joseph Brown,1
A4671,"INTERNAL MEDICINE ASSOCIATES OF MIDDLE GEORGIA, P.C.",Aledade 48 National MSSP Enhanced,"AR, AZ, FL, GA, MI, NJ, SC, TX, UT, VT",3,07/01/2019,01/01/2025,1,0,,1,0,1,0,0,0,0,0,0,1,"4550 Montgomery Ave, Suite 1050N, Bethesda, MD, 20814",https://aledade.com/national-mssp-2019/,Victoria Njoku-Anokam,vnjokuanokam@aledade.com,(917) 983-5669,Victoria Njoku-Anokam,vnjokuanokam@aledade.com,(917) 983-5669,Adam Barker,Joseph Brown,1
A4671,"JANICE G. SADAYA-CONDA M.D., PLLC",Aledade 48 National MSSP Enhanced,"AR, AZ, FL, GA, MI, NJ, SC, TX, UT, VT",3,07/01/2019,01/01/2025,1,0,,1,0,1,0,0,0,0,0,0,1,"4550 Montgomery Ave, Suite 1050N, Bethesda, MD, 20814",https://aledade.com/national-mssp-2019/,Victoria Njoku-Anokam,vnjokuanokam@aledade.com,(917) 983-5669,Victoria Njoku-Anokam,vnjokuanokam@aledade.com,(917) 983-5669,Adam Barker,Joseph Brown,1
A4671,JONATHAN E PASKO MD PC,Aledade 48 National MSSP Enhanced,"AR, AZ, FL, GA, MI, NJ, SC, TX, UT, VT",3,07/01/2019,01/01/2025,1,0,,1,0,1,0,0,0,0,0,0,1,"4550 Montgomery Ave, Suite 1050N, Bethesda, MD, 20814",https://aledade.com/national-mssp-2019/,Victoria Njoku-Anokam,vnjokuanokam@aledade.com,(917) 983-5669,Victoria Njoku-Anokam,vnjokuanokam@aledade.com,(917) 983-5669,Adam Barker,Joseph Brown,1
A4671,JP WORNOCK MD PA,Aledade 48 National MSSP Enhanced,"AR, AZ, FL, GA, MI, NJ, SC, TX, UT, VT",3,07/01/2019,01/01/2025,1,0,,1,0,1,0,0,0,0,0,0,1,"4550 Montgomery Ave, Suite 1050N, Bethesda, MD, 20814",https://aledade.com/national-mssp-2019/,Victoria Njoku-Anokam,vnjokuanokam@aledade.com,(917) 983-5669,Victoria Njoku-Anokam,vnjokuanokam@aledade.com,(917) 983-5669,Adam Barker,Joseph Brown,1
A4671,LAKE CUMBERLAND PEDIATRICS PLLC,Aledade 48 National MSSP Enhanced,"AR, AZ, FL, GA, MI, NJ, SC, TX, UT, VT",3,07/01/2019,01/01/2025,1,0,,1,0,1,0,0,0,0,0,0,1,"4550 Montgomery Ave, Suite 1050N, Bethesda, MD, 20814",https://aledade.com/national-mssp-2019/,Victoria Njoku-Anokam,vnjokuanokam@aledade.com,(917) 983-5669,Victoria Njoku-Anokam,vnjokuanokam@aledade.com,(917) 983-5669,Adam Barker,Joseph Brown,1
A4671,LIVE WELL FAMILY MEDICINE PLC,Aledade 48 National MSSP Enhanced,"AR, AZ, FL, GA, MI, NJ, SC, TX, UT, VT",3,07/01/2019,01/01/2025,1,0,,1,0,1,0,0,0,0,0,0,1,"4550 Montgomery Ave, Suite 1050N, Bethesda, MD, 20814",https://aledade.com/national-mssp-2019/,Victoria Njoku-Anokam,vnjokuanokam@aledade.com,(917) 983-5669,Victoria Njoku-Anokam,vnjokuanokam@aledade.com,(917) 983-5669,Adam Barker,Joseph Brown,1
A4671,M.W. EUSTACE M.D. PLC,Aledade 48 National MSSP Enhanced,"AR, AZ, FL, GA, MI, NJ, SC, TX, UT, VT",3,07/01/2019,01/01/2025,1,0,,1,0,1,0,0,0,0,0,0,1,"4550 Montgomery Ave, Suite 1050N, Bethesda, MD, 20814",https://aledade.com/national-mssp-2019/,Victoria Njoku-Anokam,vnjokuanokam@aledade.com,(917) 983-5669,Victoria Njoku-Anokam,vnjokuanokam@aledade.com,(917) 983-5669,Adam Barker,Joseph Brown,1
A4671,MAGNOLIA FAMILY PRACTICE LLC,Aledade 48 National MSSP Enhanced,"AR, AZ, FL, GA, MI, NJ, SC, TX, UT, VT",3,07/01/2019,01/01/2025,1,0,,1,0,1,0,0,0,0,0,0,1,"4550 Montgomery Ave, Suite 1050N, Bethesda, MD, 20814",https://aledade.com/national-mssp-2019/,Victoria Njoku-Anokam,vnjokuanokam@aledade.com,(917) 983-5669,Victoria Njoku-Anokam,vnjokuanokam@aledade.com,(917) 983-5669,Adam Barker,Joseph Brown,1
A4671,MAHESH B. PATEL,Aledade 48 National MSSP Enhanced,"AR, AZ, FL, GA, MI, NJ, SC, TX, UT, VT",3,07/01/2019,01/01/2025,1,0,,1,0,1,0,0,0,0,0,0,1,"4550 Montgomery Ave, Suite 1050N, Bethesda, MD, 20814",https://aledade.com/national-mssp-2019/,Victoria Njoku-Anokam,vnjokuanokam@aledade.com,(917) 983-5669,Victoria Njoku-Anokam,vnjokuanokam@aledade.com,(917) 983-5669,Adam Barker,Joseph Brown,1
A4671,MAY GHALIB MD PC,Aledade 48 National MSSP Enhanced,"AR, AZ, FL, GA, MI, NJ, SC, TX, UT, VT",3,07/01/2019,01/01/2025,1,0,,1,0,1,0,0,0,0,0,0,1,"4550 Montgomery Ave, Suite 1050N, Bethesda, MD, 20814",https://aledade.com/national-mssp-2019/,Victoria Njoku-Anokam,vnjokuanokam@aledade.com,(917) 983-5669,Victoria Njoku-Anokam,vnjokuanokam@aledade.com,(917) 983-5669,Adam Barker,Joseph Brown,1
A4671,MCCLINTOCK FAMILY MEDICINE,Aledade 48 National MSSP Enhanced,"AR, AZ, FL, GA, MI, NJ, SC, TX, UT, VT",3,07/01/2019,01/01/2025,1,0,,1,0,1,0,0,0,0,0,0,1,"4550 Montgomery Ave, Suite 1050N, Bethesda, MD, 20814",https://aledade.com/national-mssp-2019/,Victoria Njoku-Anokam,vnjokuanokam@aledade.com,(917) 983-5669,Victoria Njoku-Anokam,vnjokuanokam@aledade.com,(917) 983-5669,Adam Barker,Joseph Brown,1
A4671,"MICHIGAN INTERNAL MEDICINE & PEDIATRICS, P.C.",Aledade 48 National MSSP Enhanced,"AR, AZ, FL, GA, MI, NJ, SC, TX, UT, VT",3,07/01/2019,01/01/2025,1,0,,1,0,1,0,0,0,0,0,0,1,"4550 Montgomery Ave, Suite 1050N, Bethesda, MD, 20814",https://aledade.com/national-mssp-2019/,Victoria Njoku-Anokam,vnjokuanokam@aledade.com,(917) 983-5669,Victoria Njoku-Anokam,vnjokuanokam@aledade.com,(917) 983-5669,Adam Barker,Joseph Brown,1
A4671,MIDLAND MEDICAL BROWARD LLC,Aledade 48 National MSSP Enhanced,"AR, AZ, FL, GA, MI, NJ, SC, TX, UT, VT",3,07/01/2019,01/01/2025,1,0,,1,0,1,0,0,0,0,0,0,1,"4550 Montgomery Ave, Suite 1050N, Bethesda, MD, 20814",https://aledade.com/national-mssp-2019/,Victoria Njoku-Anokam,vnjokuanokam@aledade.com,(917) 983-5669,Victoria Njoku-Anokam,vnjokuanokam@aledade.com,(917) 983-5669,Adam Barker,Joseph Brown,1
A4671,MIDWEST MEDICAL PRACTITIONERS LLC,Aledade 48 National MSSP Enhanced,"AR, AZ, FL, GA, MI, NJ, SC, TX, UT, VT",3,07/01/2019,01/01/2025,1,0,,1,0,1,0,0,0,0,0,0,1,"4550 Montgomery Ave, Suite 1050N, Bethesda, MD, 20814",https://aledade.com/national-mssp-2019/,Victoria Njoku-Anokam,vnjokuanokam@aledade.com,(917) 983-5669,Victoria Njoku-Anokam,vnjokuanokam@aledade.com,(917) 983-5669,Adam Barker,Joseph Brown,1
A4671,MINAKSHI NIJHAWAN,Aledade 48 National MSSP Enhanced,"AR, AZ, FL, GA, MI, NJ, SC, TX, UT, VT",3,07/01/2019,01/01/2025,1,0,,1,0,1,0,0,0,0,0,0,1,"4550 Montgomery Ave, Suite 1050N, Bethesda, MD, 20814",https://aledade.com/national-mssp-2019/,Victoria Njoku-Anokam,vnjokuanokam@aledade.com,(917) 983-5669,Victoria Njoku-Anokam,vnjokuanokam@aledade.com,(917) 983-5669,Adam Barker,Joseph Brown,1
A4671,MOHAMED ALLY HEALTH PLAZA PLLC,Aledade 48 National MSSP Enhanced,"AR, AZ, FL, GA, MI, NJ, SC, TX, UT, VT",3,07/01/2019,01/01/2025,1,0,,1,0,1,0,0,0,0,0,0,1,"4550 Montgomery Ave, Suite 1050N, Bethesda, MD, 20814",https://aledade.com/national-mssp-2019/,Victoria Njoku-Anokam,vnjokuanokam@aledade.com,(917) 983-5669,Victoria Njoku-Anokam,vnjokuanokam@aledade.com,(917) 983-5669,Adam Barker,Joseph Brown,1
A4671,NAVESINK MEDICAL ASSOCIATES LLC,Aledade 48 National MSSP Enhanced,"AR, AZ, FL, GA, MI, NJ, SC, TX, UT, VT",3,07/01/2019,01/01/2025,1,0,,1,0,1,0,0,0,0,0,0,1,"4550 Montgomery Ave, Suite 1050N, Bethesda, MD, 20814",https://aledade.com/national-mssp-2019/,Victoria Njoku-Anokam,vnjokuanokam@aledade.com,(917) 983-5669,Victoria Njoku-Anokam,vnjokuanokam@aledade.com,(917) 983-5669,Adam Barker,Joseph Brown,1
A4671,NORTH CENTRAL TEXAS COMMUNITY HEALTH CARE CENTER INC,Aledade 48 National MSSP Enhanced,"AR, AZ, FL, GA, MI, NJ, SC, TX, UT, VT",3,07/01/2019,01/01/2025,1,0,,1,0,1,0,0,0,0,0,0,1,"4550 Montgomery Ave, Suite 1050N, Bethesda, MD, 20814",https://aledade.com/national-mssp-2019/,Victoria Njoku-Anokam,vnjokuanokam@aledade.com,(917) 983-5669,Victoria Njoku-Anokam,vnjokuanokam@aledade.com,(917) 983-5669,Adam Barker,Joseph Brown,1
A4671,NORTH VALLEY FAMILY MEDICINE PC,Aledade 48 National MSSP Enhanced,"AR, AZ, FL, GA, MI, NJ, SC, TX, UT, VT",3,07/01/2019,01/01/2025,1,0,,1,0,1,0,0,0,0,0,0,1,"4550 Montgomery Ave, Suite 1050N, Bethesda, MD, 20814",https://aledade.com/national-mssp-2019/,Victoria Njoku-Anokam,vnjokuanokam@aledade.com,(917) 983-5669,Victoria Njoku-Anokam,vnjokuanokam@aledade.com,(917) 983-5669,Adam Barker,Joseph Brown,1
A4671,PIYUSH R PATEL MD PC,Aledade 48 National MSSP Enhanced,"AR, AZ, FL, GA, MI, NJ, SC, TX, UT, VT",3,07/01/2019,01/01/2025,1,0,,1,0,1,0,0,0,0,0,0,1,"4550 Montgomery Ave, Suite 1050N, Bethesda, MD, 20814",https://aledade.com/national-mssp-2019/,Victoria Njoku-Anokam,vnjokuanokam@aledade.com,(917) 983-5669,Victoria Njoku-Anokam,vnjokuanokam@aledade.com,(917) 983-5669,Adam Barker,Joseph Brown,1
A4671,PREMIER MEDICAL CLINIC,Aledade 48 National MSSP Enhanced,"AR, AZ, FL, GA, MI, NJ, SC, TX, UT, VT",3,07/01/2019,01/01/2025,1,0,,1,0,1,0,0,0,0,0,0,1,"4550 Montgomery Ave, Suite 1050N, Bethesda, MD, 20814",https://aledade.com/national-mssp-2019/,Victoria Njoku-Anokam,vnjokuanokam@aledade.com,(917) 983-5669,Victoria Njoku-Anokam,vnjokuanokam@aledade.com,(917) 983-5669,Adam Barker,Joseph Brown,1
A4671,RANDOLPH COMMUNITY CLINIC SC,Aledade 48 National MSSP Enhanced,"AR, AZ, FL, GA, MI, NJ, SC, TX, UT, VT",3,07/01/2019,01/01/2025,1,0,,1,0,1,0,0,0,0,0,0,1,"4550 Montgomery Ave, Suite 1050N, Bethesda, MD, 20814",https://aledade.com/national-mssp-2019/,Victoria Njoku-Anokam,vnjokuanokam@aledade.com,(917) 983-5669,Victoria Njoku-Anokam,vnjokuanokam@aledade.com,(917) 983-5669,Adam Barker,Joseph Brown,1
A4671,REBELLO MEDICAL ASSOCIATES MD PL,Aledade 48 National MSSP Enhanced,"AR, AZ, FL, GA, MI, NJ, SC, TX, UT, VT",3,07/01/2019,01/01/2025,1,0,,1,0,1,0,0,0,0,0,0,1,"4550 Montgomery Ave, Suite 1050N, Bethesda, MD, 20814",https://aledade.com/national-mssp-2019/,Victoria Njoku-Anokam,vnjokuanokam@aledade.com,(917) 983-5669,Victoria Njoku-Anokam,vnjokuanokam@aledade.com,(917) 983-5669,Adam Barker,Joseph Brown,1
A4671,RICHARD BUURMAN,Aledade 48 National MSSP Enhanced,"AR, AZ, FL, GA, MI, NJ, SC, TX, UT, VT",3,07/01/2019,01/01/2025,1,0,,1,0,1,0,0,0,0,0,0,1,"4550 Montgomery Ave, Suite 1050N, Bethesda, MD, 20814",https://aledade.com/national-mssp-2019/,Victoria Njoku-Anokam,vnjokuanokam@aledade.com,(917) 983-5669,Victoria Njoku-Anokam,vnjokuanokam@aledade.com,(917) 983-5669,Adam Barker,Joseph Brown,1
A4671,ROCKY VISTA HEALTH CENTER LLC,Aledade 48 National MSSP Enhanced,"AR, AZ, FL, GA, MI, NJ, SC, TX, UT, VT",3,07/01/2019,01/01/2025,1,0,,1,0,1,0,0,0,0,0,0,1,"4550 Montgomery Ave, Suite 1050N, Bethesda, MD, 20814",https://aledade.com/national-mssp-2019/,Victoria Njoku-Anokam,vnjokuanokam@aledade.com,(917) 983-5669,Victoria Njoku-Anokam,vnjokuanokam@aledade.com,(917) 983-5669,Adam Barker,Joseph Brown,1
A4671,RONALD SMITH,Aledade 48 National MSSP Enhanced,"AR, AZ, FL, GA, MI, NJ, SC, TX, UT, VT",3,07/01/2019,01/01/2025,1,0,,1,0,1,0,0,0,0,0,0,1,"4550 Montgomery Ave, Suite 1050N, Bethesda, MD, 20814",https://aledade.com/national-mssp-2019/,Victoria Njoku-Anokam,vnjokuanokam@aledade.com,(917) 983-5669,Victoria Njoku-Anokam,vnjokuanokam@aledade.com,(917) 983-5669,Adam Barker,Joseph Brown,1
A4671,SAGINAW VALLEY WALK IN CLINIC PLLC,Aledade 48 National MSSP Enhanced,"AR, AZ, FL, GA, MI, NJ, SC, TX, UT, VT",3,07/01/2019,01/01/2025,1,0,,1,0,1,0,0,0,0,0,0,1,"4550 Montgomery Ave, Suite 1050N, Bethesda, MD, 20814",https://aledade.com/national-mssp-2019/,Victoria Njoku-Anokam,vnjokuanokam@aledade.com,(917) 983-5669,Victoria Njoku-Anokam,vnjokuanokam@aledade.com,(917) 983-5669,Adam Barker,Joseph Brown,1
A4671,SCOTT BLOOM MD PC,Aledade 48 National MSSP Enhanced,"AR, AZ, FL, GA, MI, NJ, SC, TX, UT, VT",3,07/01/2019,01/01/2025,1,0,,1,0,1,0,0,0,0,0,0,1,"4550 Montgomery Ave, Suite 1050N, Bethesda, MD, 20814",https://aledade.com/national-mssp-2019/,Victoria Njoku-Anokam,vnjokuanokam@aledade.com,(917) 983-5669,Victoria Njoku-Anokam,vnjokuanokam@aledade.com,(917) 983-5669,Adam Barker,Joseph Brown,1
A4671,SCOTTSDALE FAMILY HEALTH PLLC,Aledade 48 National MSSP Enhanced,"AR, AZ, FL, GA, MI, NJ, SC, TX, UT, VT",3,07/01/2019,01/01/2025,1,0,,1,0,1,0,0,0,0,0,0,1,"4550 Montgomery Ave, Suite 1050N, Bethesda, MD, 20814",https://aledade.com/national-mssp-2019/,Victoria Njoku-Anokam,vnjokuanokam@aledade.com,(917) 983-5669,Victoria Njoku-Anokam,vnjokuanokam@aledade.com,(917) 983-5669,Adam Barker,Joseph Brown,1
A4671,SHAHEEN MOHAMMED MD PC,Aledade 48 National MSSP Enhanced,"AR, AZ, FL, GA, MI, NJ, SC, TX, UT, VT",3,07/01/2019,01/01/2025,1,0,,1,0,1,0,0,0,0,0,0,1,"4550 Montgomery Ave, Suite 1050N, Bethesda, MD, 20814",https://aledade.com/national-mssp-2019/,Victoria Njoku-Anokam,vnjokuanokam@aledade.com,(917) 983-5669,Victoria Njoku-Anokam,vnjokuanokam@aledade.com,(917) 983-5669,Adam Barker,Joseph Brown,1
A4671,SIAVASH KARIMIAN MD OF NEW MEXICO PC DBA ROSWELL MEDICO,Aledade 48 National MSSP Enhanced,"AR, AZ, FL, GA, MI, NJ, SC, TX, UT, VT",3,07/01/2019,01/01/2025,1,0,,1,0,1,0,0,0,0,0,0,1,"4550 Montgomery Ave, Suite 1050N, Bethesda, MD, 20814",https://aledade.com/national-mssp-2019/,Victoria Njoku-Anokam,vnjokuanokam@aledade.com,(917) 983-5669,Victoria Njoku-Anokam,vnjokuanokam@aledade.com,(917) 983-5669,Adam Barker,Joseph Brown,1
A4671,"SOUTHWEST INTERNAL MEDICINE, P. C.",Aledade 48 National MSSP Enhanced,"AR, AZ, FL, GA, MI, NJ, SC, TX, UT, VT",3,07/01/2019,01/01/2025,1,0,,1,0,1,0,0,0,0,0,0,1,"4550 Montgomery Ave, Suite 1050N, Bethesda, MD, 20814",https://aledade.com/national-mssp-2019/,Victoria Njoku-Anokam,vnjokuanokam@aledade.com,(917) 983-5669,Victoria Njoku-Anokam,vnjokuanokam@aledade.com,(917) 983-5669,Adam Barker,Joseph Brown,1
A4671,SPRINGWOOD LAKE PRIMARY CARE LLC,Aledade 48 National MSSP Enhanced,"AR, AZ, FL, GA, MI, NJ, SC, TX, UT, VT",3,07/01/2019,01/01/2025,1,0,,1,0,1,0,0,0,0,0,0,1,"4550 Montgomery Ave, Suite 1050N, Bethesda, MD, 20814",https://aledade.com/national-mssp-2019/,Victoria Njoku-Anokam,vnjokuanokam@aledade.com,(917) 983-5669,Victoria Njoku-Anokam,vnjokuanokam@aledade.com,(917) 983-5669,Adam Barker,Joseph Brown,1
A4671,ST CHARLES FAMILY CLINIC PLLC,Aledade 48 National MSSP Enhanced,"AR, AZ, FL, GA, MI, NJ, SC, TX, UT, VT",3,07/01/2019,01/01/2025,1,0,,1,0,1,0,0,0,0,0,0,1,"4550 Montgomery Ave, Suite 1050N, Bethesda, MD, 20814",https://aledade.com/national-mssp-2019/,Victoria Njoku-Anokam,vnjokuanokam@aledade.com,(917) 983-5669,Victoria Njoku-Anokam,vnjokuanokam@aledade.com,(917) 983-5669,Adam Barker,Joseph Brown,1
A4671,STONECREEK MEDICAL ASSOCIATES PC,Aledade 48 National MSSP Enhanced,"AR, AZ, FL, GA, MI, NJ, SC, TX, UT, VT",3,07/01/2019,01/01/2025,1,0,,1,0,1,0,0,0,0,0,0,1,"4550 Montgomery Ave, Suite 1050N, Bethesda, MD, 20814",https://aledade.com/national-mssp-2019/,Victoria Njoku-Anokam,vnjokuanokam@aledade.com,(917) 983-5669,Victoria Njoku-Anokam,vnjokuanokam@aledade.com,(917) 983-5669,Adam Barker,Joseph Brown,1
A4671,SYMBIOS MEDICAL SERVICES,Aledade 48 National MSSP Enhanced,"AR, AZ, FL, GA, MI, NJ, SC, TX, UT, VT",3,07/01/2019,01/01/2025,1,0,,1,0,1,0,0,0,0,0,0,1,"4550 Montgomery Ave, Suite 1050N, Bethesda, MD, 20814",https://aledade.com/national-mssp-2019/,Victoria Njoku-Anokam,vnjokuanokam@aledade.com,(917) 983-5669,Victoria Njoku-Anokam,vnjokuanokam@aledade.com,(917) 983-5669,Adam Barker,Joseph Brown,1
A4671,"THOMAS CHITTENDEN HEALTH CENTER, PLC",Aledade 48 National MSSP Enhanced,"AR, AZ, FL, GA, MI, NJ, SC, TX, UT, VT",3,07/01/2019,01/01/2025,1,0,,1,0,1,0,0,0,0,0,0,1,"4550 Montgomery Ave, Suite 1050N, Bethesda, MD, 20814",https://aledade.com/national-mssp-2019/,Victoria Njoku-Anokam,vnjokuanokam@aledade.com,(917) 983-5669,Victoria Njoku-Anokam,vnjokuanokam@aledade.com,(917) 983-5669,Adam Barker,Joseph Brown,1
A4671,"TRI-COUNTY MEDICAL CENTER, P.C.",Aledade 48 National MSSP Enhanced,"AR, AZ, FL, GA, MI, NJ, SC, TX, UT, VT",3,07/01/2019,01/01/2025,1,0,,1,0,1,0,0,0,0,0,0,1,"4550 Montgomery Ave, Suite 1050N, Bethesda, MD, 20814",https://aledade.com/national-mssp-2019/,Victoria Njoku-Anokam,vnjokuanokam@aledade.com,(917) 983-5669,Victoria Njoku-Anokam,vnjokuanokam@aledade.com,(917) 983-5669,Adam Barker,Joseph Brown,1
A4671,TRINITY FAMILY MEDICAL CLINIC,Aledade 48 National MSSP Enhanced,"AR, AZ, FL, GA, MI, NJ, SC, TX, UT, VT",3,07/01/2019,01/01/2025,1,0,,1,0,1,0,0,0,0,0,0,1,"4550 Montgomery Ave, Suite 1050N, Bethesda, MD, 20814",https://aledade.com/national-mssp-2019/,Victoria Njoku-Anokam,vnjokuanokam@aledade.com,(917) 983-5669,Victoria Njoku-Anokam,vnjokuanokam@aledade.com,(917) 983-5669,Adam Barker,Joseph Brown,1
A4671,"TRUSTCARE PRIMARY CARE, LLC",Aledade 48 National MSSP Enhanced,"AR, AZ, FL, GA, MI, NJ, SC, TX, UT, VT",3,07/01/2019,01/01/2025,1,0,,1,0,1,0,0,0,0,0,0,1,"4550 Montgomery Ave, Suite 1050N, Bethesda, MD, 20814",https://aledade.com/national-mssp-2019/,Victoria Njoku-Anokam,vnjokuanokam@aledade.com,(917) 983-5669,Victoria Njoku-Anokam,vnjokuanokam@aledade.com,(917) 983-5669,Adam Barker,Joseph Brown,1
A4671,VIBHA,Aledade 48 National MSSP Enhanced,"AR, AZ, FL, GA, MI, NJ, SC, TX, UT, VT",3,07/01/2019,01/01/2025,1,0,,1,0,1,0,0,0,0,0,0,1,"4550 Montgomery Ave, Suite 1050N, Bethesda, MD, 20814",https://aledade.com/national-mssp-2019/,Victoria Njoku-Anokam,vnjokuanokam@aledade.com,(917) 983-5669,Victoria Njoku-Anokam,vnjokuanokam@aledade.com,(917) 983-5669,Adam Barker,Joseph Brown,1
A4671,"VOSKUHL & MCGHEE, M.D.,INC.",Aledade 48 National MSSP Enhanced,"AR, AZ, FL, GA, MI, NJ, SC, TX, UT, VT",3,07/01/2019,01/01/2025,1,0,,1,0,1,0,0,0,0,0,0,1,"4550 Montgomery Ave, Suite 1050N, Bethesda, MD, 20814",https://aledade.com/national-mssp-2019/,Victoria Njoku-Anokam,vnjokuanokam@aledade.com,(917) 983-5669,Victoria Njoku-Anokam,vnjokuanokam@aledade.com,(917) 983-5669,Adam Barker,Joseph Brown,1
A4671,VSVL MEDICAL SERVICES PLLC,Aledade 48 National MSSP Enhanced,"AR, AZ, FL, GA, MI, NJ, SC, TX, UT, VT",3,07/01/2019,01/01/2025,1,0,,1,0,1,0,0,0,0,0,0,1,"4550 Montgomery Ave, Suite 1050N, Bethesda, MD, 20814",https://aledade.com/national-mssp-2019/,Victoria Njoku-Anokam,vnjokuanokam@aledade.com,(917) 983-5669,Victoria Njoku-Anokam,vnjokuanokam@aledade.com,(917) 983-5669,Adam Barker,Joseph Brown,1
A4671,WEST OLYMPIA INTERNAL MEDICINE PLLC,Aledade 48 National MSSP Enhanced,"AR, AZ, FL, GA, MI, NJ, SC, TX, UT, VT",3,07/01/2019,01/01/2025,1,0,,1,0,1,0,0,0,0,0,0,1,"4550 Montgomery Ave, Suite 1050N, Bethesda, MD, 20814",https://aledade.com/national-mssp-2019/,Victoria Njoku-Anokam,vnjokuanokam@aledade.com,(917) 983-5669,Victoria Njoku-Anokam,vnjokuanokam@aledade.com,(917) 983-5669,Adam Barker,Joseph Brown,1
A2916,ALTUS PREMIER HEALTH CLINIC PLLC,Aledade A2916 KS OK MSSP Enhanced,"KS, OK",3,01/01/2016,01/01/2025,0,0,,1,0,1,0,1,0,0,0,0,1,"4550 Montgomery Ave, Suite 1050N, Bethseda, MD, 20814",https://aledade.com/ks-mssp-enhanced/,AMY BYER,abyer@aledade.com,(316) 737-9743,Travis Broome,travis@aledade.com,(202) 803-7979,Adam Barker,Jeremy Presley,1
A2916,Andover Family Medicine LLC,Aledade A2916 KS OK MSSP Enhanced,"KS, OK",3,01/01/2016,01/01/2025,0,0,,1,0,1,0,1,0,0,0,0,1,"4550 Montgomery Ave, Suite 1050N, Bethseda, MD, 20814",https://aledade.com/ks-mssp-enhanced/,AMY BYER,abyer@aledade.com,(316) 737-9743,Travis Broome,travis@aledade.com,(202) 803-7979,Adam Barker,Jeremy Presley,1
A2916,Bryan C Davis MD PA,Aledade A2916 KS OK MSSP Enhanced,"KS, OK",3,01/01/2016,01/01/2025,0,0,,1,0,1,0,1,0,0,0,0,1,"4550 Montgomery Ave, Suite 1050N, Bethseda, MD, 20814",https://aledade.com/ks-mssp-enhanced/,AMY BYER,abyer@aledade.com,(316) 737-9743,Travis Broome,travis@aledade.com,(202) 803-7979,Adam Barker,Jeremy Presley,1
A2916,Bryan K Dennett MD PA,Aledade A2916 KS OK MSSP Enhanced,"KS, OK",3,01/01/2016,01/01/2025,0,0,,1,0,1,0,1,0,0,0,0,1,"4550 Montgomery Ave, Suite 1050N, Bethseda, MD, 20814",https://aledade.com/ks-mssp-enhanced/,AMY BYER,abyer@aledade.com,(316) 737-9743,Travis Broome,travis@aledade.com,(202) 803-7979,Adam Barker,Jeremy Presley,1
A2916,CHRISTOPHER W ORENDORFF MD PC,Aledade A2916 KS OK MSSP Enhanced,"KS, OK",3,01/01/2016,01/01/2025,0,0,,1,0,1,0,1,0,0,0,0,1,"4550 Montgomery Ave, Suite 1050N, Bethseda, MD, 20814",https://aledade.com/ks-mssp-enhanced/,AMY BYER,abyer@aledade.com,(316) 737-9743,Travis Broome,travis@aledade.com,(202) 803-7979,Adam Barker,Jeremy Presley,1
A2916,GOVE COUNTY MEDICAL CENTER,Aledade A2916 KS OK MSSP Enhanced,"KS, OK",3,01/01/2016,01/01/2025,0,0,,1,0,1,0,1,0,0,0,0,1,"4550 Montgomery Ave, Suite 1050N, Bethseda, MD, 20814",https://aledade.com/ks-mssp-enhanced/,AMY BYER,abyer@aledade.com,(316) 737-9743,Travis Broome,travis@aledade.com,(202) 803-7979,Adam Barker,Jeremy Presley,1
A2916,HILLSIDE MEDICAL OFFICE LLC,Aledade A2916 KS OK MSSP Enhanced,"KS, OK",3,01/01/2016,01/01/2025,0,0,,1,0,1,0,1,0,0,0,0,1,"4550 Montgomery Ave, Suite 1050N, Bethseda, MD, 20814",https://aledade.com/ks-mssp-enhanced/,AMY BYER,abyer@aledade.com,(316) 737-9743,Travis Broome,travis@aledade.com,(202) 803-7979,Adam Barker,Jeremy Presley,1
A2916,JAMES SERATT,Aledade A2916 KS OK MSSP Enhanced,"KS, OK",3,01/01/2016,01/01/2025,0,0,,1,0,1,0,1,0,0,0,0,1,"4550 Montgomery Ave, Suite 1050N, Bethseda, MD, 20814",https://aledade.com/ks-mssp-enhanced/,AMY BYER,abyer@aledade.com,(316) 737-9743,Travis Broome,travis@aledade.com,(202) 803-7979,Adam Barker,Jeremy Presley,1
A2916,KNOLL CLINIC LLC,Aledade A2916 KS OK MSSP Enhanced,"KS, OK",3,01/01/2016,01/01/2025,0,0,,1,0,1,0,1,0,0,0,0,1,"4550 Montgomery Ave, Suite 1050N, Bethseda, MD, 20814",https://aledade.com/ks-mssp-enhanced/,AMY BYER,abyer@aledade.com,(316) 737-9743,Travis Broome,travis@aledade.com,(202) 803-7979,Adam Barker,Jeremy Presley,1
A2916,PARTNERS IN FAMILY CARE LLC,Aledade A2916 KS OK MSSP Enhanced,"KS, OK",3,01/01/2016,01/01/2025,0,0,,1,0,1,0,1,0,0,0,0,1,"4550 Montgomery Ave, Suite 1050N, Bethseda, MD, 20814",https://aledade.com/ks-mssp-enhanced/,AMY BYER,abyer@aledade.com,(316) 737-9743,Travis Broome,travis@aledade.com,(202) 803-7979,Adam Barker,Jeremy Presley,1
A2916,Pratt Family Practice LLC,Aledade A2916 KS OK MSSP Enhanced,"KS, OK",3,01/01/2016,01/01/2025,0,0,,1,0,1,0,1,0,0,0,0,1,"4550 Montgomery Ave, Suite 1050N, Bethseda, MD, 20814",https://aledade.com/ks-mssp-enhanced/,AMY BYER,abyer@aledade.com,(316) 737-9743,Travis Broome,travis@aledade.com,(202) 803-7979,Adam Barker,Jeremy Presley,1
A2916,RICK R SCHMIDT MD PC,Aledade A2916 KS OK MSSP Enhanced,"KS, OK",3,01/01/2016,01/01/2025,0,0,,1,0,1,0,1,0,0,0,0,1,"4550 Montgomery Ave, Suite 1050N, Bethseda, MD, 20814",https://aledade.com/ks-mssp-enhanced/,AMY BYER,abyer@aledade.com,(316) 737-9743,Travis Broome,travis@aledade.com,(202) 803-7979,Adam Barker,Jeremy Presley,1
A2916,SOUTHEAST KANSAS MENTAL HEALTH CENTER,Aledade A2916 KS OK MSSP Enhanced,"KS, OK",3,01/01/2016,01/01/2025,0,0,,1,0,1,0,1,0,0,0,0,1,"4550 Montgomery Ave, Suite 1050N, Bethseda, MD, 20814",https://aledade.com/ks-mssp-enhanced/,AMY BYER,abyer@aledade.com,(316) 737-9743,Travis Broome,travis@aledade.com,(202) 803-7979,Adam Barker,Jeremy Presley,1
A2916,"Stonecreek Family Physicians, Llp",Aledade A2916 KS OK MSSP Enhanced,"KS, OK",3,01/01/2016,01/01/2025,0,0,,1,0,1,0,1,0,0,0,0,1,"4550 Montgomery Ave, Suite 1050N, Bethseda, MD, 20814",https://aledade.com/ks-mssp-enhanced/,AMY BYER,abyer@aledade.com,(316) 737-9743,Travis Broome,travis@aledade.com,(202) 803-7979,Adam Barker,Jeremy Presley,1
A2916,TRITON HEALTH PLLC,Aledade A2916 KS OK MSSP Enhanced,"KS, OK",3,01/01/2016,01/01/2025,0,0,,1,0,1,0,1,0,0,0,0,1,"4550 Montgomery Ave, Suite 1050N, Bethseda, MD, 20814",https://aledade.com/ks-mssp-enhanced/,AMY BYER,abyer@aledade.com,(316) 737-9743,Travis Broome,travis@aledade.com,(202) 803-7979,Adam Barker,Jeremy Presley,1
A2916,"WICHITA FAMILY MEDICINE SPECIALISTS, LLC",Aledade A2916 KS OK MSSP Enhanced,"KS, OK",3,01/01/2016,01/01/2025,0,0,,1,0,1,0,1,0,0,0,0,1,"4550 Montgomery Ave, Suite 1050N, Bethseda, MD, 20814",https://aledade.com/ks-mssp-enhanced/,AMY BYER,abyer@aledade.com,(316) 737-9743,Travis Broome,travis@aledade.com,(202) 803-7979,Adam Barker,Jeremy Presley,1
A2918,"ACADIANA PEDIATRICS, L.L.C.",Aledade A2918 LA MSSP Enhanced,LA,3,01/01/2016,01/01/2025,0,0,,1,0,1,0,0,0,0,0,0,1,"4550 Montgomery Ave, Suite 1050N, Bethesda, MD, 20814",https://aledade.com/la-mssp-2016-enhanced/,Jennifer Daspit,jdaspit@aledade.com,(202) 803-7979,Nadine Robin,nrobin@aledade.com,(202) 802-3797,Adam Barker,Darrin Menard,1
A2918,Andrew T Davies MD LLC,Aledade A2918 LA MSSP Enhanced,LA,3,01/01/2016,01/01/2025,0,0,,1,0,1,0,0,0,0,0,0,1,"4550 Montgomery Ave, Suite 1050N, Bethesda, MD, 20814",https://aledade.com/la-mssp-2016-enhanced/,Jennifer Daspit,jdaspit@aledade.com,(202) 803-7979,Nadine Robin,nrobin@aledade.com,(202) 802-3797,Adam Barker,Darrin Menard,1
A2918,Braud Family Practice LLC,Aledade A2918 LA MSSP Enhanced,LA,3,01/01/2016,01/01/2025,0,0,,1,0,1,0,0,0,0,0,0,1,"4550 Montgomery Ave, Suite 1050N, Bethesda, MD, 20814",https://aledade.com/la-mssp-2016-enhanced/,Jennifer Daspit,jdaspit@aledade.com,(202) 803-7979,Nadine Robin,nrobin@aledade.com,(202) 802-3797,Adam Barker,Darrin Menard,1
A2918,"Bryan A. LeBean, Sr., M.D.APMC",Aledade A2918 LA MSSP Enhanced,LA,3,01/01/2016,01/01/2025,0,0,,1,0,1,0,0,0,0,0,0,1,"4550 Montgomery Ave, Suite 1050N, Bethesda, MD, 20814",https://aledade.com/la-mssp-2016-enhanced/,Jennifer Daspit,jdaspit@aledade.com,(202) 803-7979,Nadine Robin,nrobin@aledade.com,(202) 802-3797,Adam Barker,Darrin Menard,1
A2918,Calcasieu Cameron Hospital Service District,Aledade A2918 LA MSSP Enhanced,LA,3,01/01/2016,01/01/2025,0,0,,1,0,1,0,0,0,0,0,0,1,"4550 Montgomery Ave, Suite 1050N, Bethesda, MD, 20814",https://aledade.com/la-mssp-2016-enhanced/,Jennifer Daspit,jdaspit@aledade.com,(202) 803-7979,Nadine Robin,nrobin@aledade.com,(202) 802-3797,Adam Barker,Darrin Menard,1
A2918,Crowley Primary Care LLC,Aledade A2918 LA MSSP Enhanced,LA,3,01/01/2016,01/01/2025,0,0,,1,0,1,0,0,0,0,0,0,1,"4550 Montgomery Ave, Suite 1050N, Bethesda, MD, 20814",https://aledade.com/la-mssp-2016-enhanced/,Jennifer Daspit,jdaspit@aledade.com,(202) 803-7979,Nadine Robin,nrobin@aledade.com,(202) 802-3797,Adam Barker,Darrin Menard,1
A2918,Darrin Menard,Aledade A2918 LA MSSP Enhanced,LA,3,01/01/2016,01/01/2025,0,0,,1,0,1,0,0,0,0,0,0,1,"4550 Montgomery Ave, Suite 1050N, Bethesda, MD, 20814",https://aledade.com/la-mssp-2016-enhanced/,Jennifer Daspit,jdaspit@aledade.com,(202) 803-7979,Nadine Robin,nrobin@aledade.com,(202) 802-3797,Adam Barker,Darrin Menard,1
A2918,Eric Fontenot Md Internal Medicine Group Llc,Aledade A2918 LA MSSP Enhanced,LA,3,01/01/2016,01/01/2025,0,0,,1,0,1,0,0,0,0,0,0,1,"4550 Montgomery Ave, Suite 1050N, Bethesda, MD, 20814",https://aledade.com/la-mssp-2016-enhanced/,Jennifer Daspit,jdaspit@aledade.com,(202) 803-7979,Nadine Robin,nrobin@aledade.com,(202) 802-3797,Adam Barker,Darrin Menard,1
A2918,Family Medicine Clinic,Aledade A2918 LA MSSP Enhanced,LA,3,01/01/2016,01/01/2025,0,0,,1,0,1,0,0,0,0,0,0,1,"4550 Montgomery Ave, Suite 1050N, Bethesda, MD, 20814",https://aledade.com/la-mssp-2016-enhanced/,Jennifer Daspit,jdaspit@aledade.com,(202) 803-7979,Nadine Robin,nrobin@aledade.com,(202) 802-3797,Adam Barker,Darrin Menard,1
A2918,Family Medicine of Acadiana LLC,Aledade A2918 LA MSSP Enhanced,LA,3,01/01/2016,01/01/2025,0,0,,1,0,1,0,0,0,0,0,0,1,"4550 Montgomery Ave, Suite 1050N, Bethesda, MD, 20814",https://aledade.com/la-mssp-2016-enhanced/,Jennifer Daspit,jdaspit@aledade.com,(202) 803-7979,Nadine Robin,nrobin@aledade.com,(202) 802-3797,Adam Barker,Darrin Menard,1
A2918,"Family Practice Center of Sulphur, LLC",Aledade A2918 LA MSSP Enhanced,LA,3,01/01/2016,01/01/2025,0,0,,1,0,1,0,0,0,0,0,0,1,"4550 Montgomery Ave, Suite 1050N, Bethesda, MD, 20814",https://aledade.com/la-mssp-2016-enhanced/,Jennifer Daspit,jdaspit@aledade.com,(202) 803-7979,Nadine Robin,nrobin@aledade.com,(202) 802-3797,Adam Barker,Darrin Menard,1
A2918,FUSELIER HEALTHCARE SERVICES LLC,Aledade A2918 LA MSSP Enhanced,LA,3,01/01/2016,01/01/2025,0,0,,1,0,1,0,0,0,0,0,0,1,"4550 Montgomery Ave, Suite 1050N, Bethesda, MD, 20814",https://aledade.com/la-mssp-2016-enhanced/,Jennifer Daspit,jdaspit@aledade.com,(202) 803-7979,Nadine Robin,nrobin@aledade.com,(202) 802-3797,Adam Barker,Darrin Menard,1
A2918,"Geoffrey A. Mire, MD Inc",Aledade A2918 LA MSSP Enhanced,LA,3,01/01/2016,01/01/2025,0,0,,1,0,1,0,0,0,0,0,0,1,"4550 Montgomery Ave, Suite 1050N, Bethesda, MD, 20814",https://aledade.com/la-mssp-2016-enhanced/,Jennifer Daspit,jdaspit@aledade.com,(202) 803-7979,Nadine Robin,nrobin@aledade.com,(202) 802-3797,Adam Barker,Darrin Menard,1
A2918,HEINEN MEDICAL CLINICS LLC,Aledade A2918 LA MSSP Enhanced,LA,3,01/01/2016,01/01/2025,0,0,,1,0,1,0,0,0,0,0,0,1,"4550 Montgomery Ave, Suite 1050N, Bethesda, MD, 20814",https://aledade.com/la-mssp-2016-enhanced/,Jennifer Daspit,jdaspit@aledade.com,(202) 803-7979,Nadine Robin,nrobin@aledade.com,(202) 802-3797,Adam Barker,Darrin Menard,1
A2918,Kathleen E Kautz MD Medical Corporation,Aledade A2918 LA MSSP Enhanced,LA,3,01/01/2016,01/01/2025,0,0,,1,0,1,0,0,0,0,0,0,1,"4550 Montgomery Ave, Suite 1050N, Bethesda, MD, 20814",https://aledade.com/la-mssp-2016-enhanced/,Jennifer Daspit,jdaspit@aledade.com,(202) 803-7979,Nadine Robin,nrobin@aledade.com,(202) 802-3797,Adam Barker,Darrin Menard,1
A2918,Ken Thomas MD LLC,Aledade A2918 LA MSSP Enhanced,LA,3,01/01/2016,01/01/2025,0,0,,1,0,1,0,0,0,0,0,0,1,"4550 Montgomery Ave, Suite 1050N, Bethesda, MD, 20814",https://aledade.com/la-mssp-2016-enhanced/,Jennifer Daspit,jdaspit@aledade.com,(202) 803-7979,Nadine Robin,nrobin@aledade.com,(202) 802-3797,Adam Barker,Darrin Menard,1
A2918,"Lafayette Internal Medicine Clinic, LLC",Aledade A2918 LA MSSP Enhanced,LA,3,01/01/2016,01/01/2025,0,0,,1,0,1,0,0,0,0,0,0,1,"4550 Montgomery Ave, Suite 1050N, Bethesda, MD, 20814",https://aledade.com/la-mssp-2016-enhanced/,Jennifer Daspit,jdaspit@aledade.com,(202) 803-7979,Nadine Robin,nrobin@aledade.com,(202) 802-3797,Adam Barker,Darrin Menard,1
A2918,"LAHASKY MEDICAL CLINIC, APMC",Aledade A2918 LA MSSP Enhanced,LA,3,01/01/2016,01/01/2025,0,0,,1,0,1,0,0,0,0,0,0,1,"4550 Montgomery Ave, Suite 1050N, Bethesda, MD, 20814",https://aledade.com/la-mssp-2016-enhanced/,Jennifer Daspit,jdaspit@aledade.com,(202) 803-7979,Nadine Robin,nrobin@aledade.com,(202) 802-3797,Adam Barker,Darrin Menard,1
A2918,"Lannan Family Practice, LLC",Aledade A2918 LA MSSP Enhanced,LA,3,01/01/2016,01/01/2025,0,0,,1,0,1,0,0,0,0,0,0,1,"4550 Montgomery Ave, Suite 1050N, Bethesda, MD, 20814",https://aledade.com/la-mssp-2016-enhanced/,Jennifer Daspit,jdaspit@aledade.com,(202) 803-7979,Nadine Robin,nrobin@aledade.com,(202) 802-3797,Adam Barker,Darrin Menard,1
A2918,Maplewood Family Medicine Clinic,Aledade A2918 LA MSSP Enhanced,LA,3,01/01/2016,01/01/2025,0,0,,1,0,1,0,0,0,0,0,0,1,"4550 Montgomery Ave, Suite 1050N, Bethesda, MD, 20814",https://aledade.com/la-mssp-2016-enhanced/,Jennifer Daspit,jdaspit@aledade.com,(202) 803-7979,Nadine Robin,nrobin@aledade.com,(202) 802-3797,Adam Barker,Darrin Menard,1
A2918,Natchitoches Medical Specialists,Aledade A2918 LA MSSP Enhanced,LA,3,01/01/2016,01/01/2025,0,0,,1,0,1,0,0,0,0,0,0,1,"4550 Montgomery Ave, Suite 1050N, Bethesda, MD, 20814",https://aledade.com/la-mssp-2016-enhanced/,Jennifer Daspit,jdaspit@aledade.com,(202) 803-7979,Nadine Robin,nrobin@aledade.com,(202) 802-3797,Adam Barker,Darrin Menard,1
A2918,STEPHEN SALOPEK MD LLC,Aledade A2918 LA MSSP Enhanced,LA,3,01/01/2016,01/01/2025,0,0,,1,0,1,0,0,0,0,0,0,1,"4550 Montgomery Ave, Suite 1050N, Bethesda, MD, 20814",https://aledade.com/la-mssp-2016-enhanced/,Jennifer Daspit,jdaspit@aledade.com,(202) 803-7979,Nadine Robin,nrobin@aledade.com,(202) 802-3797,Adam Barker,Darrin Menard,1
A2918,SW LOUISIANA INTERNAL MEDICINE LLC,Aledade A2918 LA MSSP Enhanced,LA,3,01/01/2016,01/01/2025,0,0,,1,0,1,0,0,0,0,0,0,1,"4550 Montgomery Ave, Suite 1050N, Bethesda, MD, 20814",https://aledade.com/la-mssp-2016-enhanced/,Jennifer Daspit,jdaspit@aledade.com,(202) 803-7979,Nadine Robin,nrobin@aledade.com,(202) 802-3797,Adam Barker,Darrin Menard,1
A2918,"The Family Care Center of Southwest Louisiana, LLC",Aledade A2918 LA MSSP Enhanced,LA,3,01/01/2016,01/01/2025,0,0,,1,0,1,0,0,0,0,0,0,1,"4550 Montgomery Ave, Suite 1050N, Bethesda, MD, 20814",https://aledade.com/la-mssp-2016-enhanced/,Jennifer Daspit,jdaspit@aledade.com,(202) 803-7979,Nadine Robin,nrobin@aledade.com,(202) 802-3797,Adam Barker,Darrin Menard,1
A2918,"The Family Clinic of Crowley, Inc",Aledade A2918 LA MSSP Enhanced,LA,3,01/01/2016,01/01/2025,0,0,,1,0,1,0,0,0,0,0,0,1,"4550 Montgomery Ave, Suite 1050N, Bethesda, MD, 20814",https://aledade.com/la-mssp-2016-enhanced/,Jennifer Daspit,jdaspit@aledade.com,(202) 803-7979,Nadine Robin,nrobin@aledade.com,(202) 802-3797,Adam Barker,Darrin Menard,1
A2918,"Warren J. Degatur, Jr. MD Inc",Aledade A2918 LA MSSP Enhanced,LA,3,01/01/2016,01/01/2025,0,0,,1,0,1,0,0,0,0,0,0,1,"4550 Montgomery Ave, Suite 1050N, Bethesda, MD, 20814",https://aledade.com/la-mssp-2016-enhanced/,Jennifer Daspit,jdaspit@aledade.com,(202) 803-7979,Nadine Robin,nrobin@aledade.com,(202) 802-3797,Adam Barker,Darrin Menard,1
A5615,COMMUNITY HEALTH CARE,C3 MSSP Enhanced LLC,"CO, MA, OR, WA",1,01/01/2025,01/01/2025,0,0,,1,0,1,0,0,0,0,0,0,1,"75 Federal Street Fl 7th, Boston, MA, 02110",https://www.communitycarecooperative.org/providers/mssp-pc-flex-required-public-reporting/,Aditya Mahalingam Dhingra,amahalingam-dhingra@c3aco.org,(617) 869-2564,Manuel Gonzalez,mgonzalez@c3aco.org,(339) 219-6127,Manuel Gonzalez,Joseph Peppe,1
A5615,"COMMUNITY HEALTH CENTER OF CAPE COD, INC.",C3 MSSP Enhanced LLC,"CO, MA, OR, WA",1,01/01/2025,01/01/2025,0,0,,1,0,1,0,0,0,0,0,0,1,"75 Federal Street Fl 7th, Boston, MA, 02110",https://www.communitycarecooperative.org/providers/mssp-pc-flex-required-public-reporting/,Aditya Mahalingam Dhingra,amahalingam-dhingra@c3aco.org,(617) 869-2564,Manuel Gonzalez,mgonzalez@c3aco.org,(339) 219-6127,Manuel Gonzalez,Joseph Peppe,1
A5615,EDWARD M KENNEDY COMMUNITY HEALTH CENTER INC,C3 MSSP Enhanced LLC,"CO, MA, OR, WA",1,01/01/2025,01/01/2025,0,0,,1,0,1,0,0,0,0,0,0,1,"75 Federal Street Fl 7th, Boston, MA, 02110",https://www.communitycarecooperative.org/providers/mssp-pc-flex-required-public-reporting/,Aditya Mahalingam Dhingra,amahalingam-dhingra@c3aco.org,(617) 869-2564,Manuel Gonzalez,mgonzalez@c3aco.org,(339) 219-6127,Manuel Gonzalez,Joseph Peppe,1
A5615,HOLYOKE HEALTH CENTER INC,C3 MSSP Enhanced LLC,"CO, MA, OR, WA",1,01/01/2025,01/01/2025,0,0,,1,0,1,0,0,0,0,0,0,1,"75 Federal Street Fl 7th, Boston, MA, 02110",https://www.communitycarecooperative.org/providers/mssp-pc-flex-required-public-reporting/,Aditya Mahalingam Dhingra,amahalingam-dhingra@c3aco.org,(617) 869-2564,Manuel Gonzalez,mgonzalez@c3aco.org,(339) 219-6127,Manuel Gonzalez,Joseph Peppe,1
A5615,ISLAND HEALTH INC.,C3 MSSP Enhanced LLC,"CO, MA, OR, WA",1,01/01/2025,01/01/2025,0,0,,1,0,1,0,0,0,0,0,0,1,"75 Federal Street Fl 7th, Boston, MA, 02110",https://www.communitycarecooperative.org/providers/mssp-pc-flex-required-public-reporting/,Aditya Mahalingam Dhingra,amahalingam-dhingra@c3aco.org,(617) 869-2564,Manuel Gonzalez,mgonzalez@c3aco.org,(339) 219-6127,Manuel Gonzalez,Joseph Peppe,1
A5615,LYNN COMMUNITY HEALTH INC,C3 MSSP Enhanced LLC,"CO, MA, OR, WA",1,01/01/2025,01/01/2025,0,0,,1,0,1,0,0,0,0,0,0,1,"75 Federal Street Fl 7th, Boston, MA, 02110",https://www.communitycarecooperative.org/providers/mssp-pc-flex-required-public-reporting/,Aditya Mahalingam Dhingra,amahalingam-dhingra@c3aco.org,(617) 869-2564,Manuel Gonzalez,mgonzalez@c3aco.org,(339) 219-6127,Manuel Gonzalez,Joseph Peppe,1
A5615,METRO COMMUNITY PROVIDER NETWORK INC,C3 MSSP Enhanced LLC,"CO, MA, OR, WA",1,01/01/2025,01/01/2025,0,0,,1,0,1,0,0,0,0,0,0,1,"75 Federal Street Fl 7th, Boston, MA, 02110",https://www.communitycarecooperative.org/providers/mssp-pc-flex-required-public-reporting/,Aditya Mahalingam Dhingra,amahalingam-dhingra@c3aco.org,(617) 869-2564,Manuel Gonzalez,mgonzalez@c3aco.org,(339) 219-6127,Manuel Gonzalez,Joseph Peppe,1
A5615,MOSAIC COMMUNITY HEALTH,C3 MSSP Enhanced LLC,"CO, MA, OR, WA",1,01/01/2025,01/01/2025,0,0,,1,0,1,0,0,0,0,0,0,1,"75 Federal Street Fl 7th, Boston, MA, 02110",https://www.communitycarecooperative.org/providers/mssp-pc-flex-required-public-reporting/,Aditya Mahalingam Dhingra,amahalingam-dhingra@c3aco.org,(617) 869-2564,Manuel Gonzalez,mgonzalez@c3aco.org,(339) 219-6127,Manuel Gonzalez,Joseph Peppe,1
A5615,MOSES LAKE COMMUNITY HEALTH CENTER,C3 MSSP Enhanced LLC,"CO, MA, OR, WA",1,01/01/2025,01/01/2025,0,0,,1,0,1,0,0,0,0,0,0,1,"75 Federal Street Fl 7th, Boston, MA, 02110",https://www.communitycarecooperative.org/providers/mssp-pc-flex-required-public-reporting/,Aditya Mahalingam Dhingra,amahalingam-dhingra@c3aco.org,(617) 869-2564,Manuel Gonzalez,mgonzalez@c3aco.org,(339) 219-6127,Manuel Gonzalez,Joseph Peppe,1
A5615,NORTH SHORE COMMUNITY HEALTH INC,C3 MSSP Enhanced LLC,"CO, MA, OR, WA",1,01/01/2025,01/01/2025,0,0,,1,0,1,0,0,0,0,0,0,1,"75 Federal Street Fl 7th, Boston, MA, 02110",https://www.communitycarecooperative.org/providers/mssp-pc-flex-required-public-reporting/,Aditya Mahalingam Dhingra,amahalingam-dhingra@c3aco.org,(617) 869-2564,Manuel Gonzalez,mgonzalez@c3aco.org,(339) 219-6127,Manuel Gonzalez,Joseph Peppe,1
A5615,ONE COMMUNITY HEALTH,C3 MSSP Enhanced LLC,"CO, MA, OR, WA",1,01/01/2025,01/01/2025,0,0,,1,0,1,0,0,0,0,0,0,1,"75 Federal Street Fl 7th, Boston, MA, 02110",https://www.communitycarecooperative.org/providers/mssp-pc-flex-required-public-reporting/,Aditya Mahalingam Dhingra,amahalingam-dhingra@c3aco.org,(617) 869-2564,Manuel Gonzalez,mgonzalez@c3aco.org,(339) 219-6127,Manuel Gonzalez,Joseph Peppe,1
A5615,OUTER CAPE HEALTH SERVICES INC,C3 MSSP Enhanced LLC,"CO, MA, OR, WA",1,01/01/2025,01/01/2025,0,0,,1,0,1,0,0,0,0,0,0,1,"75 Federal Street Fl 7th, Boston, MA, 02110",https://www.communitycarecooperative.org/providers/mssp-pc-flex-required-public-reporting/,Aditya Mahalingam Dhingra,amahalingam-dhingra@c3aco.org,(617) 869-2564,Manuel Gonzalez,mgonzalez@c3aco.org,(339) 219-6127,Manuel Gonzalez,Joseph Peppe,1
A5615,SEATTLE ROOTS COMMUNITY HEALTH,C3 MSSP Enhanced LLC,"CO, MA, OR, WA",1,01/01/2025,01/01/2025,0,0,,1,0,1,0,0,0,0,0,0,1,"75 Federal Street Fl 7th, Boston, MA, 02110",https://www.communitycarecooperative.org/providers/mssp-pc-flex-required-public-reporting/,Aditya Mahalingam Dhingra,amahalingam-dhingra@c3aco.org,(617) 869-2564,Manuel Gonzalez,mgonzalez@c3aco.org,(339) 219-6127,Manuel Gonzalez,Joseph Peppe,1
A5610,COLUMBIA BASIN HEALTH ASSOCIATION,CCCN ACO LLC,"AZ, WA",2,01/01/2025,01/01/2025,1,0,,1,0,1,0,0,0,0,0,1,0,"18 S Mission Street, STE #300, Wenatchee, WA, 98801",https://cccnaco.com/,Benjamin Potter,ben.potter@ccnwa.com,(208) 758-4183,Benjamin Potter,ben.potter@ccnwa.com,(208) 758-4183,Benjamin Potter,Felipe Gutierrez,1
A5610,COLUMBIA VALLEY COMMUNITY HEALTH,CCCN ACO LLC,"AZ, WA",2,01/01/2025,01/01/2025,1,0,,1,0,1,0,0,0,0,0,1,0,"18 S Mission Street, STE #300, Wenatchee, WA, 98801",https://cccnaco.com/,Benjamin Potter,ben.potter@ccnwa.com,(208) 758-4183,Benjamin Potter,ben.potter@ccnwa.com,(208) 758-4183,Benjamin Potter,Felipe Gutierrez,1
A5610,INTERNATIONAL COMMUNITY HEALTH SERVICES,CCCN ACO LLC,"AZ, WA",2,01/01/2025,01/01/2025,1,0,,1,0,1,0,0,0,0,0,1,0,"18 S Mission Street, STE #300, Wenatchee, WA, 98801",https://cccnaco.com/,Benjamin Potter,ben.potter@ccnwa.com,(208) 758-4183,Benjamin Potter,ben.potter@ccnwa.com,(208) 758-4183,Benjamin Potter,Felipe Gutierrez,1
A5610,"MARIPOSA COMMUNITY HEALTH CENTER, INC",CCCN ACO LLC,"AZ, WA",2,01/01/2025,01/01/2025,1,0,,1,0,1,0,0,0,0,0,1,0,"18 S Mission Street, STE #300, Wenatchee, WA, 98801",https://cccnaco.com/,Benjamin Potter,ben.potter@ccnwa.com,(208) 758-4183,Benjamin Potter,ben.potter@ccnwa.com,(208) 758-4183,Benjamin Potter,Felipe Gutierrez,1
A5610,SEA-MAR COMMUNITY HEALTH CENTER,CCCN ACO LLC,"AZ, WA",2,01/01/2025,01/01/2025,1,0,,1,0,1,0,0,0,0,0,1,0,"18 S Mission Street, STE #300, Wenatchee, WA, 98801",https://cccnaco.com/,Benjamin Potter,ben.potter@ccnwa.com,(208) 758-4183,Benjamin Potter,ben.potter@ccnwa.com,(208) 758-4183,Benjamin Potter,Felipe Gutierrez,1
A5646,ANESTHESIA ASSOCIATES OF MEDFORD PC,ElevateCare Network LLC,"CA, KY, OH, OR",2,01/01/2025,01/01/2025,1,0,,1,0,1,0,0,0,0,0,1,0,"20 Burton Hills Road, Nashville, TN, 37215",https://patientfirstpartnersaco3.com/,Aria Sameni,asameni@wellvana.com,(507) 251-5219,KRISTINE MILLER,krmiller@wellvana.com,(228) 224-3232,Kristen McKenna,Lilian Alevato,1
A5646,ASANTE PHYSICIAN PARTNERS,ElevateCare Network LLC,"CA, KY, OH, OR",2,01/01/2025,01/01/2025,1,0,,1,0,1,0,0,0,0,0,1,0,"20 Burton Hills Road, Nashville, TN, 37215",https://patientfirstpartnersaco3.com/,Aria Sameni,asameni@wellvana.com,(507) 251-5219,KRISTINE MILLER,krmiller@wellvana.com,(228) 224-3232,Kristen McKenna,Lilian Alevato,1
A5646,"HEMATOLOGY ONCOLOGY ASSOCIATES, P.C.",ElevateCare Network LLC,"CA, KY, OH, OR",2,01/01/2025,01/01/2025,1,0,,1,0,1,0,0,0,0,0,1,0,"20 Burton Hills Road, Nashville, TN, 37215",https://patientfirstpartnersaco3.com/,Aria Sameni,asameni@wellvana.com,(507) 251-5219,KRISTINE MILLER,krmiller@wellvana.com,(228) 224-3232,Kristen McKenna,Lilian Alevato,1
A5646,LONGMONT INTEGRATIVE FAMILY PRACTICE PLLC,ElevateCare Network LLC,"CA, KY, OH, OR",2,01/01/2025,01/01/2025,1,0,,1,0,1,0,0,0,0,0,1,0,"20 Burton Hills Road, Nashville, TN, 37215",https://patientfirstpartnersaco3.com/,Aria Sameni,asameni@wellvana.com,(507) 251-5219,KRISTINE MILLER,krmiller@wellvana.com,(228) 224-3232,Kristen McKenna,Lilian Alevato,1
A5646,PAIN CARE OF OREGON LLC,ElevateCare Network LLC,"CA, KY, OH, OR",2,01/01/2025,01/01/2025,1,0,,1,0,1,0,0,0,0,0,1,0,"20 Burton Hills Road, Nashville, TN, 37215",https://patientfirstpartnersaco3.com/,Aria Sameni,asameni@wellvana.com,(507) 251-5219,KRISTINE MILLER,krmiller@wellvana.com,(228) 224-3232,Kristen McKenna,Lilian Alevato,1
A5646,"SOMC MEDICAL CARE FOUNDATION, INC.",ElevateCare Network LLC,"CA, KY, OH, OR",2,01/01/2025,01/01/2025,1,0,,1,0,1,0,0,0,0,0,1,0,"20 Burton Hills Road, Nashville, TN, 37215",https://patientfirstpartnersaco3.com/,Aria Sameni,asameni@wellvana.com,(507) 251-5219,KRISTINE MILLER,krmiller@wellvana.com,(228) 224-3232,Kristen McKenna,Lilian Alevato,1
A5395,ATHENS FAMILY MEDICINE LLC,MPMG Aledade FL MSSP Enhanced,"FL, GA, SC, TX",2,01/01/2024,01/01/2025,0,0,,1,0,1,0,0,0,0,1,0,1,"1732 South Congress Avenue, Suite 346, Palm Springs, FL, 33461",https://aledade.com/va-fqhc-2024-mssp-enhanced-copy/,Jordan Hall,jhall@sentrymedllc.com,(909) 653-6351,Jordan Hall,jhall@sentrymedllc.com,(909) 653-6351,Jordan Hall,Jimmy Fernandez,1
A5395,DAVID B HEVERT MD PA,MPMG Aledade FL MSSP Enhanced,"FL, GA, SC, TX",2,01/01/2024,01/01/2025,0,0,,1,0,1,0,0,0,0,1,0,1,"1732 South Congress Avenue, Suite 346, Palm Springs, FL, 33461",https://aledade.com/va-fqhc-2024-mssp-enhanced-copy/,Jordan Hall,jhall@sentrymedllc.com,(909) 653-6351,Jordan Hall,jhall@sentrymedllc.com,(909) 653-6351,Jordan Hall,Jimmy Fernandez,1
A5395,HOLY CROSS FAMILY PRACTICE ASSOCIATION,MPMG Aledade FL MSSP Enhanced,"FL, GA, SC, TX",2,01/01/2024,01/01/2025,0,0,,1,0,1,0,0,0,0,1,0,1,"1732 South Congress Avenue, Suite 346, Palm Springs, FL, 33461",https://aledade.com/va-fqhc-2024-mssp-enhanced-copy/,Jordan Hall,jhall@sentrymedllc.com,(909) 653-6351,Jordan Hall,jhall@sentrymedllc.com,(909) 653-6351,Jordan Hall,Jimmy Fernandez,1
A5395,"MADISON MEDICAL ASSOCIATES, PC",MPMG Aledade FL MSSP Enhanced,"FL, GA, SC, TX",2,01/01/2024,01/01/2025,0,0,,1,0,1,0,0,0,0,1,0,1,"1732 South Congress Avenue, Suite 346, Palm Springs, FL, 33461",https://aledade.com/va-fqhc-2024-mssp-enhanced-copy/,Jordan Hall,jhall@sentrymedllc.com,(909) 653-6351,Jordan Hall,jhall@sentrymedllc.com,(909) 653-6351,Jordan Hall,Jimmy Fernandez,1
A5395,MARTIN SPENCER STONE MD PA,MPMG Aledade FL MSSP Enhanced,"FL, GA, SC, TX",2,01/01/2024,01/01/2025,0,0,,1,0,1,0,0,0,0,1,0,1,"1732 South Congress Avenue, Suite 346, Palm Springs, FL, 33461",https://aledade.com/va-fqhc-2024-mssp-enhanced-copy/,Jordan Hall,jhall@sentrymedllc.com,(909) 653-6351,Jordan Hall,jhall@sentrymedllc.com,(909) 653-6351,Jordan Hall,Jimmy Fernandez,1
A5395,MIL-LAKE HEALTHCARE CENTER INC,MPMG Aledade FL MSSP Enhanced,"FL, GA, SC, TX",2,01/01/2024,01/01/2025,0,0,,1,0,1,0,0,0,0,1,0,1,"1732 South Congress Avenue, Suite 346, Palm Springs, FL, 33461",https://aledade.com/va-fqhc-2024-mssp-enhanced-copy/,Jordan Hall,jhall@sentrymedllc.com,(909) 653-6351,Jordan Hall,jhall@sentrymedllc.com,(909) 653-6351,Jordan Hall,Jimmy Fernandez,1
A5395,PCC MEDICAL HOLDINGS LLC,MPMG Aledade FL MSSP Enhanced,"FL, GA, SC, TX",2,01/01/2024,01/01/2025,0,0,,1,0,1,0,0,0,0,1,0,1,"1732 South Congress Avenue, Suite 346, Palm Springs, FL, 33461",https://aledade.com/va-fqhc-2024-mssp-enhanced-copy/,Jordan Hall,jhall@sentrymedllc.com,(909) 653-6351,Jordan Hall,jhall@sentrymedllc.com,(909) 653-6351,Jordan Hall,Jimmy Fernandez,1
A5395,PIEDMONT FAMILY PRACTICE LLC,MPMG Aledade FL MSSP Enhanced,"FL, GA, SC, TX",2,01/01/2024,01/01/2025,0,0,,1,0,1,0,0,0,0,1,0,1,"1732 South Congress Avenue, Suite 346, Palm Springs, FL, 33461",https://aledade.com/va-fqhc-2024-mssp-enhanced-copy/,Jordan Hall,jhall@sentrymedllc.com,(909) 653-6351,Jordan Hall,jhall@sentrymedllc.com,(909) 653-6351,Jordan Hall,Jimmy Fernandez,1
A5395,SUSAN LEIGH JONES MD LLC,MPMG Aledade FL MSSP Enhanced,"FL, GA, SC, TX",2,01/01/2024,01/01/2025,0,0,,1,0,1,0,0,0,0,1,0,1,"1732 South Congress Avenue, Suite 346, Palm Springs, FL, 33461",https://aledade.com/va-fqhc-2024-mssp-enhanced-copy/,Jordan Hall,jhall@sentrymedllc.com,(909) 653-6351,Jordan Hall,jhall@sentrymedllc.com,(909) 653-6351,Jordan Hall,Jimmy Fernandez,1
A5395,THE KAUFMANN CLINIC INC,MPMG Aledade FL MSSP Enhanced,"FL, GA, SC, TX",2,01/01/2024,01/01/2025,0,0,,1,0,1,0,0,0,0,1,0,1,"1732 South Congress Avenue, Suite 346, Palm Springs, FL, 33461",https://aledade.com/va-fqhc-2024-mssp-enhanced-copy/,Jordan Hall,jhall@sentrymedllc.com,(909) 653-6351,Jordan Hall,jhall@sentrymedllc.com,(909) 653-6351,Jordan Hall,Jimmy Fernandez,1
A5395,"VINCENT C CHIN M.D., P.A.",MPMG Aledade FL MSSP Enhanced,"FL, GA, SC, TX",2,01/01/2024,01/01/2025,0,0,,1,0,1,0,0,0,0,1,0,1,"1732 South Congress Avenue, Suite 346, Palm Springs, FL, 33461",https://aledade.com/va-fqhc-2024-mssp-enhanced-copy/,Jordan Hall,jhall@sentrymedllc.com,(909) 653-6351,Jordan Hall,jhall@sentrymedllc.com,(909) 653-6351,Jordan Hall,Jimmy Fernandez,1
A5395,"W DANIEL ZANT,JR MD PC",MPMG Aledade FL MSSP Enhanced,"FL, GA, SC, TX",2,01/01/2024,01/01/2025,0,0,,1,0,1,0,0,0,0,1,0,1,"1732 South Congress Avenue, Suite 346, Palm Springs, FL, 33461",https://aledade.com/va-fqhc-2024-mssp-enhanced-copy/,Jordan Hall,jhall@sentrymedllc.com,(909) 653-6351,Jordan Hall,jhall@sentrymedllc.com,(909) 653-6351,Jordan Hall,Jimmy Fernandez,1
A5395,WEST KIRK MEDICAL PRACTICE PA,MPMG Aledade FL MSSP Enhanced,"FL, GA, SC, TX",2,01/01/2024,01/01/2025,0,0,,1,0,1,0,0,0,0,1,0,1,"1732 South Congress Avenue, Suite 346, Palm Springs, FL, 33461",https://aledade.com/va-fqhc-2024-mssp-enhanced-copy/,Jordan Hall,jhall@sentrymedllc.com,(909) 653-6351,Jordan Hall,jhall@sentrymedllc.com,(909) 653-6351,Jordan Hall,Jimmy Fernandez,1
A5395,YANELY PINEIRO PUEBLA MD. PA,MPMG Aledade FL MSSP Enhanced,"FL, GA, SC, TX",2,01/01/2024,01/01/2025,0,0,,1,0,1,0,0,0,0,1,0,1,"1732 South Congress Avenue, Suite 346, Palm Springs, FL, 33461",https://aledade.com/va-fqhc-2024-mssp-enhanced-copy/,Jordan Hall,jhall@sentrymedllc.com,(909) 653-6351,Jordan Hall,jhall@sentrymedllc.com,(909) 653-6351,Jordan Hall,Jimmy Fernandez,1
A5670,ALLIANCE MEDICAL CENTER,"My Choice Quality Care Network, LLC",CA,1,01/01/2025,01/01/2025,0,1,A,0,0,1,0,0,0,0,0,1,0,"3710 Ruffin Road, San Diego, CA, 92123",https://mychoicequalitycarenetworkaco.org,Amanda Simmons,asimmons@ihpsocal.org,(713) 859-9683,Amanda Simmons,asimmons@ihpsocal.org,(713) 859-9683,Tracy Garmer,Jay Lee,1
A5670,"CENTRO DE SALUD DE LA COMUNIDAD DE SAN YSIDRO, INC","My Choice Quality Care Network, LLC",CA,1,01/01/2025,01/01/2025,0,1,A,0,0,1,0,0,0,0,0,1,0,"3710 Ruffin Road, San Diego, CA, 92123",https://mychoicequalitycarenetworkaco.org,Amanda Simmons,asimmons@ihpsocal.org,(713) 859-9683,Amanda Simmons,asimmons@ihpsocal.org,(713) 859-9683,Tracy Garmer,Jay Lee,1
A5670,COMMUNITY HEALTH SYSTEMS INC,"My Choice Quality Care Network, LLC",CA,1,01/01/2025,01/01/2025,0,1,A,0,0,1,0,0,0,0,0,1,0,"3710 Ruffin Road, San Diego, CA, 92123",https://mychoicequalitycarenetworkaco.org,Amanda Simmons,asimmons@ihpsocal.org,(713) 859-9683,Amanda Simmons,asimmons@ihpsocal.org,(713) 859-9683,Tracy Garmer,Jay Lee,1
A5670,Imperial Beach Community Clinic,"My Choice Quality Care Network, LLC",CA,1,01/01/2025,01/01/2025,0,1,A,0,0,1,0,0,0,0,0,1,0,"3710 Ruffin Road, San Diego, CA, 92123",https://mychoicequalitycarenetworkaco.org,Amanda Simmons,asimmons@ihpsocal.org,(713) 859-9683,Amanda Simmons,asimmons@ihpsocal.org,(713) 859-9683,Tracy Garmer,Jay Lee,1
A5670,NEIGHBORHOOD HEALTHCARE,"My Choice Quality Care Network, LLC",CA,1,01/01/2025,01/01/2025,0,1,A,0,0,1,0,0,0,0,0,1,0,"3710 Ruffin Road, San Diego, CA, 92123",https://mychoicequalitycarenetworkaco.org,Amanda Simmons,asimmons@ihpsocal.org,(713) 859-9683,Amanda Simmons,asimmons@ihpsocal.org,(713) 859-9683,Tracy Garmer,Jay Lee,1
A5670,"NORTH COUNTY HEALTH PROJECT, INC.","My Choice Quality Care Network, LLC",CA,1,01/01/2025,01/01/2025,0,1,A,0,0,1,0,0,0,0,0,1,0,"3710 Ruffin Road, San Diego, CA, 92123",https://mychoicequalitycarenetworkaco.org,Amanda Simmons,asimmons@ihpsocal.org,(713) 859-9683,Amanda Simmons,asimmons@ihpsocal.org,(713) 859-9683,Tracy Garmer,Jay Lee,1
A5670,OPERATION SAMAHAN INC,"My Choice Quality Care Network, LLC",CA,1,01/01/2025,01/01/2025,0,1,A,0,0,1,0,0,0,0,0,1,0,"3710 Ruffin Road, San Diego, CA, 92123",https://mychoicequalitycarenetworkaco.org,Amanda Simmons,asimmons@ihpsocal.org,(713) 859-9683,Amanda Simmons,asimmons@ihpsocal.org,(713) 859-9683,Tracy Garmer,Jay Lee,1
A5670,SAN DIEGO FAMILY CARE,"My Choice Quality Care Network, LLC",CA,1,01/01/2025,01/01/2025,0,1,A,0,0,1,0,0,0,0,0,1,0,"3710 Ruffin Road, San Diego, CA, 92123",https://mychoicequalitycarenetworkaco.org,Amanda Simmons,asimmons@ihpsocal.org,(713) 859-9683,Amanda Simmons,asimmons@ihpsocal.org,(713) 859-9683,Tracy Garmer,Jay Lee,1
A5670,"ST. VINCENT DE PAUL VILLAGE, INC","My Choice Quality Care Network, LLC",CA,1,01/01/2025,01/01/2025,0,1,A,0,0,1,0,0,0,0,0,1,0,"3710 Ruffin Road, San Diego, CA, 92123",https://mychoicequalitycarenetworkaco.org,Amanda Simmons,asimmons@ihpsocal.org,(713) 859-9683,Amanda Simmons,asimmons@ihpsocal.org,(713) 859-9683,Tracy Garmer,Jay Lee,1
A5670,"WINTERS HEALTHCARE FOUNDATION, INC.","My Choice Quality Care Network, LLC",CA,1,01/01/2025,01/01/2025,0,1,A,0,0,1,0,0,0,0,0,1,0,"3710 Ruffin Road, San Diego, CA, 92123",https://mychoicequalitycarenetworkaco.org,Amanda Simmons,asimmons@ihpsocal.org,(713) 859-9683,Amanda Simmons,asimmons@ihpsocal.org,(713) 859-9683,Tracy Garmer,Jay Lee,1
A5513,BALDWIN FAMILY HEALTH CARE,NeueHealth Collaborative Care LLC,"CA, FL, IN, MI",1,01/01/2025,01/01/2025,0,0,,1,0,1,0,0,0,0,0,1,0,"8000 Norman Center Drive, Suite 900, Minneapolis, MN, 55437",https://www.neuehealth.com/reporting-aco/collaborative,Tomas Orozco,torozco@neuehealth.com,(305) 496-1146,Megan Mulligan,MMulligan@neuehealth.com,(201) 679-1158,Annette LaForge,Manuel Lam,1
A5513,"CENTRUM MEDICAL HOLDINGS, LLC",NeueHealth Collaborative Care LLC,"CA, FL, IN, MI",1,01/01/2025,01/01/2025,0,0,,1,0,1,0,0,0,0,0,1,0,"8000 Norman Center Drive, Suite 900, Minneapolis, MN, 55437",https://www.neuehealth.com/reporting-aco/collaborative,Tomas Orozco,torozco@neuehealth.com,(305) 496-1146,Megan Mulligan,MMulligan@neuehealth.com,(201) 679-1158,Annette LaForge,Manuel Lam,1
A5513,CHERRY STREET SERVICES INC,NeueHealth Collaborative Care LLC,"CA, FL, IN, MI",1,01/01/2025,01/01/2025,0,0,,1,0,1,0,0,0,0,0,1,0,"8000 Norman Center Drive, Suite 900, Minneapolis, MN, 55437",https://www.neuehealth.com/reporting-aco/collaborative,Tomas Orozco,torozco@neuehealth.com,(305) 496-1146,Megan Mulligan,MMulligan@neuehealth.com,(201) 679-1158,Annette LaForge,Manuel Lam,1
A5513,CLINICA SIERRA VISTA,NeueHealth Collaborative Care LLC,"CA, FL, IN, MI",1,01/01/2025,01/01/2025,0,0,,1,0,1,0,0,0,0,0,1,0,"8000 Norman Center Drive, Suite 900, Minneapolis, MN, 55437",https://www.neuehealth.com/reporting-aco/collaborative,Tomas Orozco,torozco@neuehealth.com,(305) 496-1146,Megan Mulligan,MMulligan@neuehealth.com,(201) 679-1158,Annette LaForge,Manuel Lam,1
A5513,"COMMUNITY HEALTH AND SOCIAL SERVICES CENTER, INC",NeueHealth Collaborative Care LLC,"CA, FL, IN, MI",1,01/01/2025,01/01/2025,0,0,,1,0,1,0,0,0,0,0,1,0,"8000 Norman Center Drive, Suite 900, Minneapolis, MN, 55437",https://www.neuehealth.com/reporting-aco/collaborative,Tomas Orozco,torozco@neuehealth.com,(305) 496-1146,Megan Mulligan,MMulligan@neuehealth.com,(201) 679-1158,Annette LaForge,Manuel Lam,1
A5513,COUNTY OF INGHAM,NeueHealth Collaborative Care LLC,"CA, FL, IN, MI",1,01/01/2025,01/01/2025,0,0,,1,0,1,0,0,0,0,0,1,0,"8000 Norman Center Drive, Suite 900, Minneapolis, MN, 55437",https://www.neuehealth.com/reporting-aco/collaborative,Tomas Orozco,torozco@neuehealth.com,(305) 496-1146,Megan Mulligan,MMulligan@neuehealth.com,(201) 679-1158,Annette LaForge,Manuel Lam,1
A5513,COVERED BRIDGE HEALTHCARE OF ST. JOSEPH COUNTY INC,NeueHealth Collaborative Care LLC,"CA, FL, IN, MI",1,01/01/2025,01/01/2025,0,0,,1,0,1,0,0,0,0,0,1,0,"8000 Norman Center Drive, Suite 900, Minneapolis, MN, 55437",https://www.neuehealth.com/reporting-aco/collaborative,Tomas Orozco,torozco@neuehealth.com,(305) 496-1146,Megan Mulligan,MMulligan@neuehealth.com,(201) 679-1158,Annette LaForge,Manuel Lam,1
A5513,DOWNRIVER COMMUNITY SERVICES INC,NeueHealth Collaborative Care LLC,"CA, FL, IN, MI",1,01/01/2025,01/01/2025,0,0,,1,0,1,0,0,0,0,0,1,0,"8000 Norman Center Drive, Suite 900, Minneapolis, MN, 55437",https://www.neuehealth.com/reporting-aco/collaborative,Tomas Orozco,torozco@neuehealth.com,(305) 496-1146,Megan Mulligan,MMulligan@neuehealth.com,(201) 679-1158,Annette LaForge,Manuel Lam,1
A5513,EAST JORDAN FAMILY HEALTH CENTER,NeueHealth Collaborative Care LLC,"CA, FL, IN, MI",1,01/01/2025,01/01/2025,0,0,,1,0,1,0,0,0,0,0,1,0,"8000 Norman Center Drive, Suite 900, Minneapolis, MN, 55437",https://www.neuehealth.com/reporting-aco/collaborative,Tomas Orozco,torozco@neuehealth.com,(305) 496-1146,Megan Mulligan,MMulligan@neuehealth.com,(201) 679-1158,Annette LaForge,Manuel Lam,1
A5513,"FAMILY MEDICAL CENTER OF MICHIGAN,INC",NeueHealth Collaborative Care LLC,"CA, FL, IN, MI",1,01/01/2025,01/01/2025,0,0,,1,0,1,0,0,0,0,0,1,0,"8000 Norman Center Drive, Suite 900, Minneapolis, MN, 55437",https://www.neuehealth.com/reporting-aco/collaborative,Tomas Orozco,torozco@neuehealth.com,(305) 496-1146,Megan Mulligan,MMulligan@neuehealth.com,(201) 679-1158,Annette LaForge,Manuel Lam,1
A5513,"GRACE HEALTH, INC.",NeueHealth Collaborative Care LLC,"CA, FL, IN, MI",1,01/01/2025,01/01/2025,0,0,,1,0,1,0,0,0,0,0,1,0,"8000 Norman Center Drive, Suite 900, Minneapolis, MN, 55437",https://www.neuehealth.com/reporting-aco/collaborative,Tomas Orozco,torozco@neuehealth.com,(305) 496-1146,Megan Mulligan,MMulligan@neuehealth.com,(201) 679-1158,Annette LaForge,Manuel Lam,1
A5513,GREAT LAKES BAY HEALTH CENTERS,NeueHealth Collaborative Care LLC,"CA, FL, IN, MI",1,01/01/2025,01/01/2025,0,0,,1,0,1,0,0,0,0,0,1,0,"8000 Norman Center Drive, Suite 900, Minneapolis, MN, 55437",https://www.neuehealth.com/reporting-aco/collaborative,Tomas Orozco,torozco@neuehealth.com,(305) 496-1146,Megan Mulligan,MMulligan@neuehealth.com,(201) 679-1158,Annette LaForge,Manuel Lam,1
A5513,HACKLEY COMMUNITY CARE CENTER INC,NeueHealth Collaborative Care LLC,"CA, FL, IN, MI",1,01/01/2025,01/01/2025,0,0,,1,0,1,0,0,0,0,0,1,0,"8000 Norman Center Drive, Suite 900, Minneapolis, MN, 55437",https://www.neuehealth.com/reporting-aco/collaborative,Tomas Orozco,torozco@neuehealth.com,(305) 496-1146,Megan Mulligan,MMulligan@neuehealth.com,(201) 679-1158,Annette LaForge,Manuel Lam,1
A5513,Health Centers Detroit Medical Group,NeueHealth Collaborative Care LLC,"CA, FL, IN, MI",1,01/01/2025,01/01/2025,0,0,,1,0,1,0,0,0,0,0,1,0,"8000 Norman Center Drive, Suite 900, Minneapolis, MN, 55437",https://www.neuehealth.com/reporting-aco/collaborative,Tomas Orozco,torozco@neuehealth.com,(305) 496-1146,Megan Mulligan,MMulligan@neuehealth.com,(201) 679-1158,Annette LaForge,Manuel Lam,1
A5513,HEALTHLINC INC,NeueHealth Collaborative Care LLC,"CA, FL, IN, MI",1,01/01/2025,01/01/2025,0,0,,1,0,1,0,0,0,0,0,1,0,"8000 Norman Center Drive, Suite 900, Minneapolis, MN, 55437",https://www.neuehealth.com/reporting-aco/collaborative,Tomas Orozco,torozco@neuehealth.com,(305) 496-1146,Megan Mulligan,MMulligan@neuehealth.com,(201) 679-1158,Annette LaForge,Manuel Lam,1
A5513,INTERCARE COMMUNITY HEALTH NETWORK,NeueHealth Collaborative Care LLC,"CA, FL, IN, MI",1,01/01/2025,01/01/2025,0,0,,1,0,1,0,0,0,0,0,1,0,"8000 Norman Center Drive, Suite 900, Minneapolis, MN, 55437",https://www.neuehealth.com/reporting-aco/collaborative,Tomas Orozco,torozco@neuehealth.com,(305) 496-1146,Megan Mulligan,MMulligan@neuehealth.com,(201) 679-1158,Annette LaForge,Manuel Lam,1
A5513,ISABELLA CITIZENS FOR HEALTH INC,NeueHealth Collaborative Care LLC,"CA, FL, IN, MI",1,01/01/2025,01/01/2025,0,0,,1,0,1,0,0,0,0,0,1,0,"8000 Norman Center Drive, Suite 900, Minneapolis, MN, 55437",https://www.neuehealth.com/reporting-aco/collaborative,Tomas Orozco,torozco@neuehealth.com,(305) 496-1146,Megan Mulligan,MMulligan@neuehealth.com,(201) 679-1158,Annette LaForge,Manuel Lam,1
A5513,MGH FAMILY HEALTH CENTER,NeueHealth Collaborative Care LLC,"CA, FL, IN, MI",1,01/01/2025,01/01/2025,0,0,,1,0,1,0,0,0,0,0,1,0,"8000 Norman Center Drive, Suite 900, Minneapolis, MN, 55437",https://www.neuehealth.com/reporting-aco/collaborative,Tomas Orozco,torozco@neuehealth.com,(305) 496-1146,Megan Mulligan,MMulligan@neuehealth.com,(201) 679-1158,Annette LaForge,Manuel Lam,1
A5513,NORTHWEST MICHIGAN HEALTH SERVICES INC,NeueHealth Collaborative Care LLC,"CA, FL, IN, MI",1,01/01/2025,01/01/2025,0,0,,1,0,1,0,0,0,0,0,1,0,"8000 Norman Center Drive, Suite 900, Minneapolis, MN, 55437",https://www.neuehealth.com/reporting-aco/collaborative,Tomas Orozco,torozco@neuehealth.com,(305) 496-1146,Megan Mulligan,MMulligan@neuehealth.com,(201) 679-1158,Annette LaForge,Manuel Lam,1
A5513,OAKLAND INTEGRATED HEALTHCARE NETWORK,NeueHealth Collaborative Care LLC,"CA, FL, IN, MI",1,01/01/2025,01/01/2025,0,0,,1,0,1,0,0,0,0,0,1,0,"8000 Norman Center Drive, Suite 900, Minneapolis, MN, 55437",https://www.neuehealth.com/reporting-aco/collaborative,Tomas Orozco,torozco@neuehealth.com,(305) 496-1146,Megan Mulligan,MMulligan@neuehealth.com,(201) 679-1158,Annette LaForge,Manuel Lam,1
A5513,PHYSICIAN PRACTICES OF MSMC LLC,NeueHealth Collaborative Care LLC,"CA, FL, IN, MI",1,01/01/2025,01/01/2025,0,0,,1,0,1,0,0,0,0,0,1,0,"8000 Norman Center Drive, Suite 900, Minneapolis, MN, 55437",https://www.neuehealth.com/reporting-aco/collaborative,Tomas Orozco,torozco@neuehealth.com,(305) 496-1146,Megan Mulligan,MMulligan@neuehealth.com,(201) 679-1158,Annette LaForge,Manuel Lam,1
A5513,STERLING AREA HEALTH CENTER,NeueHealth Collaborative Care LLC,"CA, FL, IN, MI",1,01/01/2025,01/01/2025,0,0,,1,0,1,0,0,0,0,0,1,0,"8000 Norman Center Drive, Suite 900, Minneapolis, MN, 55437",https://www.neuehealth.com/reporting-aco/collaborative,Tomas Orozco,torozco@neuehealth.com,(305) 496-1146,Megan Mulligan,MMulligan@neuehealth.com,(201) 679-1158,Annette LaForge,Manuel Lam,1
A5513,THUNDER BAY COMMUNITY HEALTH SERVICE INC,NeueHealth Collaborative Care LLC,"CA, FL, IN, MI",1,01/01/2025,01/01/2025,0,0,,1,0,1,0,0,0,0,0,1,0,"8000 Norman Center Drive, Suite 900, Minneapolis, MN, 55437",https://www.neuehealth.com/reporting-aco/collaborative,Tomas Orozco,torozco@neuehealth.com,(305) 496-1146,Megan Mulligan,MMulligan@neuehealth.com,(201) 679-1158,Annette LaForge,Manuel Lam,1
A5513,TRAVERSE HEALTH CLINIC AND COALITION,NeueHealth Collaborative Care LLC,"CA, FL, IN, MI",1,01/01/2025,01/01/2025,0,0,,1,0,1,0,0,0,0,0,1,0,"8000 Norman Center Drive, Suite 900, Minneapolis, MN, 55437",https://www.neuehealth.com/reporting-aco/collaborative,Tomas Orozco,torozco@neuehealth.com,(305) 496-1146,Megan Mulligan,MMulligan@neuehealth.com,(201) 679-1158,Annette LaForge,Manuel Lam,1
A5513,VALLEY PROFESSIONALS COMMUNITY HEALTH CENTER INC,NeueHealth Collaborative Care LLC,"CA, FL, IN, MI",1,01/01/2025,01/01/2025,0,0,,1,0,1,0,0,0,0,0,1,0,"8000 Norman Center Drive, Suite 900, Minneapolis, MN, 55437",https://www.neuehealth.com/reporting-aco/collaborative,Tomas Orozco,torozco@neuehealth.com,(305) 496-1146,Megan Mulligan,MMulligan@neuehealth.com,(201) 679-1158,Annette LaForge,Manuel Lam,1
A5513,WILL FAMILY MEDICAL GROUP A PROFESSIONAL CORPORATION,NeueHealth Collaborative Care LLC,"CA, FL, IN, MI",1,01/01/2025,01/01/2025,0,0,,1,0,1,0,0,0,0,0,1,0,"8000 Norman Center Drive, Suite 900, Minneapolis, MN, 55437",https://www.neuehealth.com/reporting-aco/collaborative,Tomas Orozco,torozco@neuehealth.com,(305) 496-1146,Megan Mulligan,MMulligan@neuehealth.com,(201) 679-1158,Annette LaForge,Manuel Lam,1
A5702,ACCESS PRIMARY CARE INC,On Belay Health Solutions,"CA, MA, MS, NH, NV, RI, SD, TX",1,01/01/2025,01/01/2025,0,0,,1,0,1,0,0,0,0,1,0,1,"100 Summer St., Suite 1600, Boston, MA, 02110",www.onbelayhealthsolutions.com/mssp2025,Andrew Allison,andrew@onbelayhealthsolutions.com,(617) 917-4408,Andrea Osborne,a_osborne@obhs.com,(617) 917-4408,Andrea Osborne,Scott Early,1
A5702,"COMMUNITY MEDICAL ASSOCIATES, INC.",On Belay Health Solutions,"CA, MA, MS, NH, NV, RI, SD, TX",1,01/01/2025,01/01/2025,0,0,,1,0,1,0,0,0,0,1,0,1,"100 Summer St., Suite 1600, Boston, MA, 02110",www.onbelayhealthsolutions.com/mssp2025,Andrew Allison,andrew@onbelayhealthsolutions.com,(617) 917-4408,Andrea Osborne,a_osborne@obhs.com,(617) 917-4408,Andrea Osborne,Scott Early,1
A5702,JASPER GENERAL HOSPITAL,On Belay Health Solutions,"CA, MA, MS, NH, NV, RI, SD, TX",1,01/01/2025,01/01/2025,0,0,,1,0,1,0,0,0,0,1,0,1,"100 Summer St., Suite 1600, Boston, MA, 02110",www.onbelayhealthsolutions.com/mssp2025,Andrew Allison,andrew@onbelayhealthsolutions.com,(617) 917-4408,Andrea Osborne,a_osborne@obhs.com,(617) 917-4408,Andrea Osborne,Scott Early,1
A5702,LAWRENCE G KIDD MD PC,On Belay Health Solutions,"CA, MA, MS, NH, NV, RI, SD, TX",1,01/01/2025,01/01/2025,0,0,,1,0,1,0,0,0,0,1,0,1,"100 Summer St., Suite 1600, Boston, MA, 02110",www.onbelayhealthsolutions.com/mssp2025,Andrew Allison,andrew@onbelayhealthsolutions.com,(617) 917-4408,Andrea Osborne,a_osborne@obhs.com,(617) 917-4408,Andrea Osborne,Scott Early,1
A5702,LAWRENCE HEALTH SOLUTIONS LLC,On Belay Health Solutions,"CA, MA, MS, NH, NV, RI, SD, TX",1,01/01/2025,01/01/2025,0,0,,1,0,1,0,0,0,0,1,0,1,"100 Summer St., Suite 1600, Boston, MA, 02110",www.onbelayhealthsolutions.com/mssp2025,Andrew Allison,andrew@onbelayhealthsolutions.com,(617) 917-4408,Andrea Osborne,a_osborne@obhs.com,(617) 917-4408,Andrea Osborne,Scott Early,1
A5702,LONE STAR CIRCLE OF CARE,On Belay Health Solutions,"CA, MA, MS, NH, NV, RI, SD, TX",1,01/01/2025,01/01/2025,0,0,,1,0,1,0,0,0,0,1,0,1,"100 Summer St., Suite 1600, Boston, MA, 02110",www.onbelayhealthsolutions.com/mssp2025,Andrew Allison,andrew@onbelayhealthsolutions.com,(617) 917-4408,Andrea Osborne,a_osborne@obhs.com,(617) 917-4408,Andrea Osborne,Scott Early,1
A5702,Northern Nevada HOPES,On Belay Health Solutions,"CA, MA, MS, NH, NV, RI, SD, TX",1,01/01/2025,01/01/2025,0,0,,1,0,1,0,0,0,0,1,0,1,"100 Summer St., Suite 1600, Boston, MA, 02110",www.onbelayhealthsolutions.com/mssp2025,Andrew Allison,andrew@onbelayhealthsolutions.com,(617) 917-4408,Andrea Osborne,a_osborne@obhs.com,(617) 917-4408,Andrea Osborne,Scott Early,1
A5702,NORTHWEST COMMUNITY HEALTH CARE,On Belay Health Solutions,"CA, MA, MS, NH, NV, RI, SD, TX",1,01/01/2025,01/01/2025,0,0,,1,0,1,0,0,0,0,1,0,1,"100 Summer St., Suite 1600, Boston, MA, 02110",www.onbelayhealthsolutions.com/mssp2025,Andrew Allison,andrew@onbelayhealthsolutions.com,(617) 917-4408,Andrea Osborne,a_osborne@obhs.com,(617) 917-4408,Andrea Osborne,Scott Early,1
A5702,PARADISE MEDICAL GROUP INC,On Belay Health Solutions,"CA, MA, MS, NH, NV, RI, SD, TX",1,01/01/2025,01/01/2025,0,0,,1,0,1,0,0,0,0,1,0,1,"100 Summer St., Suite 1600, Boston, MA, 02110",www.onbelayhealthsolutions.com/mssp2025,Andrew Allison,andrew@onbelayhealthsolutions.com,(617) 917-4408,Andrea Osborne,a_osborne@obhs.com,(617) 917-4408,Andrea Osborne,Scott Early,1
A5702,RAPID CITY MEDICAL CENTER LLP,On Belay Health Solutions,"CA, MA, MS, NH, NV, RI, SD, TX",1,01/01/2025,01/01/2025,0,0,,1,0,1,0,0,0,0,1,0,1,"100 Summer St., Suite 1600, Boston, MA, 02110",www.onbelayhealthsolutions.com/mssp2025,Andrew Allison,andrew@onbelayhealthsolutions.com,(617) 917-4408,Andrea Osborne,a_osborne@obhs.com,(617) 917-4408,Andrea Osborne,Scott Early,1
A5702,VK NEW ENGLAND MANAGEMENT LLC,On Belay Health Solutions,"CA, MA, MS, NH, NV, RI, SD, TX",1,01/01/2025,01/01/2025,0,0,,1,0,1,0,0,0,0,1,0,1,"100 Summer St., Suite 1600, Boston, MA, 02110",www.onbelayhealthsolutions.com/mssp2025,Andrew Allison,andrew@onbelayhealthsolutions.com,(617) 917-4408,Andrea Osborne,a_osborne@obhs.com,(617) 917-4408,Andrea Osborne,Scott Early,1
A3547,Allegheny Clinic,Physician Partners of Western PA LLC,"NY, PA",3,01/01/2018,01/01/2025,0,0,,1,0,1,0,0,0,0,1,1,0,"120 Fifth Avenue Place, AHN-Corp, Pittsburgh, PA, 15222",www.physicianpartnerswpa.com/aco,Brian Johnson,brian.johnson@ahn.org,(724) 255-4134,Dan Laurent,dan.laurent@ahn.org,(412) 833-2567,Holly Miller,Brian Johnson,1
A3547,Allegheny Clinic Radiology,Physician Partners of Western PA LLC,"NY, PA",3,01/01/2018,01/01/2025,0,0,,1,0,1,0,0,0,0,1,1,0,"120 Fifth Avenue Place, AHN-Corp, Pittsburgh, PA, 15222",www.physicianpartnerswpa.com/aco,Brian Johnson,brian.johnson@ahn.org,(724) 255-4134,Dan Laurent,dan.laurent@ahn.org,(412) 833-2567,Holly Miller,Brian Johnson,1
A3547,ASSOCIATES IN NEUROLOGY OF PITTSBURGH,Physician Partners of Western PA LLC,"NY, PA",3,01/01/2018,01/01/2025,0,0,,1,0,1,0,0,0,0,1,1,0,"120 Fifth Avenue Place, AHN-Corp, Pittsburgh, PA, 15222",www.physicianpartnerswpa.com/aco,Brian Johnson,brian.johnson@ahn.org,(724) 255-4134,Dan Laurent,dan.laurent@ahn.org,(412) 833-2567,Holly Miller,Brian Johnson,1
A3547,CARDIOVASCULAR DISEASE SPECIALISTS OF PITTSBURGH PC,Physician Partners of Western PA LLC,"NY, PA",3,01/01/2018,01/01/2025,0,0,,1,0,1,0,0,0,0,1,1,0,"120 Fifth Avenue Place, AHN-Corp, Pittsburgh, PA, 15222",www.physicianpartnerswpa.com/aco,Brian Johnson,brian.johnson@ahn.org,(724) 255-4134,Dan Laurent,dan.laurent@ahn.org,(412) 833-2567,Holly Miller,Brian Johnson,1
A3547,CENTER FOR ORTHOPAEDIC AND SPORTS MEDICINE PC,Physician Partners of Western PA LLC,"NY, PA",3,01/01/2018,01/01/2025,0,0,,1,0,1,0,0,0,0,1,1,0,"120 Fifth Avenue Place, AHN-Corp, Pittsburgh, PA, 15222",www.physicianpartnerswpa.com/aco,Brian Johnson,brian.johnson@ahn.org,(724) 255-4134,Dan Laurent,dan.laurent@ahn.org,(412) 833-2567,Holly Miller,Brian Johnson,1
A3547,CHAUTAUQUA MEDICAL PRACTICE PC,Physician Partners of Western PA LLC,"NY, PA",3,01/01/2018,01/01/2025,0,0,,1,0,1,0,0,0,0,1,1,0,"120 Fifth Avenue Place, AHN-Corp, Pittsburgh, PA, 15222",www.physicianpartnerswpa.com/aco,Brian Johnson,brian.johnson@ahn.org,(724) 255-4134,Dan Laurent,dan.laurent@ahn.org,(412) 833-2567,Holly Miller,Brian Johnson,1
A3547,Cherry Tree Medical Associates Inc,Physician Partners of Western PA LLC,"NY, PA",3,01/01/2018,01/01/2025,0,0,,1,0,1,0,0,0,0,1,1,0,"120 Fifth Avenue Place, AHN-Corp, Pittsburgh, PA, 15222",www.physicianpartnerswpa.com/aco,Brian Johnson,brian.johnson@ahn.org,(724) 255-4134,Dan Laurent,dan.laurent@ahn.org,(412) 833-2567,Holly Miller,Brian Johnson,1
A3547,DR EDWARD JEW III INTERNAL MEDICINE,Physician Partners of Western PA LLC,"NY, PA",3,01/01/2018,01/01/2025,0,0,,1,0,1,0,0,0,0,1,1,0,"120 Fifth Avenue Place, AHN-Corp, Pittsburgh, PA, 15222",www.physicianpartnerswpa.com/aco,Brian Johnson,brian.johnson@ahn.org,(724) 255-4134,Dan Laurent,dan.laurent@ahn.org,(412) 833-2567,Holly Miller,Brian Johnson,1
A3547,"Dudzinski Enterprises, Inc",Physician Partners of Western PA LLC,"NY, PA",3,01/01/2018,01/01/2025,0,0,,1,0,1,0,0,0,0,1,1,0,"120 Fifth Avenue Place, AHN-Corp, Pittsburgh, PA, 15222",www.physicianpartnerswpa.com/aco,Brian Johnson,brian.johnson@ahn.org,(724) 255-4134,Dan Laurent,dan.laurent@ahn.org,(412) 833-2567,Holly Miller,Brian Johnson,1
A3547,"EMMANUEL FAMILY PRACTICE ASSOCIATES, PC",Physician Partners of Western PA LLC,"NY, PA",3,01/01/2018,01/01/2025,0,0,,1,0,1,0,0,0,0,1,1,0,"120 Fifth Avenue Place, AHN-Corp, Pittsburgh, PA, 15222",www.physicianpartnerswpa.com/aco,Brian Johnson,brian.johnson@ahn.org,(724) 255-4134,Dan Laurent,dan.laurent@ahn.org,(412) 833-2567,Holly Miller,Brian Johnson,1
A3547,Family Practice Medical Associate South Inc,Physician Partners of Western PA LLC,"NY, PA",3,01/01/2018,01/01/2025,0,0,,1,0,1,0,0,0,0,1,1,0,"120 Fifth Avenue Place, AHN-Corp, Pittsburgh, PA, 15222",www.physicianpartnerswpa.com/aco,Brian Johnson,brian.johnson@ahn.org,(724) 255-4134,Dan Laurent,dan.laurent@ahn.org,(412) 833-2567,Holly Miller,Brian Johnson,1
A3547,GOLLA ENT,Physician Partners of Western PA LLC,"NY, PA",3,01/01/2018,01/01/2025,0,0,,1,0,1,0,0,0,0,1,1,0,"120 Fifth Avenue Place, AHN-Corp, Pittsburgh, PA, 15222",www.physicianpartnerswpa.com/aco,Brian Johnson,brian.johnson@ahn.org,(724) 255-4134,Dan Laurent,dan.laurent@ahn.org,(412) 833-2567,Holly Miller,Brian Johnson,1
A3547,INDIANA DIABETES & ENDOCRINOLOGY,Physician Partners of Western PA LLC,"NY, PA",3,01/01/2018,01/01/2025,0,0,,1,0,1,0,0,0,0,1,1,0,"120 Fifth Avenue Place, AHN-Corp, Pittsburgh, PA, 15222",www.physicianpartnerswpa.com/aco,Brian Johnson,brian.johnson@ahn.org,(724) 255-4134,Dan Laurent,dan.laurent@ahn.org,(412) 833-2567,Holly Miller,Brian Johnson,1
A3547,IZZO FOOT AND ANKLE PC,Physician Partners of Western PA LLC,"NY, PA",3,01/01/2018,01/01/2025,0,0,,1,0,1,0,0,0,0,1,1,0,"120 Fifth Avenue Place, AHN-Corp, Pittsburgh, PA, 15222",www.physicianpartnerswpa.com/aco,Brian Johnson,brian.johnson@ahn.org,(724) 255-4134,Dan Laurent,dan.laurent@ahn.org,(412) 833-2567,Holly Miller,Brian Johnson,1
A3547,JEFFERSON CARDIOLOGY ASSOCATION,Physician Partners of Western PA LLC,"NY, PA",3,01/01/2018,01/01/2025,0,0,,1,0,1,0,0,0,0,1,1,0,"120 Fifth Avenue Place, AHN-Corp, Pittsburgh, PA, 15222",www.physicianpartnerswpa.com/aco,Brian Johnson,brian.johnson@ahn.org,(724) 255-4134,Dan Laurent,dan.laurent@ahn.org,(412) 833-2567,Holly Miller,Brian Johnson,1
A3547,Jefferson Hills Surgical Specialists,Physician Partners of Western PA LLC,"NY, PA",3,01/01/2018,01/01/2025,0,0,,1,0,1,0,0,0,0,1,1,0,"120 Fifth Avenue Place, AHN-Corp, Pittsburgh, PA, 15222",www.physicianpartnerswpa.com/aco,Brian Johnson,brian.johnson@ahn.org,(724) 255-4134,Dan Laurent,dan.laurent@ahn.org,(412) 833-2567,Holly Miller,Brian Johnson,1
A3547,Jefferson Internal Medicine PC,Physician Partners of Western PA LLC,"NY, PA",3,01/01/2018,01/01/2025,0,0,,1,0,1,0,0,0,0,1,1,0,"120 Fifth Avenue Place, AHN-Corp, Pittsburgh, PA, 15222",www.physicianpartnerswpa.com/aco,Brian Johnson,brian.johnson@ahn.org,(724) 255-4134,Dan Laurent,dan.laurent@ahn.org,(412) 833-2567,Holly Miller,Brian Johnson,1
A3547,"JOHNSTOWN HEART AND VASCULAR CENTER, INC",Physician Partners of Western PA LLC,"NY, PA",3,01/01/2018,01/01/2025,0,0,,1,0,1,0,0,0,0,1,1,0,"120 Fifth Avenue Place, AHN-Corp, Pittsburgh, PA, 15222",www.physicianpartnerswpa.com/aco,Brian Johnson,brian.johnson@ahn.org,(724) 255-4134,Dan Laurent,dan.laurent@ahn.org,(412) 833-2567,Holly Miller,Brian Johnson,1
A3547,"KLAIN, HEASLEY, NETTLETON MD, PC",Physician Partners of Western PA LLC,"NY, PA",3,01/01/2018,01/01/2025,0,0,,1,0,1,0,0,0,0,1,1,0,"120 Fifth Avenue Place, AHN-Corp, Pittsburgh, PA, 15222",www.physicianpartnerswpa.com/aco,Brian Johnson,brian.johnson@ahn.org,(724) 255-4134,Dan Laurent,dan.laurent@ahn.org,(412) 833-2567,Holly Miller,Brian Johnson,1
A3547,"Levi Walker, M.D., P.C.",Physician Partners of Western PA LLC,"NY, PA",3,01/01/2018,01/01/2025,0,0,,1,0,1,0,0,0,0,1,1,0,"120 Fifth Avenue Place, AHN-Corp, Pittsburgh, PA, 15222",www.physicianpartnerswpa.com/aco,Brian Johnson,brian.johnson@ahn.org,(724) 255-4134,Dan Laurent,dan.laurent@ahn.org,(412) 833-2567,Holly Miller,Brian Johnson,1
A3547,"OB-GYN Associates of Erie, PC",Physician Partners of Western PA LLC,"NY, PA",3,01/01/2018,01/01/2025,0,0,,1,0,1,0,0,0,0,1,1,0,"120 Fifth Avenue Place, AHN-Corp, Pittsburgh, PA, 15222",www.physicianpartnerswpa.com/aco,Brian Johnson,brian.johnson@ahn.org,(724) 255-4134,Dan Laurent,dan.laurent@ahn.org,(412) 833-2567,Holly Miller,Brian Johnson,1
A3547,Park Cardiothoracic And Vascular Institute,Physician Partners of Western PA LLC,"NY, PA",3,01/01/2018,01/01/2025,0,0,,1,0,1,0,0,0,0,1,1,0,"120 Fifth Avenue Place, AHN-Corp, Pittsburgh, PA, 15222",www.physicianpartnerswpa.com/aco,Brian Johnson,brian.johnson@ahn.org,(724) 255-4134,Dan Laurent,dan.laurent@ahn.org,(412) 833-2567,Holly Miller,Brian Johnson,1
A3547,PARTNERS IN FAMILY CARE P C,Physician Partners of Western PA LLC,"NY, PA",3,01/01/2018,01/01/2025,0,0,,1,0,1,0,0,0,0,1,1,0,"120 Fifth Avenue Place, AHN-Corp, Pittsburgh, PA, 15222",www.physicianpartnerswpa.com/aco,Brian Johnson,brian.johnson@ahn.org,(724) 255-4134,Dan Laurent,dan.laurent@ahn.org,(412) 833-2567,Holly Miller,Brian Johnson,1
A3547,Premier Medical Associates PC,Physician Partners of Western PA LLC,"NY, PA",3,01/01/2018,01/01/2025,0,0,,1,0,1,0,0,0,0,1,1,0,"120 Fifth Avenue Place, AHN-Corp, Pittsburgh, PA, 15222",www.physicianpartnerswpa.com/aco,Brian Johnson,brian.johnson@ahn.org,(724) 255-4134,Dan Laurent,dan.laurent@ahn.org,(412) 833-2567,Holly Miller,Brian Johnson,1
A3547,Primary Care Group 11 Inc,Physician Partners of Western PA LLC,"NY, PA",3,01/01/2018,01/01/2025,0,0,,1,0,1,0,0,0,0,1,1,0,"120 Fifth Avenue Place, AHN-Corp, Pittsburgh, PA, 15222",www.physicianpartnerswpa.com/aco,Brian Johnson,brian.johnson@ahn.org,(724) 255-4134,Dan Laurent,dan.laurent@ahn.org,(412) 833-2567,Holly Miller,Brian Johnson,1
A3547,Primary Care Group 3 Inc,Physician Partners of Western PA LLC,"NY, PA",3,01/01/2018,01/01/2025,0,0,,1,0,1,0,0,0,0,1,1,0,"120 Fifth Avenue Place, AHN-Corp, Pittsburgh, PA, 15222",www.physicianpartnerswpa.com/aco,Brian Johnson,brian.johnson@ahn.org,(724) 255-4134,Dan Laurent,dan.laurent@ahn.org,(412) 833-2567,Holly Miller,Brian Johnson,1
A3547,"Primary Care Group 7, Inc",Physician Partners of Western PA LLC,"NY, PA",3,01/01/2018,01/01/2025,0,0,,1,0,1,0,0,0,0,1,1,0,"120 Fifth Avenue Place, AHN-Corp, Pittsburgh, PA, 15222",www.physicianpartnerswpa.com/aco,Brian Johnson,brian.johnson@ahn.org,(724) 255-4134,Dan Laurent,dan.laurent@ahn.org,(412) 833-2567,Holly Miller,Brian Johnson,1
A3547,Prime Medical Group PCG1,Physician Partners of Western PA LLC,"NY, PA",3,01/01/2018,01/01/2025,0,0,,1,0,1,0,0,0,0,1,1,0,"120 Fifth Avenue Place, AHN-Corp, Pittsburgh, PA, 15222",www.physicianpartnerswpa.com/aco,Brian Johnson,brian.johnson@ahn.org,(724) 255-4134,Dan Laurent,dan.laurent@ahn.org,(412) 833-2567,Holly Miller,Brian Johnson,1
A3547,Raja Chakrapani,Physician Partners of Western PA LLC,"NY, PA",3,01/01/2018,01/01/2025,0,0,,1,0,1,0,0,0,0,1,1,0,"120 Fifth Avenue Place, AHN-Corp, Pittsburgh, PA, 15222",www.physicianpartnerswpa.com/aco,Brian Johnson,brian.johnson@ahn.org,(724) 255-4134,Dan Laurent,dan.laurent@ahn.org,(412) 833-2567,Holly Miller,Brian Johnson,1
A3547,Rc Medical Associates Pc,Physician Partners of Western PA LLC,"NY, PA",3,01/01/2018,01/01/2025,0,0,,1,0,1,0,0,0,0,1,1,0,"120 Fifth Avenue Place, AHN-Corp, Pittsburgh, PA, 15222",www.physicianpartnerswpa.com/aco,Brian Johnson,brian.johnson@ahn.org,(724) 255-4134,Dan Laurent,dan.laurent@ahn.org,(412) 833-2567,Holly Miller,Brian Johnson,1
A3547,Saint Vincent Consultants In Cardiovascular Diseases,Physician Partners of Western PA LLC,"NY, PA",3,01/01/2018,01/01/2025,0,0,,1,0,1,0,0,0,0,1,1,0,"120 Fifth Avenue Place, AHN-Corp, Pittsburgh, PA, 15222",www.physicianpartnerswpa.com/aco,Brian Johnson,brian.johnson@ahn.org,(724) 255-4134,Dan Laurent,dan.laurent@ahn.org,(412) 833-2567,Holly Miller,Brian Johnson,1
A3547,SCIAMANDA TOTAL HEALTH AND WELLNESS,Physician Partners of Western PA LLC,"NY, PA",3,01/01/2018,01/01/2025,0,0,,1,0,1,0,0,0,0,1,1,0,"120 Fifth Avenue Place, AHN-Corp, Pittsburgh, PA, 15222",www.physicianpartnerswpa.com/aco,Brian Johnson,brian.johnson@ahn.org,(724) 255-4134,Dan Laurent,dan.laurent@ahn.org,(412) 833-2567,Holly Miller,Brian Johnson,1
A3547,"SOUTH HILLS FAMILY MEDICINE, LLC",Physician Partners of Western PA LLC,"NY, PA",3,01/01/2018,01/01/2025,0,0,,1,0,1,0,0,0,0,1,1,0,"120 Fifth Avenue Place, AHN-Corp, Pittsburgh, PA, 15222",www.physicianpartnerswpa.com/aco,Brian Johnson,brian.johnson@ahn.org,(724) 255-4134,Dan Laurent,dan.laurent@ahn.org,(412) 833-2567,Holly Miller,Brian Johnson,1
A3547,South Pittsburgh Urology Associates,Physician Partners of Western PA LLC,"NY, PA",3,01/01/2018,01/01/2025,0,0,,1,0,1,0,0,0,0,1,1,0,"120 Fifth Avenue Place, AHN-Corp, Pittsburgh, PA, 15222",www.physicianpartnerswpa.com/aco,Brian Johnson,brian.johnson@ahn.org,(724) 255-4134,Dan Laurent,dan.laurent@ahn.org,(412) 833-2567,Holly Miller,Brian Johnson,1
A3547,St Vincent Medical Education And Research Institute Inc,Physician Partners of Western PA LLC,"NY, PA",3,01/01/2018,01/01/2025,0,0,,1,0,1,0,0,0,0,1,1,0,"120 Fifth Avenue Place, AHN-Corp, Pittsburgh, PA, 15222",www.physicianpartnerswpa.com/aco,Brian Johnson,brian.johnson@ahn.org,(724) 255-4134,Dan Laurent,dan.laurent@ahn.org,(412) 833-2567,Holly Miller,Brian Johnson,1
A3547,WARREN GENERAL HOSPITAL,Physician Partners of Western PA LLC,"NY, PA",3,01/01/2018,01/01/2025,0,0,,1,0,1,0,0,0,0,1,1,0,"120 Fifth Avenue Place, AHN-Corp, Pittsburgh, PA, 15222",www.physicianpartnerswpa.com/aco,Brian Johnson,brian.johnson@ahn.org,(724) 255-4134,Dan Laurent,dan.laurent@ahn.org,(412) 833-2567,Holly Miller,Brian Johnson,1
A5561,"AMIR ALIZADEH, MD, INC",RIPC Population Management LLC,"CT, MA, RI",2,01/01/2025,01/01/2025,1,1,E,0,0,1,0,0,0,0,0,1,0,"1150 New London Avenue, Ste. 20, Cranston, RI, 02920",https://www.ripcpc.com/about/ripc-population-management-public-reporting,Noah Benedict,nbenedict@ripcpc.com,(401) 654-4000,Noah Benedict,nbenedict@ripcpc.com,(401) 654-4000,Candace Bonnis,Thomas Warcup,1
A5561,BENJAMIN P LICHTENFELS DO PC,RIPC Population Management LLC,"CT, MA, RI",2,01/01/2025,01/01/2025,1,1,E,0,0,1,0,0,0,0,0,1,0,"1150 New London Avenue, Ste. 20, Cranston, RI, 02920",https://www.ripcpc.com/about/ripc-population-management-public-reporting,Noah Benedict,nbenedict@ripcpc.com,(401) 654-4000,Noah Benedict,nbenedict@ripcpc.com,(401) 654-4000,Candace Bonnis,Thomas Warcup,1
A5561,BERGHELLI INTERNAL MEDICINE LLC,RIPC Population Management LLC,"CT, MA, RI",2,01/01/2025,01/01/2025,1,1,E,0,0,1,0,0,0,0,0,1,0,"1150 New London Avenue, Ste. 20, Cranston, RI, 02920",https://www.ripcpc.com/about/ripc-population-management-public-reporting,Noah Benedict,nbenedict@ripcpc.com,(401) 654-4000,Noah Benedict,nbenedict@ripcpc.com,(401) 654-4000,Candace Bonnis,Thomas Warcup,1
A5561,"BLACKSTONE VALLEY CENTER FOR INTERNAL MEDICINE, INC",RIPC Population Management LLC,"CT, MA, RI",2,01/01/2025,01/01/2025,1,1,E,0,0,1,0,0,0,0,0,1,0,"1150 New London Avenue, Ste. 20, Cranston, RI, 02920",https://www.ripcpc.com/about/ripc-population-management-public-reporting,Noah Benedict,nbenedict@ripcpc.com,(401) 654-4000,Noah Benedict,nbenedict@ripcpc.com,(401) 654-4000,Candace Bonnis,Thomas Warcup,1
A5561,"BLOCK ISLAND HEALTH SERVICES, INC.",RIPC Population Management LLC,"CT, MA, RI",2,01/01/2025,01/01/2025,1,1,E,0,0,1,0,0,0,0,0,1,0,"1150 New London Avenue, Ste. 20, Cranston, RI, 02920",https://www.ripcpc.com/about/ripc-population-management-public-reporting,Noah Benedict,nbenedict@ripcpc.com,(401) 654-4000,Noah Benedict,nbenedict@ripcpc.com,(401) 654-4000,Candace Bonnis,Thomas Warcup,1
A5561,CHAD LAMENDOLA,RIPC Population Management LLC,"CT, MA, RI",2,01/01/2025,01/01/2025,1,1,E,0,0,1,0,0,0,0,0,1,0,"1150 New London Avenue, Ste. 20, Cranston, RI, 02920",https://www.ripcpc.com/about/ripc-population-management-public-reporting,Noah Benedict,nbenedict@ripcpc.com,(401) 654-4000,Noah Benedict,nbenedict@ripcpc.com,(401) 654-4000,Candace Bonnis,Thomas Warcup,1
A5561,CHARLES L CRONIN III DO INC,RIPC Population Management LLC,"CT, MA, RI",2,01/01/2025,01/01/2025,1,1,E,0,0,1,0,0,0,0,0,1,0,"1150 New London Avenue, Ste. 20, Cranston, RI, 02920",https://www.ripcpc.com/about/ripc-population-management-public-reporting,Noah Benedict,nbenedict@ripcpc.com,(401) 654-4000,Noah Benedict,nbenedict@ripcpc.com,(401) 654-4000,Candace Bonnis,Thomas Warcup,1
A5561,COIA COMPREHENSIVE PRIMARY CARE LLC,RIPC Population Management LLC,"CT, MA, RI",2,01/01/2025,01/01/2025,1,1,E,0,0,1,0,0,0,0,0,1,0,"1150 New London Avenue, Ste. 20, Cranston, RI, 02920",https://www.ripcpc.com/about/ripc-population-management-public-reporting,Noah Benedict,nbenedict@ripcpc.com,(401) 654-4000,Noah Benedict,nbenedict@ripcpc.com,(401) 654-4000,Candace Bonnis,Thomas Warcup,1
A5561,CUMBERLAND PRIMARY CARE INC,RIPC Population Management LLC,"CT, MA, RI",2,01/01/2025,01/01/2025,1,1,E,0,0,1,0,0,0,0,0,1,0,"1150 New London Avenue, Ste. 20, Cranston, RI, 02920",https://www.ripcpc.com/about/ripc-population-management-public-reporting,Noah Benedict,nbenedict@ripcpc.com,(401) 654-4000,Noah Benedict,nbenedict@ripcpc.com,(401) 654-4000,Candace Bonnis,Thomas Warcup,1
A5561,DRS DUBOIS & DUBOIS LTD,RIPC Population Management LLC,"CT, MA, RI",2,01/01/2025,01/01/2025,1,1,E,0,0,1,0,0,0,0,0,1,0,"1150 New London Avenue, Ste. 20, Cranston, RI, 02920",https://www.ripcpc.com/about/ripc-population-management-public-reporting,Noah Benedict,nbenedict@ripcpc.com,(401) 654-4000,Noah Benedict,nbenedict@ripcpc.com,(401) 654-4000,Candace Bonnis,Thomas Warcup,1
A5561,FAIRLAWN PRIMARY CARE INC,RIPC Population Management LLC,"CT, MA, RI",2,01/01/2025,01/01/2025,1,1,E,0,0,1,0,0,0,0,0,1,0,"1150 New London Avenue, Ste. 20, Cranston, RI, 02920",https://www.ripcpc.com/about/ripc-population-management-public-reporting,Noah Benedict,nbenedict@ripcpc.com,(401) 654-4000,Noah Benedict,nbenedict@ripcpc.com,(401) 654-4000,Candace Bonnis,Thomas Warcup,1
A5561,"FAMILY DOCTORS GROUP, PC",RIPC Population Management LLC,"CT, MA, RI",2,01/01/2025,01/01/2025,1,1,E,0,0,1,0,0,0,0,0,1,0,"1150 New London Avenue, Ste. 20, Cranston, RI, 02920",https://www.ripcpc.com/about/ripc-population-management-public-reporting,Noah Benedict,nbenedict@ripcpc.com,(401) 654-4000,Noah Benedict,nbenedict@ripcpc.com,(401) 654-4000,Candace Bonnis,Thomas Warcup,1
A5561,GREENWICH MEDICAL ASSOCIATES INC,RIPC Population Management LLC,"CT, MA, RI",2,01/01/2025,01/01/2025,1,1,E,0,0,1,0,0,0,0,0,1,0,"1150 New London Avenue, Ste. 20, Cranston, RI, 02920",https://www.ripcpc.com/about/ripc-population-management-public-reporting,Noah Benedict,nbenedict@ripcpc.com,(401) 654-4000,Noah Benedict,nbenedict@ripcpc.com,(401) 654-4000,Candace Bonnis,Thomas Warcup,1
A5561,HERBERT J BRENNAN DO LTD,RIPC Population Management LLC,"CT, MA, RI",2,01/01/2025,01/01/2025,1,1,E,0,0,1,0,0,0,0,0,1,0,"1150 New London Avenue, Ste. 20, Cranston, RI, 02920",https://www.ripcpc.com/about/ripc-population-management-public-reporting,Noah Benedict,nbenedict@ripcpc.com,(401) 654-4000,Noah Benedict,nbenedict@ripcpc.com,(401) 654-4000,Candace Bonnis,Thomas Warcup,1
A5561,HERMAN AYVAZYAN,RIPC Population Management LLC,"CT, MA, RI",2,01/01/2025,01/01/2025,1,1,E,0,0,1,0,0,0,0,0,1,0,"1150 New London Avenue, Ste. 20, Cranston, RI, 02920",https://www.ripcpc.com/about/ripc-population-management-public-reporting,Noah Benedict,nbenedict@ripcpc.com,(401) 654-4000,Noah Benedict,nbenedict@ripcpc.com,(401) 654-4000,Candace Bonnis,Thomas Warcup,1
A5561,"JAMES G STUART, D.O. LLC",RIPC Population Management LLC,"CT, MA, RI",2,01/01/2025,01/01/2025,1,1,E,0,0,1,0,0,0,0,0,1,0,"1150 New London Avenue, Ste. 20, Cranston, RI, 02920",https://www.ripcpc.com/about/ripc-population-management-public-reporting,Noah Benedict,nbenedict@ripcpc.com,(401) 654-4000,Noah Benedict,nbenedict@ripcpc.com,(401) 654-4000,Candace Bonnis,Thomas Warcup,1
A5561,JAMIEL AMBRAD,RIPC Population Management LLC,"CT, MA, RI",2,01/01/2025,01/01/2025,1,1,E,0,0,1,0,0,0,0,0,1,0,"1150 New London Avenue, Ste. 20, Cranston, RI, 02920",https://www.ripcpc.com/about/ripc-population-management-public-reporting,Noah Benedict,nbenedict@ripcpc.com,(401) 654-4000,Noah Benedict,nbenedict@ripcpc.com,(401) 654-4000,Candace Bonnis,Thomas Warcup,1
A5561,JASON BOUDJOUK,RIPC Population Management LLC,"CT, MA, RI",2,01/01/2025,01/01/2025,1,1,E,0,0,1,0,0,0,0,0,1,0,"1150 New London Avenue, Ste. 20, Cranston, RI, 02920",https://www.ripcpc.com/about/ripc-population-management-public-reporting,Noah Benedict,nbenedict@ripcpc.com,(401) 654-4000,Noah Benedict,nbenedict@ripcpc.com,(401) 654-4000,Candace Bonnis,Thomas Warcup,1
A5561,JOHN SLATTERY,RIPC Population Management LLC,"CT, MA, RI",2,01/01/2025,01/01/2025,1,1,E,0,0,1,0,0,0,0,0,1,0,"1150 New London Avenue, Ste. 20, Cranston, RI, 02920",https://www.ripcpc.com/about/ripc-population-management-public-reporting,Noah Benedict,nbenedict@ripcpc.com,(401) 654-4000,Noah Benedict,nbenedict@ripcpc.com,(401) 654-4000,Candace Bonnis,Thomas Warcup,1
A5561,JOHN SOLOMON,RIPC Population Management LLC,"CT, MA, RI",2,01/01/2025,01/01/2025,1,1,E,0,0,1,0,0,0,0,0,1,0,"1150 New London Avenue, Ste. 20, Cranston, RI, 02920",https://www.ripcpc.com/about/ripc-population-management-public-reporting,Noah Benedict,nbenedict@ripcpc.com,(401) 654-4000,Noah Benedict,nbenedict@ripcpc.com,(401) 654-4000,Candace Bonnis,Thomas Warcup,1
A5561,"KEITH L. CALLAHAN M.D., P.C.",RIPC Population Management LLC,"CT, MA, RI",2,01/01/2025,01/01/2025,1,1,E,0,0,1,0,0,0,0,0,1,0,"1150 New London Avenue, Ste. 20, Cranston, RI, 02920",https://www.ripcpc.com/about/ripc-population-management-public-reporting,Noah Benedict,nbenedict@ripcpc.com,(401) 654-4000,Noah Benedict,nbenedict@ripcpc.com,(401) 654-4000,Candace Bonnis,Thomas Warcup,1
A5561,KIMBERLY HUMULOCK,RIPC Population Management LLC,"CT, MA, RI",2,01/01/2025,01/01/2025,1,1,E,0,0,1,0,0,0,0,0,1,0,"1150 New London Avenue, Ste. 20, Cranston, RI, 02920",https://www.ripcpc.com/about/ripc-population-management-public-reporting,Noah Benedict,nbenedict@ripcpc.com,(401) 654-4000,Noah Benedict,nbenedict@ripcpc.com,(401) 654-4000,Candace Bonnis,Thomas Warcup,1
A5561,KRISTINE CUNNIFF,RIPC Population Management LLC,"CT, MA, RI",2,01/01/2025,01/01/2025,1,1,E,0,0,1,0,0,0,0,0,1,0,"1150 New London Avenue, Ste. 20, Cranston, RI, 02920",https://www.ripcpc.com/about/ripc-population-management-public-reporting,Noah Benedict,nbenedict@ripcpc.com,(401) 654-4000,Noah Benedict,nbenedict@ripcpc.com,(401) 654-4000,Candace Bonnis,Thomas Warcup,1
A5561,LYNN SOMMERVILLE,RIPC Population Management LLC,"CT, MA, RI",2,01/01/2025,01/01/2025,1,1,E,0,0,1,0,0,0,0,0,1,0,"1150 New London Avenue, Ste. 20, Cranston, RI, 02920",https://www.ripcpc.com/about/ripc-population-management-public-reporting,Noah Benedict,nbenedict@ripcpc.com,(401) 654-4000,Noah Benedict,nbenedict@ripcpc.com,(401) 654-4000,Candace Bonnis,Thomas Warcup,1
A5561,"MATTHEW K. ROCHELEAU, DO LLC",RIPC Population Management LLC,"CT, MA, RI",2,01/01/2025,01/01/2025,1,1,E,0,0,1,0,0,0,0,0,1,0,"1150 New London Avenue, Ste. 20, Cranston, RI, 02920",https://www.ripcpc.com/about/ripc-population-management-public-reporting,Noah Benedict,nbenedict@ripcpc.com,(401) 654-4000,Noah Benedict,nbenedict@ripcpc.com,(401) 654-4000,Candace Bonnis,Thomas Warcup,1
A5561,MIHAELA IOVANEL MD INC,RIPC Population Management LLC,"CT, MA, RI",2,01/01/2025,01/01/2025,1,1,E,0,0,1,0,0,0,0,0,1,0,"1150 New London Avenue, Ste. 20, Cranston, RI, 02920",https://www.ripcpc.com/about/ripc-population-management-public-reporting,Noah Benedict,nbenedict@ripcpc.com,(401) 654-4000,Noah Benedict,nbenedict@ripcpc.com,(401) 654-4000,Candace Bonnis,Thomas Warcup,1
A5561,"NRI MEDICAL SERVICES, INCORPORATED",RIPC Population Management LLC,"CT, MA, RI",2,01/01/2025,01/01/2025,1,1,E,0,0,1,0,0,0,0,0,1,0,"1150 New London Avenue, Ste. 20, Cranston, RI, 02920",https://www.ripcpc.com/about/ripc-population-management-public-reporting,Noah Benedict,nbenedict@ripcpc.com,(401) 654-4000,Noah Benedict,nbenedict@ripcpc.com,(401) 654-4000,Candace Bonnis,Thomas Warcup,1
A5561,OCEAN MEDICAL PRACTICE INC,RIPC Population Management LLC,"CT, MA, RI",2,01/01/2025,01/01/2025,1,1,E,0,0,1,0,0,0,0,0,1,0,"1150 New London Avenue, Ste. 20, Cranston, RI, 02920",https://www.ripcpc.com/about/ripc-population-management-public-reporting,Noah Benedict,nbenedict@ripcpc.com,(401) 654-4000,Noah Benedict,nbenedict@ripcpc.com,(401) 654-4000,Candace Bonnis,Thomas Warcup,1
A5561,OCEAN STATE PRIMARY CARE LLC,RIPC Population Management LLC,"CT, MA, RI",2,01/01/2025,01/01/2025,1,1,E,0,0,1,0,0,0,0,0,1,0,"1150 New London Avenue, Ste. 20, Cranston, RI, 02920",https://www.ripcpc.com/about/ripc-population-management-public-reporting,Noah Benedict,nbenedict@ripcpc.com,(401) 654-4000,Noah Benedict,nbenedict@ripcpc.com,(401) 654-4000,Candace Bonnis,Thomas Warcup,1
A5561,OLGA TVERSKAYA,RIPC Population Management LLC,"CT, MA, RI",2,01/01/2025,01/01/2025,1,1,E,0,0,1,0,0,0,0,0,1,0,"1150 New London Avenue, Ste. 20, Cranston, RI, 02920",https://www.ripcpc.com/about/ripc-population-management-public-reporting,Noah Benedict,nbenedict@ripcpc.com,(401) 654-4000,Noah Benedict,nbenedict@ripcpc.com,(401) 654-4000,Candace Bonnis,Thomas Warcup,1
A5561,OSTEOPATHIC FAMILY MEDICINE LLC,RIPC Population Management LLC,"CT, MA, RI",2,01/01/2025,01/01/2025,1,1,E,0,0,1,0,0,0,0,0,1,0,"1150 New London Avenue, Ste. 20, Cranston, RI, 02920",https://www.ripcpc.com/about/ripc-population-management-public-reporting,Noah Benedict,nbenedict@ripcpc.com,(401) 654-4000,Noah Benedict,nbenedict@ripcpc.com,(401) 654-4000,Candace Bonnis,Thomas Warcup,1
A5561,PILGRIM PARK MEDICAL ASSOCIATES LTD,RIPC Population Management LLC,"CT, MA, RI",2,01/01/2025,01/01/2025,1,1,E,0,0,1,0,0,0,0,0,1,0,"1150 New London Avenue, Ste. 20, Cranston, RI, 02920",https://www.ripcpc.com/about/ripc-population-management-public-reporting,Noah Benedict,nbenedict@ripcpc.com,(401) 654-4000,Noah Benedict,nbenedict@ripcpc.com,(401) 654-4000,Candace Bonnis,Thomas Warcup,1
A5561,PLAIN STREET PRIMARYCARE LLC,RIPC Population Management LLC,"CT, MA, RI",2,01/01/2025,01/01/2025,1,1,E,0,0,1,0,0,0,0,0,1,0,"1150 New London Avenue, Ste. 20, Cranston, RI, 02920",https://www.ripcpc.com/about/ripc-population-management-public-reporting,Noah Benedict,nbenedict@ripcpc.com,(401) 654-4000,Noah Benedict,nbenedict@ripcpc.com,(401) 654-4000,Candace Bonnis,Thomas Warcup,1
A5561,RI RHEUMATOLOGY LLC,RIPC Population Management LLC,"CT, MA, RI",2,01/01/2025,01/01/2025,1,1,E,0,0,1,0,0,0,0,0,1,0,"1150 New London Avenue, Ste. 20, Cranston, RI, 02920",https://www.ripcpc.com/about/ripc-population-management-public-reporting,Noah Benedict,nbenedict@ripcpc.com,(401) 654-4000,Noah Benedict,nbenedict@ripcpc.com,(401) 654-4000,Candace Bonnis,Thomas Warcup,1
A5561,RICHARD M DELSESTO MD MS LTD,RIPC Population Management LLC,"CT, MA, RI",2,01/01/2025,01/01/2025,1,1,E,0,0,1,0,0,0,0,0,1,0,"1150 New London Avenue, Ste. 20, Cranston, RI, 02920",https://www.ripcpc.com/about/ripc-population-management-public-reporting,Noah Benedict,nbenedict@ripcpc.com,(401) 654-4000,Noah Benedict,nbenedict@ripcpc.com,(401) 654-4000,Candace Bonnis,Thomas Warcup,1
A5561,RYAN S ALLEN DO LLC,RIPC Population Management LLC,"CT, MA, RI",2,01/01/2025,01/01/2025,1,1,E,0,0,1,0,0,0,0,0,1,0,"1150 New London Avenue, Ste. 20, Cranston, RI, 02920",https://www.ripcpc.com/about/ripc-population-management-public-reporting,Noah Benedict,nbenedict@ripcpc.com,(401) 654-4000,Noah Benedict,nbenedict@ripcpc.com,(401) 654-4000,Candace Bonnis,Thomas Warcup,1
A5561,SILVER SPRING HEALTH CARE MANAGEMENT INC,RIPC Population Management LLC,"CT, MA, RI",2,01/01/2025,01/01/2025,1,1,E,0,0,1,0,0,0,0,0,1,0,"1150 New London Avenue, Ste. 20, Cranston, RI, 02920",https://www.ripcpc.com/about/ripc-population-management-public-reporting,Noah Benedict,nbenedict@ripcpc.com,(401) 654-4000,Noah Benedict,nbenedict@ripcpc.com,(401) 654-4000,Candace Bonnis,Thomas Warcup,1
A5561,"SNOW FAMILY MEDICINE, LLC",RIPC Population Management LLC,"CT, MA, RI",2,01/01/2025,01/01/2025,1,1,E,0,0,1,0,0,0,0,0,1,0,"1150 New London Avenue, Ste. 20, Cranston, RI, 02920",https://www.ripcpc.com/about/ripc-population-management-public-reporting,Noah Benedict,nbenedict@ripcpc.com,(401) 654-4000,Noah Benedict,nbenedict@ripcpc.com,(401) 654-4000,Candace Bonnis,Thomas Warcup,1
A5561,"SOUTH COUNTY PRIMARY CARE, INC.",RIPC Population Management LLC,"CT, MA, RI",2,01/01/2025,01/01/2025,1,1,E,0,0,1,0,0,0,0,0,1,0,"1150 New London Avenue, Ste. 20, Cranston, RI, 02920",https://www.ripcpc.com/about/ripc-population-management-public-reporting,Noah Benedict,nbenedict@ripcpc.com,(401) 654-4000,Noah Benedict,nbenedict@ripcpc.com,(401) 654-4000,Candace Bonnis,Thomas Warcup,1
A5561,STUART V DEMIRS MD LLC,RIPC Population Management LLC,"CT, MA, RI",2,01/01/2025,01/01/2025,1,1,E,0,0,1,0,0,0,0,0,1,0,"1150 New London Avenue, Ste. 20, Cranston, RI, 02920",https://www.ripcpc.com/about/ripc-population-management-public-reporting,Noah Benedict,nbenedict@ripcpc.com,(401) 654-4000,Noah Benedict,nbenedict@ripcpc.com,(401) 654-4000,Candace Bonnis,Thomas Warcup,1
A5561,UNIVERSITY FAMILY MEDICINE INC,RIPC Population Management LLC,"CT, MA, RI",2,01/01/2025,01/01/2025,1,1,E,0,0,1,0,0,0,0,0,1,0,"1150 New London Avenue, Ste. 20, Cranston, RI, 02920",https://www.ripcpc.com/about/ripc-population-management-public-reporting,Noah Benedict,nbenedict@ripcpc.com,(401) 654-4000,Noah Benedict,nbenedict@ripcpc.com,(401) 654-4000,Candace Bonnis,Thomas Warcup,1
A5561,WELLNORTH MEDICAL LLC,RIPC Population Management LLC,"CT, MA, RI",2,01/01/2025,01/01/2025,1,1,E,0,0,1,0,0,0,0,0,1,0,"1150 New London Avenue, Ste. 20, Cranston, RI, 02920",https://www.ripcpc.com/about/ripc-population-management-public-reporting,Noah Benedict,nbenedict@ripcpc.com,(401) 654-4000,Noah Benedict,nbenedict@ripcpc.com,(401) 654-4000,Candace Bonnis,Thomas Warcup,1
A5561,WOOD RIVER HEALTH SERVICES INC,RIPC Population Management LLC,"CT, MA, RI",2,01/01/2025,01/01/2025,1,1,E,0,0,1,0,0,0,0,0,1,0,"1150 New London Avenue, Ste. 20, Cranston, RI, 02920",https://www.ripcpc.com/about/ripc-population-management-public-reporting,Noah Benedict,nbenedict@ripcpc.com,(401) 654-4000,Noah Benedict,nbenedict@ripcpc.com,(401) 654-4000,Candace Bonnis,Thomas Warcup,1
A5561,YOUR HEALTH,RIPC Population Management LLC,"CT, MA, RI",2,01/01/2025,01/01/2025,1,1,E,0,0,1,0,0,0,0,0,1,0,"1150 New London Avenue, Ste. 20, Cranston, RI, 02920",https://www.ripcpc.com/about/ripc-population-management-public-reporting,Noah Benedict,nbenedict@ripcpc.com,(401) 654-4000,Noah Benedict,nbenedict@ripcpc.com,(401) 654-4000,Candace Bonnis,Thomas Warcup,1
A5372,WARREN CLINIC INC,Saint Francis Accountable Health Alliance LLC,OK,2,01/01/2024,01/01/2025,0,0,,1,0,1,0,0,0,0,1,0,1,"6161 South Yale Avenue, Tulsa, OK, 74136",https://www.saintfrancis.com/patients-and-guests/medicare-aco,Scott Ptacnik,svptacnik@saintfrancis.com,(310) 590-8790,Scott Ptacnik,svptacnik@saintfrancis.com,(310) 590-8790,Cathy Johnson,Brent Dennis,1
